ISO-10303-21;
HEADER;
/* Generated by software containing ST-Developer
 * from STEP Tools, Inc. (www.steptools.com) 
 */

FILE_DESCRIPTION(
/* description */ (''),
/* implementation_level */ '2;1');

FILE_NAME(
/* name */ 'top.step',
/* time_stamp */ '2026-09-05T21:18:18-07:00',
/* author */ (''),
/* organization */ (''),
/* preprocessor_version */ 'ST-DEVELOPER v20.1',
/* originating_system */ 'Autodesk Translation Framework v15.8.0.0',
/* authorisation */ '');

FILE_SCHEMA (('AUTOMOTIVE_DESIGN { 1 0 10303 214 3 1 1 }'));
ENDSEC;

DATA;
#10=MECHANICAL_DESIGN_GEOMETRIC_PRESENTATION_REPRESENTATION('',(#13),#12524);
#11=SHAPE_REPRESENTATION_RELATIONSHIP('SRR','None',#12531,#12);
#12=ADVANCED_BREP_SHAPE_REPRESENTATION('',(#14),#12523);
#13=STYLED_ITEM('',(#12540),#14);
#14=MANIFOLD_SOLID_BREP('top',#7414);
#15=CYLINDRICAL_SURFACE('',#7447,1.2);
#16=CYLINDRICAL_SURFACE('',#7449,11.);
#17=CYLINDRICAL_SURFACE('',#7453,1.2);
#18=CYLINDRICAL_SURFACE('',#7455,1.2);
#19=CYLINDRICAL_SURFACE('',#7458,1.2);
#20=CYLINDRICAL_SURFACE('',#7461,1.2);
#21=CYLINDRICAL_SURFACE('',#7463,11.);
#22=CYLINDRICAL_SURFACE('',#7466,1.2);
#23=CYLINDRICAL_SURFACE('',#7468,11.);
#24=CYLINDRICAL_SURFACE('',#7471,1.2);
#25=CYLINDRICAL_SURFACE('',#7474,1.2);
#26=CYLINDRICAL_SURFACE('',#7644,2.2);
#27=CYLINDRICAL_SURFACE('',#7649,2.2);
#28=CYLINDRICAL_SURFACE('',#7654,2.2);
#29=CYLINDRICAL_SURFACE('',#7659,2.2);
#30=CYLINDRICAL_SURFACE('',#7664,1.2);
#31=CYLINDRICAL_SURFACE('',#7665,1.2);
#32=CYLINDRICAL_SURFACE('',#7666,1.2);
#33=CYLINDRICAL_SURFACE('',#7667,1.2);
#34=CYLINDRICAL_SURFACE('',#7668,1.2);
#35=CYLINDRICAL_SURFACE('',#7671,1.2);
#36=CYLINDRICAL_SURFACE('',#7674,1.2);
#37=CYLINDRICAL_SURFACE('',#7677,1.2);
#38=CYLINDRICAL_SURFACE('',#7680,1.2);
#39=CYLINDRICAL_SURFACE('',#7683,1.2);
#40=CYLINDRICAL_SURFACE('',#7686,1.2);
#41=CYLINDRICAL_SURFACE('',#7689,1.2);
#42=CYLINDRICAL_SURFACE('',#7692,1.2);
#43=CYLINDRICAL_SURFACE('',#7695,1.2);
#44=CYLINDRICAL_SURFACE('',#7698,1.2);
#45=CYLINDRICAL_SURFACE('',#7701,1.2);
#46=CYLINDRICAL_SURFACE('',#7704,1.2);
#47=CYLINDRICAL_SURFACE('',#7707,1.2);
#48=CYLINDRICAL_SURFACE('',#7710,1.2);
#49=CYLINDRICAL_SURFACE('',#7713,1.2);
#50=CYLINDRICAL_SURFACE('',#7716,1.2);
#51=CYLINDRICAL_SURFACE('',#7719,1.2);
#52=CYLINDRICAL_SURFACE('',#7722,1.2);
#53=CYLINDRICAL_SURFACE('',#7725,1.2);
#54=CYLINDRICAL_SURFACE('',#7728,1.2);
#55=CYLINDRICAL_SURFACE('',#7731,1.2);
#56=CYLINDRICAL_SURFACE('',#7734,1.2);
#57=CYLINDRICAL_SURFACE('',#7737,1.2);
#58=CYLINDRICAL_SURFACE('',#7740,1.2);
#59=CYLINDRICAL_SURFACE('',#7743,1.2);
#60=CYLINDRICAL_SURFACE('',#7746,1.2);
#61=CYLINDRICAL_SURFACE('',#7749,1.2);
#62=CYLINDRICAL_SURFACE('',#7752,1.2);
#63=CYLINDRICAL_SURFACE('',#7755,1.2);
#64=CYLINDRICAL_SURFACE('',#7758,1.2);
#65=CYLINDRICAL_SURFACE('',#7761,1.2);
#66=CYLINDRICAL_SURFACE('',#7764,1.2);
#67=CYLINDRICAL_SURFACE('',#7767,1.2);
#68=CYLINDRICAL_SURFACE('',#7770,1.2);
#69=CYLINDRICAL_SURFACE('',#7773,1.2);
#70=CYLINDRICAL_SURFACE('',#7776,1.2);
#71=CYLINDRICAL_SURFACE('',#7779,1.2);
#72=CYLINDRICAL_SURFACE('',#7782,1.2);
#73=CYLINDRICAL_SURFACE('',#7785,1.2);
#74=CYLINDRICAL_SURFACE('',#7788,1.2);
#75=CYLINDRICAL_SURFACE('',#7791,1.2);
#76=CYLINDRICAL_SURFACE('',#7793,1.2);
#77=CYLINDRICAL_SURFACE('',#7795,1.2);
#78=CYLINDRICAL_SURFACE('',#7797,1.2);
#79=CYLINDRICAL_SURFACE('',#7799,1.2);
#80=CYLINDRICAL_SURFACE('',#7801,1.2);
#81=CYLINDRICAL_SURFACE('',#7803,1.2);
#82=CYLINDRICAL_SURFACE('',#7806,1.2);
#83=CYLINDRICAL_SURFACE('',#7809,1.2);
#84=CYLINDRICAL_SURFACE('',#7811,1.2);
#85=CYLINDRICAL_SURFACE('',#7813,1.2);
#86=CYLINDRICAL_SURFACE('',#7815,1.2);
#87=CYLINDRICAL_SURFACE('',#7817,1.2);
#88=CYLINDRICAL_SURFACE('',#7819,1.2);
#89=CYLINDRICAL_SURFACE('',#7821,1.2);
#90=CYLINDRICAL_SURFACE('',#7823,1.2);
#91=CYLINDRICAL_SURFACE('',#7825,1.2);
#92=CYLINDRICAL_SURFACE('',#7827,1.2);
#93=CYLINDRICAL_SURFACE('',#7829,1.2);
#94=CYLINDRICAL_SURFACE('',#7831,1.2);
#95=CYLINDRICAL_SURFACE('',#7833,1.2);
#96=CYLINDRICAL_SURFACE('',#7835,1.2);
#97=CYLINDRICAL_SURFACE('',#7837,1.2);
#98=CYLINDRICAL_SURFACE('',#7839,1.2);
#99=CYLINDRICAL_SURFACE('',#7841,1.2);
#100=CYLINDRICAL_SURFACE('',#7843,1.2);
#101=CYLINDRICAL_SURFACE('',#7845,1.2);
#102=CYLINDRICAL_SURFACE('',#7847,1.2);
#103=CYLINDRICAL_SURFACE('',#7849,1.2);
#104=CYLINDRICAL_SURFACE('',#7852,1.2);
#105=CYLINDRICAL_SURFACE('',#7854,1.2);
#106=CYLINDRICAL_SURFACE('',#7857,1.2);
#107=CYLINDRICAL_SURFACE('',#7860,1.2);
#108=CYLINDRICAL_SURFACE('',#7863,1.2);
#109=CYLINDRICAL_SURFACE('',#7866,1.2);
#110=CYLINDRICAL_SURFACE('',#7869,1.2);
#111=CYLINDRICAL_SURFACE('',#7872,1.2);
#112=CYLINDRICAL_SURFACE('',#7875,1.2);
#113=CYLINDRICAL_SURFACE('',#7878,1.2);
#114=CYLINDRICAL_SURFACE('',#7881,1.2);
#115=CYLINDRICAL_SURFACE('',#7884,1.2);
#116=CYLINDRICAL_SURFACE('',#7887,1.2);
#117=CYLINDRICAL_SURFACE('',#7890,1.2);
#118=CYLINDRICAL_SURFACE('',#7893,1.2);
#119=CYLINDRICAL_SURFACE('',#7896,1.2);
#120=CYLINDRICAL_SURFACE('',#7899,1.2);
#121=CYLINDRICAL_SURFACE('',#7902,1.2);
#122=CYLINDRICAL_SURFACE('',#7905,1.2);
#123=CYLINDRICAL_SURFACE('',#7908,1.2);
#124=CYLINDRICAL_SURFACE('',#7911,1.2);
#125=CYLINDRICAL_SURFACE('',#7914,1.2);
#126=CYLINDRICAL_SURFACE('',#7917,1.2);
#127=CYLINDRICAL_SURFACE('',#7920,1.2);
#128=CYLINDRICAL_SURFACE('',#7923,1.2);
#129=CYLINDRICAL_SURFACE('',#7926,1.2);
#130=CYLINDRICAL_SURFACE('',#7929,1.2);
#131=CYLINDRICAL_SURFACE('',#7932,1.2);
#132=CYLINDRICAL_SURFACE('',#7935,1.2);
#133=CYLINDRICAL_SURFACE('',#7938,1.2);
#134=CYLINDRICAL_SURFACE('',#7941,1.2);
#135=CYLINDRICAL_SURFACE('',#7944,1.2);
#136=CYLINDRICAL_SURFACE('',#7947,1.2);
#137=CYLINDRICAL_SURFACE('',#7950,1.2);
#138=CYLINDRICAL_SURFACE('',#7953,1.2);
#139=CYLINDRICAL_SURFACE('',#7956,1.2);
#140=CYLINDRICAL_SURFACE('',#7959,1.2);
#141=CYLINDRICAL_SURFACE('',#7962,1.2);
#142=CYLINDRICAL_SURFACE('',#7965,1.2);
#143=CYLINDRICAL_SURFACE('',#7968,1.2);
#144=CYLINDRICAL_SURFACE('',#7971,1.2);
#145=CYLINDRICAL_SURFACE('',#7974,1.2);
#146=CYLINDRICAL_SURFACE('',#7977,1.2);
#147=CYLINDRICAL_SURFACE('',#7979,1.2);
#148=CYLINDRICAL_SURFACE('',#7981,1.2);
#149=CYLINDRICAL_SURFACE('',#7983,1.2);
#150=CYLINDRICAL_SURFACE('',#7985,1.2);
#151=CYLINDRICAL_SURFACE('',#7987,1.2);
#152=CYLINDRICAL_SURFACE('',#7989,1.2);
#153=CYLINDRICAL_SURFACE('',#7991,1.2);
#154=CYLINDRICAL_SURFACE('',#7993,1.2);
#155=CYLINDRICAL_SURFACE('',#7995,1.2);
#156=CYLINDRICAL_SURFACE('',#7997,1.2);
#157=CYLINDRICAL_SURFACE('',#8000,1.2);
#158=CYLINDRICAL_SURFACE('',#8003,1.2);
#159=CYLINDRICAL_SURFACE('',#8005,1.2);
#160=CYLINDRICAL_SURFACE('',#8007,1.2);
#161=CYLINDRICAL_SURFACE('',#8009,1.2);
#162=CYLINDRICAL_SURFACE('',#8011,1.2);
#163=CYLINDRICAL_SURFACE('',#8013,1.2);
#164=CYLINDRICAL_SURFACE('',#8015,1.2);
#165=CYLINDRICAL_SURFACE('',#8018,1.2);
#166=CYLINDRICAL_SURFACE('',#8020,1.2);
#167=CYLINDRICAL_SURFACE('',#8022,1.2);
#168=CYLINDRICAL_SURFACE('',#8024,1.2);
#169=CYLINDRICAL_SURFACE('',#8026,1.2);
#170=CYLINDRICAL_SURFACE('',#8028,1.2);
#171=CYLINDRICAL_SURFACE('',#8030,1.2);
#172=CYLINDRICAL_SURFACE('',#8032,1.2);
#173=CYLINDRICAL_SURFACE('',#8034,1.2);
#174=CYLINDRICAL_SURFACE('',#8036,1.2);
#175=CYLINDRICAL_SURFACE('',#8038,1.2);
#176=CYLINDRICAL_SURFACE('',#8040,1.2);
#177=CYLINDRICAL_SURFACE('',#8042,1.2);
#178=CYLINDRICAL_SURFACE('',#8044,1.2);
#179=CYLINDRICAL_SURFACE('',#8046,1.2);
#180=CYLINDRICAL_SURFACE('',#8048,1.2);
#181=CYLINDRICAL_SURFACE('',#8050,1.2);
#182=CYLINDRICAL_SURFACE('',#8052,1.2);
#183=CYLINDRICAL_SURFACE('',#8054,1.2);
#184=CYLINDRICAL_SURFACE('',#8056,1.2);
#185=CYLINDRICAL_SURFACE('',#8058,1.2);
#186=CYLINDRICAL_SURFACE('',#8060,1.2);
#187=CYLINDRICAL_SURFACE('',#8062,1.2);
#188=CYLINDRICAL_SURFACE('',#8064,1.2);
#189=CYLINDRICAL_SURFACE('',#8066,1.2);
#190=CYLINDRICAL_SURFACE('',#8068,1.2);
#191=CYLINDRICAL_SURFACE('',#8070,1.2);
#192=CYLINDRICAL_SURFACE('',#8072,1.2);
#193=CYLINDRICAL_SURFACE('',#8074,1.2);
#194=CYLINDRICAL_SURFACE('',#8076,1.2);
#195=CYLINDRICAL_SURFACE('',#8079,1.2);
#196=CYLINDRICAL_SURFACE('',#8081,1.2);
#197=CYLINDRICAL_SURFACE('',#8083,1.2);
#198=CYLINDRICAL_SURFACE('',#8089,11.);
#199=FACE_BOUND('',#660,.T.);
#200=FACE_BOUND('',#661,.T.);
#201=FACE_BOUND('',#663,.T.);
#202=FACE_BOUND('',#665,.T.);
#203=FACE_BOUND('',#682,.T.);
#204=FACE_BOUND('',#683,.T.);
#205=FACE_BOUND('',#684,.T.);
#206=FACE_BOUND('',#685,.T.);
#207=FACE_BOUND('',#686,.T.);
#208=FACE_BOUND('',#687,.T.);
#209=FACE_BOUND('',#688,.T.);
#210=FACE_BOUND('',#689,.T.);
#211=FACE_BOUND('',#690,.T.);
#212=FACE_BOUND('',#691,.T.);
#213=FACE_BOUND('',#692,.T.);
#214=FACE_BOUND('',#693,.T.);
#215=FACE_BOUND('',#694,.T.);
#216=FACE_BOUND('',#695,.T.);
#217=FACE_BOUND('',#696,.T.);
#218=FACE_BOUND('',#697,.T.);
#219=FACE_BOUND('',#698,.T.);
#220=FACE_BOUND('',#699,.T.);
#221=FACE_BOUND('',#700,.T.);
#222=FACE_BOUND('',#701,.T.);
#223=FACE_BOUND('',#702,.T.);
#224=FACE_BOUND('',#703,.T.);
#225=FACE_BOUND('',#704,.T.);
#226=FACE_BOUND('',#705,.T.);
#227=FACE_BOUND('',#706,.T.);
#228=FACE_BOUND('',#707,.T.);
#229=FACE_BOUND('',#708,.T.);
#230=FACE_BOUND('',#709,.T.);
#231=FACE_BOUND('',#710,.T.);
#232=FACE_BOUND('',#711,.T.);
#233=FACE_BOUND('',#712,.T.);
#234=FACE_BOUND('',#713,.T.);
#235=FACE_BOUND('',#714,.T.);
#236=FACE_BOUND('',#715,.T.);
#237=FACE_BOUND('',#716,.T.);
#238=FACE_BOUND('',#717,.T.);
#239=FACE_BOUND('',#718,.T.);
#240=FACE_BOUND('',#719,.T.);
#241=FACE_BOUND('',#720,.T.);
#242=FACE_BOUND('',#721,.T.);
#243=FACE_BOUND('',#722,.T.);
#244=FACE_BOUND('',#726,.T.);
#245=FACE_BOUND('',#729,.T.);
#246=FACE_BOUND('',#732,.T.);
#247=FACE_BOUND('',#735,.T.);
#248=FACE_BOUND('',#995,.T.);
#249=FACE_BOUND('',#996,.T.);
#250=FACE_BOUND('',#997,.T.);
#251=FACE_BOUND('',#998,.T.);
#252=FACE_BOUND('',#999,.T.);
#253=FACE_BOUND('',#1000,.T.);
#254=FACE_BOUND('',#1001,.T.);
#255=FACE_BOUND('',#1002,.T.);
#256=FACE_BOUND('',#1003,.T.);
#257=FACE_BOUND('',#1004,.T.);
#258=FACE_BOUND('',#1005,.T.);
#259=FACE_BOUND('',#1006,.T.);
#260=FACE_BOUND('',#1007,.T.);
#261=FACE_BOUND('',#1008,.T.);
#262=FACE_BOUND('',#1009,.T.);
#263=FACE_BOUND('',#1010,.T.);
#264=FACE_BOUND('',#1011,.T.);
#265=FACE_BOUND('',#1012,.T.);
#266=FACE_BOUND('',#1013,.T.);
#267=FACE_BOUND('',#1014,.T.);
#268=FACE_BOUND('',#1015,.T.);
#269=FACE_BOUND('',#1016,.T.);
#270=FACE_BOUND('',#1017,.T.);
#271=FACE_BOUND('',#1018,.T.);
#272=FACE_BOUND('',#1019,.T.);
#273=FACE_BOUND('',#1020,.T.);
#274=FACE_BOUND('',#1021,.T.);
#275=FACE_BOUND('',#1022,.T.);
#276=FACE_BOUND('',#1023,.T.);
#277=FACE_BOUND('',#1024,.T.);
#278=FACE_BOUND('',#1025,.T.);
#279=FACE_BOUND('',#1026,.T.);
#280=FACE_BOUND('',#1027,.T.);
#281=FACE_BOUND('',#1028,.T.);
#282=FACE_BOUND('',#1029,.T.);
#283=FACE_BOUND('',#1030,.T.);
#284=FACE_BOUND('',#1031,.T.);
#285=FACE_BOUND('',#1032,.T.);
#286=FACE_BOUND('',#1033,.T.);
#287=FACE_BOUND('',#1034,.T.);
#288=FACE_BOUND('',#1035,.T.);
#289=FACE_BOUND('',#1036,.T.);
#290=FACE_BOUND('',#1037,.T.);
#291=FACE_BOUND('',#1038,.T.);
#292=FACE_BOUND('',#1039,.T.);
#293=FACE_OUTER_BOUND('',#659,.T.);
#294=FACE_OUTER_BOUND('',#662,.T.);
#295=FACE_OUTER_BOUND('',#664,.T.);
#296=FACE_OUTER_BOUND('',#666,.T.);
#297=FACE_OUTER_BOUND('',#667,.T.);
#298=FACE_OUTER_BOUND('',#668,.T.);
#299=FACE_OUTER_BOUND('',#669,.T.);
#300=FACE_OUTER_BOUND('',#670,.T.);
#301=FACE_OUTER_BOUND('',#671,.T.);
#302=FACE_OUTER_BOUND('',#672,.T.);
#303=FACE_OUTER_BOUND('',#673,.T.);
#304=FACE_OUTER_BOUND('',#674,.T.);
#305=FACE_OUTER_BOUND('',#675,.T.);
#306=FACE_OUTER_BOUND('',#676,.T.);
#307=FACE_OUTER_BOUND('',#677,.T.);
#308=FACE_OUTER_BOUND('',#678,.T.);
#309=FACE_OUTER_BOUND('',#679,.T.);
#310=FACE_OUTER_BOUND('',#680,.T.);
#311=FACE_OUTER_BOUND('',#681,.T.);
#312=FACE_OUTER_BOUND('',#723,.T.);
#313=FACE_OUTER_BOUND('',#724,.T.);
#314=FACE_OUTER_BOUND('',#725,.T.);
#315=FACE_OUTER_BOUND('',#727,.T.);
#316=FACE_OUTER_BOUND('',#728,.T.);
#317=FACE_OUTER_BOUND('',#730,.T.);
#318=FACE_OUTER_BOUND('',#731,.T.);
#319=FACE_OUTER_BOUND('',#733,.T.);
#320=FACE_OUTER_BOUND('',#734,.T.);
#321=FACE_OUTER_BOUND('',#736,.T.);
#322=FACE_OUTER_BOUND('',#737,.T.);
#323=FACE_OUTER_BOUND('',#738,.T.);
#324=FACE_OUTER_BOUND('',#739,.T.);
#325=FACE_OUTER_BOUND('',#740,.T.);
#326=FACE_OUTER_BOUND('',#741,.T.);
#327=FACE_OUTER_BOUND('',#742,.T.);
#328=FACE_OUTER_BOUND('',#743,.T.);
#329=FACE_OUTER_BOUND('',#744,.T.);
#330=FACE_OUTER_BOUND('',#745,.T.);
#331=FACE_OUTER_BOUND('',#746,.T.);
#332=FACE_OUTER_BOUND('',#747,.T.);
#333=FACE_OUTER_BOUND('',#748,.T.);
#334=FACE_OUTER_BOUND('',#749,.T.);
#335=FACE_OUTER_BOUND('',#750,.T.);
#336=FACE_OUTER_BOUND('',#751,.T.);
#337=FACE_OUTER_BOUND('',#752,.T.);
#338=FACE_OUTER_BOUND('',#753,.T.);
#339=FACE_OUTER_BOUND('',#754,.T.);
#340=FACE_OUTER_BOUND('',#755,.T.);
#341=FACE_OUTER_BOUND('',#756,.T.);
#342=FACE_OUTER_BOUND('',#757,.T.);
#343=FACE_OUTER_BOUND('',#758,.T.);
#344=FACE_OUTER_BOUND('',#759,.T.);
#345=FACE_OUTER_BOUND('',#760,.T.);
#346=FACE_OUTER_BOUND('',#761,.T.);
#347=FACE_OUTER_BOUND('',#762,.T.);
#348=FACE_OUTER_BOUND('',#763,.T.);
#349=FACE_OUTER_BOUND('',#764,.T.);
#350=FACE_OUTER_BOUND('',#765,.T.);
#351=FACE_OUTER_BOUND('',#766,.T.);
#352=FACE_OUTER_BOUND('',#767,.T.);
#353=FACE_OUTER_BOUND('',#768,.T.);
#354=FACE_OUTER_BOUND('',#769,.T.);
#355=FACE_OUTER_BOUND('',#770,.T.);
#356=FACE_OUTER_BOUND('',#771,.T.);
#357=FACE_OUTER_BOUND('',#772,.T.);
#358=FACE_OUTER_BOUND('',#773,.T.);
#359=FACE_OUTER_BOUND('',#774,.T.);
#360=FACE_OUTER_BOUND('',#775,.T.);
#361=FACE_OUTER_BOUND('',#776,.T.);
#362=FACE_OUTER_BOUND('',#777,.T.);
#363=FACE_OUTER_BOUND('',#778,.T.);
#364=FACE_OUTER_BOUND('',#779,.T.);
#365=FACE_OUTER_BOUND('',#780,.T.);
#366=FACE_OUTER_BOUND('',#781,.T.);
#367=FACE_OUTER_BOUND('',#782,.T.);
#368=FACE_OUTER_BOUND('',#783,.T.);
#369=FACE_OUTER_BOUND('',#784,.T.);
#370=FACE_OUTER_BOUND('',#785,.T.);
#371=FACE_OUTER_BOUND('',#786,.T.);
#372=FACE_OUTER_BOUND('',#787,.T.);
#373=FACE_OUTER_BOUND('',#788,.T.);
#374=FACE_OUTER_BOUND('',#789,.T.);
#375=FACE_OUTER_BOUND('',#790,.T.);
#376=FACE_OUTER_BOUND('',#791,.T.);
#377=FACE_OUTER_BOUND('',#792,.T.);
#378=FACE_OUTER_BOUND('',#793,.T.);
#379=FACE_OUTER_BOUND('',#794,.T.);
#380=FACE_OUTER_BOUND('',#795,.T.);
#381=FACE_OUTER_BOUND('',#796,.T.);
#382=FACE_OUTER_BOUND('',#797,.T.);
#383=FACE_OUTER_BOUND('',#798,.T.);
#384=FACE_OUTER_BOUND('',#799,.T.);
#385=FACE_OUTER_BOUND('',#800,.T.);
#386=FACE_OUTER_BOUND('',#801,.T.);
#387=FACE_OUTER_BOUND('',#802,.T.);
#388=FACE_OUTER_BOUND('',#803,.T.);
#389=FACE_OUTER_BOUND('',#804,.T.);
#390=FACE_OUTER_BOUND('',#805,.T.);
#391=FACE_OUTER_BOUND('',#806,.T.);
#392=FACE_OUTER_BOUND('',#807,.T.);
#393=FACE_OUTER_BOUND('',#808,.T.);
#394=FACE_OUTER_BOUND('',#809,.T.);
#395=FACE_OUTER_BOUND('',#810,.T.);
#396=FACE_OUTER_BOUND('',#811,.T.);
#397=FACE_OUTER_BOUND('',#812,.T.);
#398=FACE_OUTER_BOUND('',#813,.T.);
#399=FACE_OUTER_BOUND('',#814,.T.);
#400=FACE_OUTER_BOUND('',#815,.T.);
#401=FACE_OUTER_BOUND('',#816,.T.);
#402=FACE_OUTER_BOUND('',#817,.T.);
#403=FACE_OUTER_BOUND('',#818,.T.);
#404=FACE_OUTER_BOUND('',#819,.T.);
#405=FACE_OUTER_BOUND('',#820,.T.);
#406=FACE_OUTER_BOUND('',#821,.T.);
#407=FACE_OUTER_BOUND('',#822,.T.);
#408=FACE_OUTER_BOUND('',#823,.T.);
#409=FACE_OUTER_BOUND('',#824,.T.);
#410=FACE_OUTER_BOUND('',#825,.T.);
#411=FACE_OUTER_BOUND('',#826,.T.);
#412=FACE_OUTER_BOUND('',#827,.T.);
#413=FACE_OUTER_BOUND('',#828,.T.);
#414=FACE_OUTER_BOUND('',#829,.T.);
#415=FACE_OUTER_BOUND('',#830,.T.);
#416=FACE_OUTER_BOUND('',#831,.T.);
#417=FACE_OUTER_BOUND('',#832,.T.);
#418=FACE_OUTER_BOUND('',#833,.T.);
#419=FACE_OUTER_BOUND('',#834,.T.);
#420=FACE_OUTER_BOUND('',#835,.T.);
#421=FACE_OUTER_BOUND('',#836,.T.);
#422=FACE_OUTER_BOUND('',#837,.T.);
#423=FACE_OUTER_BOUND('',#838,.T.);
#424=FACE_OUTER_BOUND('',#839,.T.);
#425=FACE_OUTER_BOUND('',#840,.T.);
#426=FACE_OUTER_BOUND('',#841,.T.);
#427=FACE_OUTER_BOUND('',#842,.T.);
#428=FACE_OUTER_BOUND('',#843,.T.);
#429=FACE_OUTER_BOUND('',#844,.T.);
#430=FACE_OUTER_BOUND('',#845,.T.);
#431=FACE_OUTER_BOUND('',#846,.T.);
#432=FACE_OUTER_BOUND('',#847,.T.);
#433=FACE_OUTER_BOUND('',#848,.T.);
#434=FACE_OUTER_BOUND('',#849,.T.);
#435=FACE_OUTER_BOUND('',#850,.T.);
#436=FACE_OUTER_BOUND('',#851,.T.);
#437=FACE_OUTER_BOUND('',#852,.T.);
#438=FACE_OUTER_BOUND('',#853,.T.);
#439=FACE_OUTER_BOUND('',#854,.T.);
#440=FACE_OUTER_BOUND('',#855,.T.);
#441=FACE_OUTER_BOUND('',#856,.T.);
#442=FACE_OUTER_BOUND('',#857,.T.);
#443=FACE_OUTER_BOUND('',#858,.T.);
#444=FACE_OUTER_BOUND('',#859,.T.);
#445=FACE_OUTER_BOUND('',#860,.T.);
#446=FACE_OUTER_BOUND('',#861,.T.);
#447=FACE_OUTER_BOUND('',#862,.T.);
#448=FACE_OUTER_BOUND('',#863,.T.);
#449=FACE_OUTER_BOUND('',#864,.T.);
#450=FACE_OUTER_BOUND('',#865,.T.);
#451=FACE_OUTER_BOUND('',#866,.T.);
#452=FACE_OUTER_BOUND('',#867,.T.);
#453=FACE_OUTER_BOUND('',#868,.T.);
#454=FACE_OUTER_BOUND('',#869,.T.);
#455=FACE_OUTER_BOUND('',#870,.T.);
#456=FACE_OUTER_BOUND('',#871,.T.);
#457=FACE_OUTER_BOUND('',#872,.T.);
#458=FACE_OUTER_BOUND('',#873,.T.);
#459=FACE_OUTER_BOUND('',#874,.T.);
#460=FACE_OUTER_BOUND('',#875,.T.);
#461=FACE_OUTER_BOUND('',#876,.T.);
#462=FACE_OUTER_BOUND('',#877,.T.);
#463=FACE_OUTER_BOUND('',#878,.T.);
#464=FACE_OUTER_BOUND('',#879,.T.);
#465=FACE_OUTER_BOUND('',#880,.T.);
#466=FACE_OUTER_BOUND('',#881,.T.);
#467=FACE_OUTER_BOUND('',#882,.T.);
#468=FACE_OUTER_BOUND('',#883,.T.);
#469=FACE_OUTER_BOUND('',#884,.T.);
#470=FACE_OUTER_BOUND('',#885,.T.);
#471=FACE_OUTER_BOUND('',#886,.T.);
#472=FACE_OUTER_BOUND('',#887,.T.);
#473=FACE_OUTER_BOUND('',#888,.T.);
#474=FACE_OUTER_BOUND('',#889,.T.);
#475=FACE_OUTER_BOUND('',#890,.T.);
#476=FACE_OUTER_BOUND('',#891,.T.);
#477=FACE_OUTER_BOUND('',#892,.T.);
#478=FACE_OUTER_BOUND('',#893,.T.);
#479=FACE_OUTER_BOUND('',#894,.T.);
#480=FACE_OUTER_BOUND('',#895,.T.);
#481=FACE_OUTER_BOUND('',#896,.T.);
#482=FACE_OUTER_BOUND('',#897,.T.);
#483=FACE_OUTER_BOUND('',#898,.T.);
#484=FACE_OUTER_BOUND('',#899,.T.);
#485=FACE_OUTER_BOUND('',#900,.T.);
#486=FACE_OUTER_BOUND('',#901,.T.);
#487=FACE_OUTER_BOUND('',#902,.T.);
#488=FACE_OUTER_BOUND('',#903,.T.);
#489=FACE_OUTER_BOUND('',#904,.T.);
#490=FACE_OUTER_BOUND('',#905,.T.);
#491=FACE_OUTER_BOUND('',#906,.T.);
#492=FACE_OUTER_BOUND('',#907,.T.);
#493=FACE_OUTER_BOUND('',#908,.T.);
#494=FACE_OUTER_BOUND('',#909,.T.);
#495=FACE_OUTER_BOUND('',#910,.T.);
#496=FACE_OUTER_BOUND('',#911,.T.);
#497=FACE_OUTER_BOUND('',#912,.T.);
#498=FACE_OUTER_BOUND('',#913,.T.);
#499=FACE_OUTER_BOUND('',#914,.T.);
#500=FACE_OUTER_BOUND('',#915,.T.);
#501=FACE_OUTER_BOUND('',#916,.T.);
#502=FACE_OUTER_BOUND('',#917,.T.);
#503=FACE_OUTER_BOUND('',#918,.T.);
#504=FACE_OUTER_BOUND('',#919,.T.);
#505=FACE_OUTER_BOUND('',#920,.T.);
#506=FACE_OUTER_BOUND('',#921,.T.);
#507=FACE_OUTER_BOUND('',#922,.T.);
#508=FACE_OUTER_BOUND('',#923,.T.);
#509=FACE_OUTER_BOUND('',#924,.T.);
#510=FACE_OUTER_BOUND('',#925,.T.);
#511=FACE_OUTER_BOUND('',#926,.T.);
#512=FACE_OUTER_BOUND('',#927,.T.);
#513=FACE_OUTER_BOUND('',#928,.T.);
#514=FACE_OUTER_BOUND('',#929,.T.);
#515=FACE_OUTER_BOUND('',#930,.T.);
#516=FACE_OUTER_BOUND('',#931,.T.);
#517=FACE_OUTER_BOUND('',#932,.T.);
#518=FACE_OUTER_BOUND('',#933,.T.);
#519=FACE_OUTER_BOUND('',#934,.T.);
#520=FACE_OUTER_BOUND('',#935,.T.);
#521=FACE_OUTER_BOUND('',#936,.T.);
#522=FACE_OUTER_BOUND('',#937,.T.);
#523=FACE_OUTER_BOUND('',#938,.T.);
#524=FACE_OUTER_BOUND('',#939,.T.);
#525=FACE_OUTER_BOUND('',#940,.T.);
#526=FACE_OUTER_BOUND('',#941,.T.);
#527=FACE_OUTER_BOUND('',#942,.T.);
#528=FACE_OUTER_BOUND('',#943,.T.);
#529=FACE_OUTER_BOUND('',#944,.T.);
#530=FACE_OUTER_BOUND('',#945,.T.);
#531=FACE_OUTER_BOUND('',#946,.T.);
#532=FACE_OUTER_BOUND('',#947,.T.);
#533=FACE_OUTER_BOUND('',#948,.T.);
#534=FACE_OUTER_BOUND('',#949,.T.);
#535=FACE_OUTER_BOUND('',#950,.T.);
#536=FACE_OUTER_BOUND('',#951,.T.);
#537=FACE_OUTER_BOUND('',#952,.T.);
#538=FACE_OUTER_BOUND('',#953,.T.);
#539=FACE_OUTER_BOUND('',#954,.T.);
#540=FACE_OUTER_BOUND('',#955,.T.);
#541=FACE_OUTER_BOUND('',#956,.T.);
#542=FACE_OUTER_BOUND('',#957,.T.);
#543=FACE_OUTER_BOUND('',#958,.T.);
#544=FACE_OUTER_BOUND('',#959,.T.);
#545=FACE_OUTER_BOUND('',#960,.T.);
#546=FACE_OUTER_BOUND('',#961,.T.);
#547=FACE_OUTER_BOUND('',#962,.T.);
#548=FACE_OUTER_BOUND('',#963,.T.);
#549=FACE_OUTER_BOUND('',#964,.T.);
#550=FACE_OUTER_BOUND('',#965,.T.);
#551=FACE_OUTER_BOUND('',#966,.T.);
#552=FACE_OUTER_BOUND('',#967,.T.);
#553=FACE_OUTER_BOUND('',#968,.T.);
#554=FACE_OUTER_BOUND('',#969,.T.);
#555=FACE_OUTER_BOUND('',#970,.T.);
#556=FACE_OUTER_BOUND('',#971,.T.);
#557=FACE_OUTER_BOUND('',#972,.T.);
#558=FACE_OUTER_BOUND('',#973,.T.);
#559=FACE_OUTER_BOUND('',#974,.T.);
#560=FACE_OUTER_BOUND('',#975,.T.);
#561=FACE_OUTER_BOUND('',#976,.T.);
#562=FACE_OUTER_BOUND('',#977,.T.);
#563=FACE_OUTER_BOUND('',#978,.T.);
#564=FACE_OUTER_BOUND('',#979,.T.);
#565=FACE_OUTER_BOUND('',#980,.T.);
#566=FACE_OUTER_BOUND('',#981,.T.);
#567=FACE_OUTER_BOUND('',#982,.T.);
#568=FACE_OUTER_BOUND('',#983,.T.);
#569=FACE_OUTER_BOUND('',#984,.T.);
#570=FACE_OUTER_BOUND('',#985,.T.);
#571=FACE_OUTER_BOUND('',#986,.T.);
#572=FACE_OUTER_BOUND('',#987,.T.);
#573=FACE_OUTER_BOUND('',#988,.T.);
#574=FACE_OUTER_BOUND('',#989,.T.);
#575=FACE_OUTER_BOUND('',#990,.T.);
#576=FACE_OUTER_BOUND('',#991,.T.);
#577=FACE_OUTER_BOUND('',#992,.T.);
#578=FACE_OUTER_BOUND('',#993,.T.);
#579=FACE_OUTER_BOUND('',#994,.T.);
#580=FACE_OUTER_BOUND('',#1040,.T.);
#581=FACE_OUTER_BOUND('',#1041,.T.);
#582=FACE_OUTER_BOUND('',#1042,.T.);
#583=FACE_OUTER_BOUND('',#1043,.T.);
#584=FACE_OUTER_BOUND('',#1044,.T.);
#585=FACE_OUTER_BOUND('',#1045,.T.);
#586=FACE_OUTER_BOUND('',#1046,.T.);
#587=FACE_OUTER_BOUND('',#1047,.T.);
#588=FACE_OUTER_BOUND('',#1048,.T.);
#589=FACE_OUTER_BOUND('',#1049,.T.);
#590=FACE_OUTER_BOUND('',#1050,.T.);
#591=FACE_OUTER_BOUND('',#1051,.T.);
#592=FACE_OUTER_BOUND('',#1052,.T.);
#593=FACE_OUTER_BOUND('',#1053,.T.);
#594=FACE_OUTER_BOUND('',#1054,.T.);
#595=FACE_OUTER_BOUND('',#1055,.T.);
#596=FACE_OUTER_BOUND('',#1056,.T.);
#597=FACE_OUTER_BOUND('',#1057,.T.);
#598=FACE_OUTER_BOUND('',#1058,.T.);
#599=FACE_OUTER_BOUND('',#1059,.T.);
#600=FACE_OUTER_BOUND('',#1060,.T.);
#601=FACE_OUTER_BOUND('',#1061,.T.);
#602=FACE_OUTER_BOUND('',#1062,.T.);
#603=FACE_OUTER_BOUND('',#1063,.T.);
#604=FACE_OUTER_BOUND('',#1064,.T.);
#605=FACE_OUTER_BOUND('',#1065,.T.);
#606=FACE_OUTER_BOUND('',#1066,.T.);
#607=FACE_OUTER_BOUND('',#1067,.T.);
#608=FACE_OUTER_BOUND('',#1068,.T.);
#609=FACE_OUTER_BOUND('',#1069,.T.);
#610=FACE_OUTER_BOUND('',#1070,.T.);
#611=FACE_OUTER_BOUND('',#1071,.T.);
#612=FACE_OUTER_BOUND('',#1072,.T.);
#613=FACE_OUTER_BOUND('',#1073,.T.);
#614=FACE_OUTER_BOUND('',#1074,.T.);
#615=FACE_OUTER_BOUND('',#1075,.T.);
#616=FACE_OUTER_BOUND('',#1076,.T.);
#617=FACE_OUTER_BOUND('',#1077,.T.);
#618=FACE_OUTER_BOUND('',#1078,.T.);
#619=FACE_OUTER_BOUND('',#1079,.T.);
#620=FACE_OUTER_BOUND('',#1080,.T.);
#621=FACE_OUTER_BOUND('',#1081,.T.);
#622=FACE_OUTER_BOUND('',#1082,.T.);
#623=FACE_OUTER_BOUND('',#1083,.T.);
#624=FACE_OUTER_BOUND('',#1084,.T.);
#625=FACE_OUTER_BOUND('',#1085,.T.);
#626=FACE_OUTER_BOUND('',#1086,.T.);
#627=FACE_OUTER_BOUND('',#1087,.T.);
#628=FACE_OUTER_BOUND('',#1088,.T.);
#629=FACE_OUTER_BOUND('',#1089,.T.);
#630=FACE_OUTER_BOUND('',#1090,.T.);
#631=FACE_OUTER_BOUND('',#1091,.T.);
#632=FACE_OUTER_BOUND('',#1092,.T.);
#633=FACE_OUTER_BOUND('',#1093,.T.);
#634=FACE_OUTER_BOUND('',#1094,.T.);
#635=FACE_OUTER_BOUND('',#1095,.T.);
#636=FACE_OUTER_BOUND('',#1096,.T.);
#637=FACE_OUTER_BOUND('',#1097,.T.);
#638=FACE_OUTER_BOUND('',#1098,.T.);
#639=FACE_OUTER_BOUND('',#1099,.T.);
#640=FACE_OUTER_BOUND('',#1100,.T.);
#641=FACE_OUTER_BOUND('',#1101,.T.);
#642=FACE_OUTER_BOUND('',#1102,.T.);
#643=FACE_OUTER_BOUND('',#1103,.T.);
#644=FACE_OUTER_BOUND('',#1104,.T.);
#645=FACE_OUTER_BOUND('',#1105,.T.);
#646=FACE_OUTER_BOUND('',#1106,.T.);
#647=FACE_OUTER_BOUND('',#1107,.T.);
#648=FACE_OUTER_BOUND('',#1108,.T.);
#649=FACE_OUTER_BOUND('',#1109,.T.);
#650=FACE_OUTER_BOUND('',#1110,.T.);
#651=FACE_OUTER_BOUND('',#1111,.T.);
#652=FACE_OUTER_BOUND('',#1112,.T.);
#653=FACE_OUTER_BOUND('',#1113,.T.);
#654=FACE_OUTER_BOUND('',#1114,.T.);
#655=FACE_OUTER_BOUND('',#1115,.T.);
#656=FACE_OUTER_BOUND('',#1116,.T.);
#657=FACE_OUTER_BOUND('',#1117,.T.);
#658=FACE_OUTER_BOUND('',#1118,.T.);
#659=EDGE_LOOP('',(#4706,#4707,#4708,#4709,#4710,#4711));
#660=EDGE_LOOP('',(#4712));
#661=EDGE_LOOP('',(#4713));
#662=EDGE_LOOP('',(#4714,#4715,#4716,#4717,#4718,#4719,#4720));
#663=EDGE_LOOP('',(#4721));
#664=EDGE_LOOP('',(#4722,#4723,#4724,#4725,#4726,#4727));
#665=EDGE_LOOP('',(#4728));
#666=EDGE_LOOP('',(#4729,#4730,#4731,#4732));
#667=EDGE_LOOP('',(#4733,#4734,#4735,#4736,#4737,#4738,#4739,#4740));
#668=EDGE_LOOP('',(#4741,#4742,#4743,#4744));
#669=EDGE_LOOP('',(#4745,#4746,#4747,#4748));
#670=EDGE_LOOP('',(#4749,#4750,#4751,#4752));
#671=EDGE_LOOP('',(#4753,#4754,#4755,#4756));
#672=EDGE_LOOP('',(#4757,#4758,#4759,#4760));
#673=EDGE_LOOP('',(#4761,#4762,#4763,#4764));
#674=EDGE_LOOP('',(#4765,#4766,#4767,#4768,#4769,#4770));
#675=EDGE_LOOP('',(#4771,#4772,#4773,#4774));
#676=EDGE_LOOP('',(#4775,#4776,#4777,#4778,#4779,#4780));
#677=EDGE_LOOP('',(#4781,#4782,#4783,#4784));
#678=EDGE_LOOP('',(#4785,#4786,#4787,#4788));
#679=EDGE_LOOP('',(#4789,#4790,#4791,#4792));
#680=EDGE_LOOP('',(#4793,#4794,#4795,#4796));
#681=EDGE_LOOP('',(#4797,#4798,#4799,#4800,#4801,#4802,#4803,#4804,#4805,
#4806,#4807,#4808,#4809,#4810,#4811,#4812,#4813,#4814,#4815,#4816,#4817));
#682=EDGE_LOOP('',(#4818,#4819,#4820,#4821,#4822,#4823,#4824,#4825));
#683=EDGE_LOOP('',(#4826,#4827,#4828,#4829,#4830,#4831,#4832,#4833));
#684=EDGE_LOOP('',(#4834,#4835,#4836,#4837,#4838,#4839,#4840,#4841));
#685=EDGE_LOOP('',(#4842,#4843,#4844,#4845,#4846,#4847,#4848,#4849));
#686=EDGE_LOOP('',(#4850,#4851,#4852,#4853,#4854,#4855,#4856,#4857));
#687=EDGE_LOOP('',(#4858,#4859,#4860,#4861,#4862,#4863,#4864,#4865));
#688=EDGE_LOOP('',(#4866,#4867,#4868,#4869,#4870,#4871,#4872,#4873));
#689=EDGE_LOOP('',(#4874,#4875,#4876,#4877,#4878,#4879,#4880,#4881));
#690=EDGE_LOOP('',(#4882,#4883,#4884,#4885,#4886,#4887,#4888,#4889));
#691=EDGE_LOOP('',(#4890,#4891,#4892,#4893,#4894,#4895,#4896,#4897));
#692=EDGE_LOOP('',(#4898,#4899,#4900,#4901,#4902,#4903,#4904,#4905));
#693=EDGE_LOOP('',(#4906,#4907,#4908,#4909,#4910,#4911,#4912,#4913));
#694=EDGE_LOOP('',(#4914,#4915,#4916,#4917,#4918,#4919,#4920,#4921));
#695=EDGE_LOOP('',(#4922,#4923,#4924,#4925,#4926,#4927,#4928,#4929));
#696=EDGE_LOOP('',(#4930,#4931,#4932,#4933,#4934,#4935,#4936,#4937));
#697=EDGE_LOOP('',(#4938,#4939,#4940,#4941,#4942,#4943,#4944,#4945));
#698=EDGE_LOOP('',(#4946,#4947,#4948,#4949,#4950,#4951,#4952,#4953));
#699=EDGE_LOOP('',(#4954,#4955,#4956,#4957,#4958,#4959,#4960,#4961));
#700=EDGE_LOOP('',(#4962,#4963,#4964,#4965,#4966,#4967,#4968,#4969));
#701=EDGE_LOOP('',(#4970,#4971,#4972,#4973,#4974,#4975,#4976,#4977));
#702=EDGE_LOOP('',(#4978,#4979,#4980,#4981,#4982,#4983,#4984,#4985));
#703=EDGE_LOOP('',(#4986,#4987,#4988,#4989,#4990,#4991,#4992,#4993));
#704=EDGE_LOOP('',(#4994,#4995,#4996,#4997,#4998,#4999,#5000,#5001));
#705=EDGE_LOOP('',(#5002,#5003,#5004,#5005,#5006,#5007,#5008,#5009));
#706=EDGE_LOOP('',(#5010,#5011,#5012,#5013,#5014,#5015,#5016,#5017));
#707=EDGE_LOOP('',(#5018,#5019,#5020,#5021,#5022,#5023,#5024,#5025));
#708=EDGE_LOOP('',(#5026,#5027,#5028,#5029,#5030,#5031,#5032,#5033));
#709=EDGE_LOOP('',(#5034,#5035,#5036,#5037,#5038,#5039,#5040,#5041));
#710=EDGE_LOOP('',(#5042,#5043,#5044,#5045,#5046,#5047,#5048,#5049));
#711=EDGE_LOOP('',(#5050,#5051,#5052,#5053,#5054,#5055,#5056,#5057));
#712=EDGE_LOOP('',(#5058,#5059,#5060,#5061,#5062,#5063,#5064,#5065));
#713=EDGE_LOOP('',(#5066,#5067,#5068,#5069,#5070,#5071,#5072,#5073));
#714=EDGE_LOOP('',(#5074,#5075,#5076,#5077,#5078,#5079,#5080,#5081));
#715=EDGE_LOOP('',(#5082,#5083,#5084,#5085,#5086,#5087,#5088,#5089));
#716=EDGE_LOOP('',(#5090,#5091,#5092,#5093,#5094,#5095,#5096,#5097));
#717=EDGE_LOOP('',(#5098,#5099,#5100,#5101,#5102,#5103,#5104,#5105));
#718=EDGE_LOOP('',(#5106,#5107,#5108,#5109,#5110,#5111,#5112,#5113));
#719=EDGE_LOOP('',(#5114,#5115,#5116,#5117,#5118,#5119,#5120,#5121));
#720=EDGE_LOOP('',(#5122,#5123,#5124,#5125,#5126,#5127,#5128,#5129));
#721=EDGE_LOOP('',(#5130,#5131,#5132,#5133,#5134,#5135,#5136,#5137));
#722=EDGE_LOOP('',(#5138,#5139,#5140,#5141,#5142,#5143,#5144,#5145));
#723=EDGE_LOOP('',(#5146,#5147,#5148,#5149));
#724=EDGE_LOOP('',(#5150,#5151,#5152,#5153));
#725=EDGE_LOOP('',(#5154));
#726=EDGE_LOOP('',(#5155));
#727=EDGE_LOOP('',(#5156,#5157,#5158,#5159));
#728=EDGE_LOOP('',(#5160));
#729=EDGE_LOOP('',(#5161));
#730=EDGE_LOOP('',(#5162,#5163,#5164,#5165));
#731=EDGE_LOOP('',(#5166));
#732=EDGE_LOOP('',(#5167));
#733=EDGE_LOOP('',(#5168,#5169,#5170,#5171));
#734=EDGE_LOOP('',(#5172));
#735=EDGE_LOOP('',(#5173));
#736=EDGE_LOOP('',(#5174,#5175,#5176,#5177));
#737=EDGE_LOOP('',(#5178,#5179,#5180,#5181));
#738=EDGE_LOOP('',(#5182,#5183,#5184,#5185));
#739=EDGE_LOOP('',(#5186,#5187,#5188,#5189));
#740=EDGE_LOOP('',(#5190,#5191,#5192,#5193));
#741=EDGE_LOOP('',(#5194,#5195,#5196,#5197));
#742=EDGE_LOOP('',(#5198,#5199,#5200,#5201));
#743=EDGE_LOOP('',(#5202,#5203,#5204,#5205));
#744=EDGE_LOOP('',(#5206,#5207,#5208,#5209));
#745=EDGE_LOOP('',(#5210,#5211,#5212,#5213));
#746=EDGE_LOOP('',(#5214,#5215,#5216,#5217));
#747=EDGE_LOOP('',(#5218,#5219,#5220,#5221));
#748=EDGE_LOOP('',(#5222,#5223,#5224,#5225));
#749=EDGE_LOOP('',(#5226,#5227,#5228,#5229));
#750=EDGE_LOOP('',(#5230,#5231,#5232,#5233));
#751=EDGE_LOOP('',(#5234,#5235,#5236,#5237));
#752=EDGE_LOOP('',(#5238,#5239,#5240,#5241));
#753=EDGE_LOOP('',(#5242,#5243,#5244,#5245));
#754=EDGE_LOOP('',(#5246,#5247,#5248,#5249));
#755=EDGE_LOOP('',(#5250,#5251,#5252,#5253));
#756=EDGE_LOOP('',(#5254,#5255,#5256,#5257));
#757=EDGE_LOOP('',(#5258,#5259,#5260,#5261));
#758=EDGE_LOOP('',(#5262,#5263,#5264,#5265));
#759=EDGE_LOOP('',(#5266,#5267,#5268,#5269));
#760=EDGE_LOOP('',(#5270,#5271,#5272,#5273));
#761=EDGE_LOOP('',(#5274,#5275,#5276,#5277));
#762=EDGE_LOOP('',(#5278,#5279,#5280,#5281));
#763=EDGE_LOOP('',(#5282,#5283,#5284,#5285));
#764=EDGE_LOOP('',(#5286,#5287,#5288,#5289));
#765=EDGE_LOOP('',(#5290,#5291,#5292,#5293));
#766=EDGE_LOOP('',(#5294,#5295,#5296,#5297));
#767=EDGE_LOOP('',(#5298,#5299,#5300,#5301));
#768=EDGE_LOOP('',(#5302,#5303,#5304,#5305));
#769=EDGE_LOOP('',(#5306,#5307,#5308,#5309));
#770=EDGE_LOOP('',(#5310,#5311,#5312,#5313));
#771=EDGE_LOOP('',(#5314,#5315,#5316,#5317));
#772=EDGE_LOOP('',(#5318,#5319,#5320,#5321));
#773=EDGE_LOOP('',(#5322,#5323,#5324,#5325));
#774=EDGE_LOOP('',(#5326,#5327,#5328,#5329));
#775=EDGE_LOOP('',(#5330,#5331,#5332,#5333));
#776=EDGE_LOOP('',(#5334,#5335,#5336,#5337));
#777=EDGE_LOOP('',(#5338,#5339,#5340,#5341));
#778=EDGE_LOOP('',(#5342,#5343,#5344,#5345));
#779=EDGE_LOOP('',(#5346,#5347,#5348,#5349));
#780=EDGE_LOOP('',(#5350,#5351,#5352,#5353));
#781=EDGE_LOOP('',(#5354,#5355,#5356,#5357));
#782=EDGE_LOOP('',(#5358,#5359,#5360,#5361));
#783=EDGE_LOOP('',(#5362,#5363,#5364,#5365));
#784=EDGE_LOOP('',(#5366,#5367,#5368,#5369));
#785=EDGE_LOOP('',(#5370,#5371,#5372,#5373));
#786=EDGE_LOOP('',(#5374,#5375,#5376,#5377));
#787=EDGE_LOOP('',(#5378,#5379,#5380,#5381));
#788=EDGE_LOOP('',(#5382,#5383,#5384,#5385));
#789=EDGE_LOOP('',(#5386,#5387,#5388,#5389));
#790=EDGE_LOOP('',(#5390,#5391,#5392,#5393));
#791=EDGE_LOOP('',(#5394,#5395,#5396,#5397));
#792=EDGE_LOOP('',(#5398,#5399,#5400,#5401));
#793=EDGE_LOOP('',(#5402,#5403,#5404,#5405));
#794=EDGE_LOOP('',(#5406,#5407,#5408,#5409));
#795=EDGE_LOOP('',(#5410,#5411,#5412,#5413));
#796=EDGE_LOOP('',(#5414,#5415,#5416,#5417));
#797=EDGE_LOOP('',(#5418,#5419,#5420,#5421));
#798=EDGE_LOOP('',(#5422,#5423,#5424,#5425));
#799=EDGE_LOOP('',(#5426,#5427,#5428,#5429));
#800=EDGE_LOOP('',(#5430,#5431,#5432,#5433));
#801=EDGE_LOOP('',(#5434,#5435,#5436,#5437));
#802=EDGE_LOOP('',(#5438,#5439,#5440,#5441));
#803=EDGE_LOOP('',(#5442,#5443,#5444,#5445));
#804=EDGE_LOOP('',(#5446,#5447,#5448,#5449));
#805=EDGE_LOOP('',(#5450,#5451,#5452,#5453));
#806=EDGE_LOOP('',(#5454,#5455,#5456,#5457));
#807=EDGE_LOOP('',(#5458,#5459,#5460,#5461));
#808=EDGE_LOOP('',(#5462,#5463,#5464,#5465));
#809=EDGE_LOOP('',(#5466,#5467,#5468,#5469));
#810=EDGE_LOOP('',(#5470,#5471,#5472,#5473));
#811=EDGE_LOOP('',(#5474,#5475,#5476,#5477));
#812=EDGE_LOOP('',(#5478,#5479,#5480,#5481));
#813=EDGE_LOOP('',(#5482,#5483,#5484,#5485));
#814=EDGE_LOOP('',(#5486,#5487,#5488,#5489));
#815=EDGE_LOOP('',(#5490,#5491,#5492,#5493));
#816=EDGE_LOOP('',(#5494,#5495,#5496,#5497));
#817=EDGE_LOOP('',(#5498,#5499,#5500,#5501));
#818=EDGE_LOOP('',(#5502,#5503,#5504,#5505));
#819=EDGE_LOOP('',(#5506,#5507,#5508,#5509));
#820=EDGE_LOOP('',(#5510,#5511,#5512,#5513));
#821=EDGE_LOOP('',(#5514,#5515,#5516,#5517));
#822=EDGE_LOOP('',(#5518,#5519,#5520,#5521));
#823=EDGE_LOOP('',(#5522,#5523,#5524,#5525));
#824=EDGE_LOOP('',(#5526,#5527,#5528,#5529));
#825=EDGE_LOOP('',(#5530,#5531,#5532,#5533));
#826=EDGE_LOOP('',(#5534,#5535,#5536,#5537));
#827=EDGE_LOOP('',(#5538,#5539,#5540,#5541));
#828=EDGE_LOOP('',(#5542,#5543,#5544,#5545));
#829=EDGE_LOOP('',(#5546,#5547,#5548,#5549));
#830=EDGE_LOOP('',(#5550,#5551,#5552,#5553));
#831=EDGE_LOOP('',(#5554,#5555,#5556,#5557));
#832=EDGE_LOOP('',(#5558,#5559,#5560,#5561));
#833=EDGE_LOOP('',(#5562,#5563,#5564,#5565));
#834=EDGE_LOOP('',(#5566,#5567,#5568,#5569));
#835=EDGE_LOOP('',(#5570,#5571,#5572,#5573));
#836=EDGE_LOOP('',(#5574,#5575,#5576,#5577));
#837=EDGE_LOOP('',(#5578,#5579,#5580,#5581));
#838=EDGE_LOOP('',(#5582,#5583,#5584,#5585));
#839=EDGE_LOOP('',(#5586,#5587,#5588,#5589));
#840=EDGE_LOOP('',(#5590,#5591,#5592,#5593));
#841=EDGE_LOOP('',(#5594,#5595,#5596,#5597));
#842=EDGE_LOOP('',(#5598,#5599,#5600,#5601));
#843=EDGE_LOOP('',(#5602,#5603,#5604,#5605));
#844=EDGE_LOOP('',(#5606,#5607,#5608,#5609));
#845=EDGE_LOOP('',(#5610,#5611,#5612,#5613));
#846=EDGE_LOOP('',(#5614,#5615,#5616,#5617));
#847=EDGE_LOOP('',(#5618,#5619,#5620,#5621));
#848=EDGE_LOOP('',(#5622,#5623,#5624,#5625));
#849=EDGE_LOOP('',(#5626,#5627,#5628,#5629));
#850=EDGE_LOOP('',(#5630,#5631,#5632,#5633));
#851=EDGE_LOOP('',(#5634,#5635,#5636,#5637));
#852=EDGE_LOOP('',(#5638,#5639,#5640,#5641));
#853=EDGE_LOOP('',(#5642,#5643,#5644,#5645));
#854=EDGE_LOOP('',(#5646,#5647,#5648,#5649));
#855=EDGE_LOOP('',(#5650,#5651,#5652,#5653));
#856=EDGE_LOOP('',(#5654,#5655,#5656,#5657));
#857=EDGE_LOOP('',(#5658,#5659,#5660,#5661));
#858=EDGE_LOOP('',(#5662,#5663,#5664,#5665));
#859=EDGE_LOOP('',(#5666,#5667,#5668,#5669));
#860=EDGE_LOOP('',(#5670,#5671,#5672,#5673));
#861=EDGE_LOOP('',(#5674,#5675,#5676,#5677));
#862=EDGE_LOOP('',(#5678,#5679,#5680,#5681));
#863=EDGE_LOOP('',(#5682,#5683,#5684,#5685));
#864=EDGE_LOOP('',(#5686,#5687,#5688,#5689));
#865=EDGE_LOOP('',(#5690,#5691,#5692,#5693));
#866=EDGE_LOOP('',(#5694,#5695,#5696,#5697));
#867=EDGE_LOOP('',(#5698,#5699,#5700,#5701));
#868=EDGE_LOOP('',(#5702,#5703,#5704,#5705));
#869=EDGE_LOOP('',(#5706,#5707,#5708,#5709));
#870=EDGE_LOOP('',(#5710,#5711,#5712,#5713));
#871=EDGE_LOOP('',(#5714,#5715,#5716,#5717));
#872=EDGE_LOOP('',(#5718,#5719,#5720,#5721));
#873=EDGE_LOOP('',(#5722,#5723,#5724,#5725));
#874=EDGE_LOOP('',(#5726,#5727,#5728,#5729));
#875=EDGE_LOOP('',(#5730,#5731,#5732,#5733));
#876=EDGE_LOOP('',(#5734,#5735,#5736,#5737));
#877=EDGE_LOOP('',(#5738,#5739,#5740,#5741));
#878=EDGE_LOOP('',(#5742,#5743,#5744,#5745));
#879=EDGE_LOOP('',(#5746,#5747,#5748,#5749));
#880=EDGE_LOOP('',(#5750,#5751,#5752,#5753));
#881=EDGE_LOOP('',(#5754,#5755,#5756,#5757));
#882=EDGE_LOOP('',(#5758,#5759,#5760,#5761));
#883=EDGE_LOOP('',(#5762,#5763,#5764,#5765));
#884=EDGE_LOOP('',(#5766,#5767,#5768,#5769));
#885=EDGE_LOOP('',(#5770,#5771,#5772,#5773));
#886=EDGE_LOOP('',(#5774,#5775,#5776,#5777));
#887=EDGE_LOOP('',(#5778,#5779,#5780,#5781));
#888=EDGE_LOOP('',(#5782,#5783,#5784,#5785));
#889=EDGE_LOOP('',(#5786,#5787,#5788,#5789));
#890=EDGE_LOOP('',(#5790,#5791,#5792,#5793));
#891=EDGE_LOOP('',(#5794,#5795,#5796,#5797));
#892=EDGE_LOOP('',(#5798,#5799,#5800,#5801));
#893=EDGE_LOOP('',(#5802,#5803,#5804,#5805));
#894=EDGE_LOOP('',(#5806,#5807,#5808,#5809));
#895=EDGE_LOOP('',(#5810,#5811,#5812,#5813));
#896=EDGE_LOOP('',(#5814,#5815,#5816,#5817));
#897=EDGE_LOOP('',(#5818,#5819,#5820,#5821));
#898=EDGE_LOOP('',(#5822,#5823,#5824,#5825));
#899=EDGE_LOOP('',(#5826,#5827,#5828,#5829));
#900=EDGE_LOOP('',(#5830,#5831,#5832,#5833));
#901=EDGE_LOOP('',(#5834,#5835,#5836,#5837));
#902=EDGE_LOOP('',(#5838,#5839,#5840,#5841));
#903=EDGE_LOOP('',(#5842,#5843,#5844,#5845));
#904=EDGE_LOOP('',(#5846,#5847,#5848,#5849));
#905=EDGE_LOOP('',(#5850,#5851,#5852,#5853));
#906=EDGE_LOOP('',(#5854,#5855,#5856,#5857));
#907=EDGE_LOOP('',(#5858,#5859,#5860,#5861));
#908=EDGE_LOOP('',(#5862,#5863,#5864,#5865));
#909=EDGE_LOOP('',(#5866,#5867,#5868,#5869));
#910=EDGE_LOOP('',(#5870,#5871,#5872,#5873));
#911=EDGE_LOOP('',(#5874,#5875,#5876,#5877));
#912=EDGE_LOOP('',(#5878,#5879,#5880,#5881));
#913=EDGE_LOOP('',(#5882,#5883,#5884,#5885));
#914=EDGE_LOOP('',(#5886,#5887,#5888,#5889));
#915=EDGE_LOOP('',(#5890,#5891,#5892,#5893));
#916=EDGE_LOOP('',(#5894,#5895,#5896,#5897));
#917=EDGE_LOOP('',(#5898,#5899,#5900,#5901));
#918=EDGE_LOOP('',(#5902,#5903,#5904,#5905));
#919=EDGE_LOOP('',(#5906,#5907,#5908,#5909));
#920=EDGE_LOOP('',(#5910,#5911,#5912,#5913));
#921=EDGE_LOOP('',(#5914,#5915,#5916,#5917));
#922=EDGE_LOOP('',(#5918,#5919,#5920,#5921));
#923=EDGE_LOOP('',(#5922,#5923,#5924,#5925));
#924=EDGE_LOOP('',(#5926,#5927,#5928,#5929));
#925=EDGE_LOOP('',(#5930,#5931,#5932,#5933));
#926=EDGE_LOOP('',(#5934,#5935,#5936,#5937));
#927=EDGE_LOOP('',(#5938,#5939,#5940,#5941));
#928=EDGE_LOOP('',(#5942,#5943,#5944,#5945));
#929=EDGE_LOOP('',(#5946,#5947,#5948,#5949));
#930=EDGE_LOOP('',(#5950,#5951,#5952,#5953));
#931=EDGE_LOOP('',(#5954,#5955,#5956,#5957));
#932=EDGE_LOOP('',(#5958,#5959,#5960,#5961));
#933=EDGE_LOOP('',(#5962,#5963,#5964,#5965));
#934=EDGE_LOOP('',(#5966,#5967,#5968,#5969));
#935=EDGE_LOOP('',(#5970,#5971,#5972,#5973));
#936=EDGE_LOOP('',(#5974,#5975,#5976,#5977));
#937=EDGE_LOOP('',(#5978,#5979,#5980,#5981));
#938=EDGE_LOOP('',(#5982,#5983,#5984,#5985));
#939=EDGE_LOOP('',(#5986,#5987,#5988,#5989));
#940=EDGE_LOOP('',(#5990,#5991,#5992,#5993));
#941=EDGE_LOOP('',(#5994,#5995,#5996,#5997));
#942=EDGE_LOOP('',(#5998,#5999,#6000,#6001));
#943=EDGE_LOOP('',(#6002,#6003,#6004,#6005));
#944=EDGE_LOOP('',(#6006,#6007,#6008,#6009));
#945=EDGE_LOOP('',(#6010,#6011,#6012,#6013));
#946=EDGE_LOOP('',(#6014,#6015,#6016,#6017));
#947=EDGE_LOOP('',(#6018,#6019,#6020,#6021));
#948=EDGE_LOOP('',(#6022,#6023,#6024,#6025));
#949=EDGE_LOOP('',(#6026,#6027,#6028,#6029));
#950=EDGE_LOOP('',(#6030,#6031,#6032,#6033));
#951=EDGE_LOOP('',(#6034,#6035,#6036,#6037));
#952=EDGE_LOOP('',(#6038,#6039,#6040,#6041));
#953=EDGE_LOOP('',(#6042,#6043,#6044,#6045));
#954=EDGE_LOOP('',(#6046,#6047,#6048,#6049));
#955=EDGE_LOOP('',(#6050,#6051,#6052,#6053));
#956=EDGE_LOOP('',(#6054,#6055,#6056,#6057));
#957=EDGE_LOOP('',(#6058,#6059,#6060,#6061));
#958=EDGE_LOOP('',(#6062,#6063,#6064,#6065));
#959=EDGE_LOOP('',(#6066,#6067,#6068,#6069));
#960=EDGE_LOOP('',(#6070,#6071,#6072,#6073));
#961=EDGE_LOOP('',(#6074,#6075,#6076,#6077));
#962=EDGE_LOOP('',(#6078,#6079,#6080,#6081));
#963=EDGE_LOOP('',(#6082,#6083,#6084,#6085));
#964=EDGE_LOOP('',(#6086,#6087,#6088,#6089));
#965=EDGE_LOOP('',(#6090,#6091,#6092,#6093));
#966=EDGE_LOOP('',(#6094,#6095,#6096,#6097));
#967=EDGE_LOOP('',(#6098,#6099,#6100,#6101));
#968=EDGE_LOOP('',(#6102,#6103,#6104,#6105));
#969=EDGE_LOOP('',(#6106,#6107,#6108,#6109));
#970=EDGE_LOOP('',(#6110,#6111,#6112,#6113));
#971=EDGE_LOOP('',(#6114,#6115,#6116,#6117));
#972=EDGE_LOOP('',(#6118,#6119,#6120,#6121));
#973=EDGE_LOOP('',(#6122,#6123,#6124,#6125));
#974=EDGE_LOOP('',(#6126,#6127,#6128,#6129));
#975=EDGE_LOOP('',(#6130,#6131,#6132,#6133));
#976=EDGE_LOOP('',(#6134,#6135,#6136,#6137));
#977=EDGE_LOOP('',(#6138,#6139,#6140,#6141));
#978=EDGE_LOOP('',(#6142,#6143,#6144,#6145));
#979=EDGE_LOOP('',(#6146,#6147,#6148,#6149));
#980=EDGE_LOOP('',(#6150,#6151,#6152,#6153));
#981=EDGE_LOOP('',(#6154,#6155,#6156,#6157));
#982=EDGE_LOOP('',(#6158,#6159,#6160,#6161));
#983=EDGE_LOOP('',(#6162,#6163,#6164,#6165));
#984=EDGE_LOOP('',(#6166,#6167,#6168,#6169));
#985=EDGE_LOOP('',(#6170,#6171,#6172,#6173));
#986=EDGE_LOOP('',(#6174,#6175,#6176,#6177));
#987=EDGE_LOOP('',(#6178,#6179,#6180,#6181));
#988=EDGE_LOOP('',(#6182,#6183,#6184,#6185));
#989=EDGE_LOOP('',(#6186,#6187,#6188,#6189));
#990=EDGE_LOOP('',(#6190,#6191,#6192,#6193));
#991=EDGE_LOOP('',(#6194,#6195,#6196,#6197));
#992=EDGE_LOOP('',(#6198,#6199,#6200,#6201));
#993=EDGE_LOOP('',(#6202,#6203,#6204,#6205));
#994=EDGE_LOOP('',(#6206,#6207,#6208,#6209,#6210,#6211,#6212,#6213));
#995=EDGE_LOOP('',(#6214));
#996=EDGE_LOOP('',(#6215));
#997=EDGE_LOOP('',(#6216));
#998=EDGE_LOOP('',(#6217));
#999=EDGE_LOOP('',(#6218,#6219,#6220,#6221,#6222,#6223,#6224,#6225));
#1000=EDGE_LOOP('',(#6226,#6227,#6228,#6229,#6230,#6231,#6232,#6233));
#1001=EDGE_LOOP('',(#6234,#6235,#6236,#6237,#6238,#6239,#6240,#6241));
#1002=EDGE_LOOP('',(#6242,#6243,#6244,#6245,#6246,#6247,#6248,#6249));
#1003=EDGE_LOOP('',(#6250,#6251,#6252,#6253,#6254,#6255,#6256,#6257));
#1004=EDGE_LOOP('',(#6258,#6259,#6260,#6261,#6262,#6263,#6264,#6265));
#1005=EDGE_LOOP('',(#6266,#6267,#6268,#6269,#6270,#6271,#6272,#6273));
#1006=EDGE_LOOP('',(#6274,#6275,#6276,#6277,#6278,#6279,#6280,#6281));
#1007=EDGE_LOOP('',(#6282,#6283,#6284,#6285,#6286,#6287,#6288,#6289));
#1008=EDGE_LOOP('',(#6290,#6291,#6292,#6293,#6294,#6295,#6296,#6297));
#1009=EDGE_LOOP('',(#6298,#6299,#6300,#6301,#6302,#6303,#6304,#6305));
#1010=EDGE_LOOP('',(#6306,#6307,#6308,#6309,#6310,#6311,#6312,#6313));
#1011=EDGE_LOOP('',(#6314,#6315,#6316,#6317,#6318,#6319,#6320,#6321));
#1012=EDGE_LOOP('',(#6322,#6323,#6324,#6325,#6326,#6327,#6328,#6329));
#1013=EDGE_LOOP('',(#6330,#6331,#6332,#6333,#6334,#6335,#6336,#6337));
#1014=EDGE_LOOP('',(#6338,#6339,#6340,#6341,#6342,#6343,#6344,#6345));
#1015=EDGE_LOOP('',(#6346,#6347,#6348,#6349,#6350,#6351,#6352,#6353));
#1016=EDGE_LOOP('',(#6354,#6355,#6356,#6357,#6358,#6359,#6360,#6361));
#1017=EDGE_LOOP('',(#6362,#6363,#6364,#6365,#6366,#6367,#6368,#6369));
#1018=EDGE_LOOP('',(#6370,#6371,#6372,#6373,#6374,#6375,#6376,#6377));
#1019=EDGE_LOOP('',(#6378,#6379,#6380,#6381,#6382,#6383,#6384,#6385));
#1020=EDGE_LOOP('',(#6386,#6387,#6388,#6389,#6390,#6391,#6392,#6393));
#1021=EDGE_LOOP('',(#6394,#6395,#6396,#6397,#6398,#6399,#6400,#6401));
#1022=EDGE_LOOP('',(#6402,#6403,#6404,#6405,#6406,#6407,#6408,#6409));
#1023=EDGE_LOOP('',(#6410,#6411,#6412,#6413,#6414,#6415,#6416,#6417));
#1024=EDGE_LOOP('',(#6418,#6419,#6420,#6421,#6422,#6423,#6424,#6425));
#1025=EDGE_LOOP('',(#6426,#6427,#6428,#6429,#6430,#6431,#6432,#6433));
#1026=EDGE_LOOP('',(#6434,#6435,#6436,#6437,#6438,#6439,#6440,#6441));
#1027=EDGE_LOOP('',(#6442,#6443,#6444,#6445,#6446,#6447,#6448,#6449));
#1028=EDGE_LOOP('',(#6450,#6451,#6452,#6453,#6454,#6455,#6456,#6457));
#1029=EDGE_LOOP('',(#6458,#6459,#6460,#6461,#6462,#6463,#6464,#6465));
#1030=EDGE_LOOP('',(#6466,#6467,#6468,#6469,#6470,#6471,#6472,#6473));
#1031=EDGE_LOOP('',(#6474,#6475,#6476,#6477,#6478,#6479,#6480,#6481));
#1032=EDGE_LOOP('',(#6482,#6483,#6484,#6485,#6486,#6487,#6488,#6489));
#1033=EDGE_LOOP('',(#6490,#6491,#6492,#6493,#6494,#6495,#6496,#6497));
#1034=EDGE_LOOP('',(#6498,#6499,#6500,#6501,#6502,#6503,#6504,#6505));
#1035=EDGE_LOOP('',(#6506,#6507,#6508,#6509,#6510,#6511,#6512,#6513));
#1036=EDGE_LOOP('',(#6514,#6515,#6516,#6517,#6518,#6519,#6520,#6521));
#1037=EDGE_LOOP('',(#6522,#6523,#6524,#6525,#6526,#6527,#6528,#6529));
#1038=EDGE_LOOP('',(#6530,#6531,#6532,#6533,#6534,#6535,#6536,#6537));
#1039=EDGE_LOOP('',(#6538,#6539,#6540,#6541,#6542,#6543,#6544,#6545));
#1040=EDGE_LOOP('',(#6546,#6547,#6548,#6549,#6550,#6551));
#1041=EDGE_LOOP('',(#6552,#6553,#6554,#6555,#6556,#6557));
#1042=EDGE_LOOP('',(#6558,#6559,#6560,#6561));
#1043=EDGE_LOOP('',(#6562,#6563,#6564,#6565));
#1044=EDGE_LOOP('',(#6566,#6567,#6568,#6569));
#1045=EDGE_LOOP('',(#6570,#6571,#6572,#6573));
#1046=EDGE_LOOP('',(#6574,#6575,#6576,#6577));
#1047=EDGE_LOOP('',(#6578,#6579,#6580,#6581));
#1048=EDGE_LOOP('',(#6582,#6583,#6584,#6585));
#1049=EDGE_LOOP('',(#6586,#6587,#6588,#6589));
#1050=EDGE_LOOP('',(#6590,#6591,#6592,#6593));
#1051=EDGE_LOOP('',(#6594,#6595,#6596,#6597));
#1052=EDGE_LOOP('',(#6598,#6599,#6600,#6601));
#1053=EDGE_LOOP('',(#6602,#6603,#6604,#6605));
#1054=EDGE_LOOP('',(#6606,#6607,#6608,#6609));
#1055=EDGE_LOOP('',(#6610,#6611,#6612,#6613));
#1056=EDGE_LOOP('',(#6614,#6615,#6616,#6617));
#1057=EDGE_LOOP('',(#6618,#6619,#6620,#6621));
#1058=EDGE_LOOP('',(#6622,#6623,#6624,#6625));
#1059=EDGE_LOOP('',(#6626,#6627,#6628,#6629));
#1060=EDGE_LOOP('',(#6630,#6631,#6632,#6633));
#1061=EDGE_LOOP('',(#6634,#6635,#6636,#6637));
#1062=EDGE_LOOP('',(#6638,#6639,#6640,#6641));
#1063=EDGE_LOOP('',(#6642,#6643,#6644,#6645));
#1064=EDGE_LOOP('',(#6646,#6647,#6648,#6649));
#1065=EDGE_LOOP('',(#6650,#6651,#6652,#6653));
#1066=EDGE_LOOP('',(#6654,#6655,#6656,#6657));
#1067=EDGE_LOOP('',(#6658,#6659,#6660,#6661));
#1068=EDGE_LOOP('',(#6662,#6663,#6664,#6665));
#1069=EDGE_LOOP('',(#6666,#6667,#6668,#6669));
#1070=EDGE_LOOP('',(#6670,#6671,#6672,#6673));
#1071=EDGE_LOOP('',(#6674,#6675,#6676,#6677));
#1072=EDGE_LOOP('',(#6678,#6679,#6680,#6681));
#1073=EDGE_LOOP('',(#6682,#6683,#6684,#6685));
#1074=EDGE_LOOP('',(#6686,#6687,#6688,#6689));
#1075=EDGE_LOOP('',(#6690,#6691,#6692,#6693));
#1076=EDGE_LOOP('',(#6694,#6695,#6696,#6697));
#1077=EDGE_LOOP('',(#6698,#6699,#6700,#6701));
#1078=EDGE_LOOP('',(#6702,#6703,#6704,#6705));
#1079=EDGE_LOOP('',(#6706,#6707,#6708,#6709));
#1080=EDGE_LOOP('',(#6710,#6711,#6712,#6713));
#1081=EDGE_LOOP('',(#6714,#6715,#6716,#6717));
#1082=EDGE_LOOP('',(#6718,#6719,#6720,#6721));
#1083=EDGE_LOOP('',(#6722,#6723,#6724,#6725));
#1084=EDGE_LOOP('',(#6726,#6727,#6728,#6729));
#1085=EDGE_LOOP('',(#6730,#6731,#6732,#6733));
#1086=EDGE_LOOP('',(#6734,#6735,#6736,#6737));
#1087=EDGE_LOOP('',(#6738,#6739,#6740,#6741));
#1088=EDGE_LOOP('',(#6742,#6743,#6744,#6745));
#1089=EDGE_LOOP('',(#6746,#6747,#6748,#6749));
#1090=EDGE_LOOP('',(#6750,#6751,#6752,#6753));
#1091=EDGE_LOOP('',(#6754,#6755,#6756,#6757));
#1092=EDGE_LOOP('',(#6758,#6759,#6760,#6761));
#1093=EDGE_LOOP('',(#6762,#6763,#6764,#6765));
#1094=EDGE_LOOP('',(#6766,#6767,#6768,#6769));
#1095=EDGE_LOOP('',(#6770,#6771,#6772,#6773));
#1096=EDGE_LOOP('',(#6774,#6775,#6776,#6777));
#1097=EDGE_LOOP('',(#6778,#6779,#6780,#6781));
#1098=EDGE_LOOP('',(#6782,#6783,#6784,#6785));
#1099=EDGE_LOOP('',(#6786,#6787,#6788,#6789));
#1100=EDGE_LOOP('',(#6790,#6791,#6792,#6793));
#1101=EDGE_LOOP('',(#6794,#6795,#6796,#6797));
#1102=EDGE_LOOP('',(#6798,#6799,#6800,#6801));
#1103=EDGE_LOOP('',(#6802,#6803,#6804,#6805));
#1104=EDGE_LOOP('',(#6806,#6807,#6808,#6809));
#1105=EDGE_LOOP('',(#6810,#6811,#6812,#6813));
#1106=EDGE_LOOP('',(#6814,#6815,#6816,#6817));
#1107=EDGE_LOOP('',(#6818,#6819,#6820,#6821));
#1108=EDGE_LOOP('',(#6822,#6823,#6824,#6825));
#1109=EDGE_LOOP('',(#6826,#6827,#6828,#6829));
#1110=EDGE_LOOP('',(#6830,#6831,#6832,#6833));
#1111=EDGE_LOOP('',(#6834,#6835,#6836,#6837));
#1112=EDGE_LOOP('',(#6838,#6839,#6840,#6841));
#1113=EDGE_LOOP('',(#6842,#6843,#6844,#6845));
#1114=EDGE_LOOP('',(#6846,#6847,#6848,#6849));
#1115=EDGE_LOOP('',(#6850,#6851,#6852,#6853));
#1116=EDGE_LOOP('',(#6854,#6855,#6856,#6857));
#1117=EDGE_LOOP('',(#6858,#6859,#6860,#6861));
#1118=EDGE_LOOP('',(#6862,#6863,#6864,#6865));
#1119=LINE('',#10360,#1826);
#1120=LINE('',#10366,#1827);
#1121=LINE('',#10377,#1828);
#1122=LINE('',#10381,#1829);
#1123=LINE('',#10385,#1830);
#1124=LINE('',#10398,#1831);
#1125=LINE('',#10401,#1832);
#1126=LINE('',#10406,#1833);
#1127=LINE('',#10409,#1834);
#1128=LINE('',#10414,#1835);
#1129=LINE('',#10418,#1836);
#1130=LINE('',#10421,#1837);
#1131=LINE('',#10425,#1838);
#1132=LINE('',#10428,#1839);
#1133=LINE('',#10431,#1840);
#1134=LINE('',#10433,#1841);
#1135=LINE('',#10436,#1842);
#1136=LINE('',#10439,#1843);
#1137=LINE('',#10442,#1844);
#1138=LINE('',#10443,#1845);
#1139=LINE('',#10447,#1846);
#1140=LINE('',#10452,#1847);
#1141=LINE('',#10455,#1848);
#1142=LINE('',#10458,#1849);
#1143=LINE('',#10461,#1850);
#1144=LINE('',#10466,#1851);
#1145=LINE('',#10469,#1852);
#1146=LINE('',#10472,#1853);
#1147=LINE('',#10475,#1854);
#1148=LINE('',#10478,#1855);
#1149=LINE('',#10479,#1856);
#1150=LINE('',#10482,#1857);
#1151=LINE('',#10485,#1858);
#1152=LINE('',#10487,#1859);
#1153=LINE('',#10488,#1860);
#1154=LINE('',#10489,#1861);
#1155=LINE('',#10492,#1862);
#1156=LINE('',#10495,#1863);
#1157=LINE('',#10499,#1864);
#1158=LINE('',#10503,#1865);
#1159=LINE('',#10507,#1866);
#1160=LINE('',#10511,#1867);
#1161=LINE('',#10515,#1868);
#1162=LINE('',#10519,#1869);
#1163=LINE('',#10523,#1870);
#1164=LINE('',#10527,#1871);
#1165=LINE('',#10531,#1872);
#1166=LINE('',#10535,#1873);
#1167=LINE('',#10539,#1874);
#1168=LINE('',#10543,#1875);
#1169=LINE('',#10547,#1876);
#1170=LINE('',#10551,#1877);
#1171=LINE('',#10555,#1878);
#1172=LINE('',#10559,#1879);
#1173=LINE('',#10563,#1880);
#1174=LINE('',#10567,#1881);
#1175=LINE('',#10571,#1882);
#1176=LINE('',#10575,#1883);
#1177=LINE('',#10579,#1884);
#1178=LINE('',#10583,#1885);
#1179=LINE('',#10587,#1886);
#1180=LINE('',#10591,#1887);
#1181=LINE('',#10595,#1888);
#1182=LINE('',#10599,#1889);
#1183=LINE('',#10603,#1890);
#1184=LINE('',#10607,#1891);
#1185=LINE('',#10611,#1892);
#1186=LINE('',#10615,#1893);
#1187=LINE('',#10619,#1894);
#1188=LINE('',#10623,#1895);
#1189=LINE('',#10627,#1896);
#1190=LINE('',#10631,#1897);
#1191=LINE('',#10635,#1898);
#1192=LINE('',#10639,#1899);
#1193=LINE('',#10643,#1900);
#1194=LINE('',#10647,#1901);
#1195=LINE('',#10651,#1902);
#1196=LINE('',#10655,#1903);
#1197=LINE('',#10659,#1904);
#1198=LINE('',#10663,#1905);
#1199=LINE('',#10667,#1906);
#1200=LINE('',#10671,#1907);
#1201=LINE('',#10675,#1908);
#1202=LINE('',#10679,#1909);
#1203=LINE('',#10683,#1910);
#1204=LINE('',#10687,#1911);
#1205=LINE('',#10691,#1912);
#1206=LINE('',#10695,#1913);
#1207=LINE('',#10699,#1914);
#1208=LINE('',#10703,#1915);
#1209=LINE('',#10707,#1916);
#1210=LINE('',#10711,#1917);
#1211=LINE('',#10715,#1918);
#1212=LINE('',#10719,#1919);
#1213=LINE('',#10723,#1920);
#1214=LINE('',#10727,#1921);
#1215=LINE('',#10731,#1922);
#1216=LINE('',#10735,#1923);
#1217=LINE('',#10739,#1924);
#1218=LINE('',#10743,#1925);
#1219=LINE('',#10747,#1926);
#1220=LINE('',#10751,#1927);
#1221=LINE('',#10755,#1928);
#1222=LINE('',#10759,#1929);
#1223=LINE('',#10763,#1930);
#1224=LINE('',#10767,#1931);
#1225=LINE('',#10771,#1932);
#1226=LINE('',#10775,#1933);
#1227=LINE('',#10779,#1934);
#1228=LINE('',#10783,#1935);
#1229=LINE('',#10787,#1936);
#1230=LINE('',#10791,#1937);
#1231=LINE('',#10795,#1938);
#1232=LINE('',#10799,#1939);
#1233=LINE('',#10803,#1940);
#1234=LINE('',#10807,#1941);
#1235=LINE('',#10811,#1942);
#1236=LINE('',#10815,#1943);
#1237=LINE('',#10819,#1944);
#1238=LINE('',#10823,#1945);
#1239=LINE('',#10827,#1946);
#1240=LINE('',#10831,#1947);
#1241=LINE('',#10835,#1948);
#1242=LINE('',#10839,#1949);
#1243=LINE('',#10843,#1950);
#1244=LINE('',#10847,#1951);
#1245=LINE('',#10851,#1952);
#1246=LINE('',#10855,#1953);
#1247=LINE('',#10859,#1954);
#1248=LINE('',#10863,#1955);
#1249=LINE('',#10867,#1956);
#1250=LINE('',#10871,#1957);
#1251=LINE('',#10875,#1958);
#1252=LINE('',#10879,#1959);
#1253=LINE('',#10883,#1960);
#1254=LINE('',#10887,#1961);
#1255=LINE('',#10891,#1962);
#1256=LINE('',#10895,#1963);
#1257=LINE('',#10899,#1964);
#1258=LINE('',#10903,#1965);
#1259=LINE('',#10907,#1966);
#1260=LINE('',#10911,#1967);
#1261=LINE('',#10915,#1968);
#1262=LINE('',#10919,#1969);
#1263=LINE('',#10923,#1970);
#1264=LINE('',#10927,#1971);
#1265=LINE('',#10931,#1972);
#1266=LINE('',#10935,#1973);
#1267=LINE('',#10939,#1974);
#1268=LINE('',#10943,#1975);
#1269=LINE('',#10947,#1976);
#1270=LINE('',#10951,#1977);
#1271=LINE('',#10955,#1978);
#1272=LINE('',#10959,#1979);
#1273=LINE('',#10963,#1980);
#1274=LINE('',#10967,#1981);
#1275=LINE('',#10971,#1982);
#1276=LINE('',#10975,#1983);
#1277=LINE('',#10979,#1984);
#1278=LINE('',#10983,#1985);
#1279=LINE('',#10987,#1986);
#1280=LINE('',#10991,#1987);
#1281=LINE('',#10995,#1988);
#1282=LINE('',#10999,#1989);
#1283=LINE('',#11003,#1990);
#1284=LINE('',#11007,#1991);
#1285=LINE('',#11011,#1992);
#1286=LINE('',#11015,#1993);
#1287=LINE('',#11019,#1994);
#1288=LINE('',#11023,#1995);
#1289=LINE('',#11027,#1996);
#1290=LINE('',#11031,#1997);
#1291=LINE('',#11035,#1998);
#1292=LINE('',#11039,#1999);
#1293=LINE('',#11043,#2000);
#1294=LINE('',#11047,#2001);
#1295=LINE('',#11051,#2002);
#1296=LINE('',#11055,#2003);
#1297=LINE('',#11059,#2004);
#1298=LINE('',#11063,#2005);
#1299=LINE('',#11067,#2006);
#1300=LINE('',#11071,#2007);
#1301=LINE('',#11075,#2008);
#1302=LINE('',#11079,#2009);
#1303=LINE('',#11083,#2010);
#1304=LINE('',#11087,#2011);
#1305=LINE('',#11091,#2012);
#1306=LINE('',#11095,#2013);
#1307=LINE('',#11099,#2014);
#1308=LINE('',#11103,#2015);
#1309=LINE('',#11107,#2016);
#1310=LINE('',#11111,#2017);
#1311=LINE('',#11115,#2018);
#1312=LINE('',#11119,#2019);
#1313=LINE('',#11123,#2020);
#1314=LINE('',#11127,#2021);
#1315=LINE('',#11131,#2022);
#1316=LINE('',#11135,#2023);
#1317=LINE('',#11139,#2024);
#1318=LINE('',#11143,#2025);
#1319=LINE('',#11147,#2026);
#1320=LINE('',#11154,#2027);
#1321=LINE('',#11163,#2028);
#1322=LINE('',#11172,#2029);
#1323=LINE('',#11181,#2030);
#1324=LINE('',#11187,#2031);
#1325=LINE('',#11189,#2032);
#1326=LINE('',#11191,#2033);
#1327=LINE('',#11193,#2034);
#1328=LINE('',#11198,#2035);
#1329=LINE('',#11199,#2036);
#1330=LINE('',#11202,#2037);
#1331=LINE('',#11203,#2038);
#1332=LINE('',#11208,#2039);
#1333=LINE('',#11209,#2040);
#1334=LINE('',#11212,#2041);
#1335=LINE('',#11213,#2042);
#1336=LINE('',#11216,#2043);
#1337=LINE('',#11219,#2044);
#1338=LINE('',#11222,#2045);
#1339=LINE('',#11223,#2046);
#1340=LINE('',#11226,#2047);
#1341=LINE('',#11229,#2048);
#1342=LINE('',#11232,#2049);
#1343=LINE('',#11233,#2050);
#1344=LINE('',#11236,#2051);
#1345=LINE('',#11239,#2052);
#1346=LINE('',#11242,#2053);
#1347=LINE('',#11243,#2054);
#1348=LINE('',#11246,#2055);
#1349=LINE('',#11249,#2056);
#1350=LINE('',#11252,#2057);
#1351=LINE('',#11253,#2058);
#1352=LINE('',#11256,#2059);
#1353=LINE('',#11259,#2060);
#1354=LINE('',#11262,#2061);
#1355=LINE('',#11263,#2062);
#1356=LINE('',#11266,#2063);
#1357=LINE('',#11269,#2064);
#1358=LINE('',#11272,#2065);
#1359=LINE('',#11273,#2066);
#1360=LINE('',#11278,#2067);
#1361=LINE('',#11279,#2068);
#1362=LINE('',#11282,#2069);
#1363=LINE('',#11283,#2070);
#1364=LINE('',#11288,#2071);
#1365=LINE('',#11289,#2072);
#1366=LINE('',#11292,#2073);
#1367=LINE('',#11293,#2074);
#1368=LINE('',#11296,#2075);
#1369=LINE('',#11299,#2076);
#1370=LINE('',#11302,#2077);
#1371=LINE('',#11303,#2078);
#1372=LINE('',#11306,#2079);
#1373=LINE('',#11309,#2080);
#1374=LINE('',#11312,#2081);
#1375=LINE('',#11313,#2082);
#1376=LINE('',#11316,#2083);
#1377=LINE('',#11319,#2084);
#1378=LINE('',#11322,#2085);
#1379=LINE('',#11323,#2086);
#1380=LINE('',#11326,#2087);
#1381=LINE('',#11329,#2088);
#1382=LINE('',#11332,#2089);
#1383=LINE('',#11333,#2090);
#1384=LINE('',#11336,#2091);
#1385=LINE('',#11339,#2092);
#1386=LINE('',#11342,#2093);
#1387=LINE('',#11343,#2094);
#1388=LINE('',#11346,#2095);
#1389=LINE('',#11349,#2096);
#1390=LINE('',#11352,#2097);
#1391=LINE('',#11353,#2098);
#1392=LINE('',#11356,#2099);
#1393=LINE('',#11359,#2100);
#1394=LINE('',#11362,#2101);
#1395=LINE('',#11363,#2102);
#1396=LINE('',#11366,#2103);
#1397=LINE('',#11369,#2104);
#1398=LINE('',#11372,#2105);
#1399=LINE('',#11373,#2106);
#1400=LINE('',#11376,#2107);
#1401=LINE('',#11379,#2108);
#1402=LINE('',#11382,#2109);
#1403=LINE('',#11383,#2110);
#1404=LINE('',#11386,#2111);
#1405=LINE('',#11389,#2112);
#1406=LINE('',#11392,#2113);
#1407=LINE('',#11393,#2114);
#1408=LINE('',#11396,#2115);
#1409=LINE('',#11399,#2116);
#1410=LINE('',#11402,#2117);
#1411=LINE('',#11403,#2118);
#1412=LINE('',#11406,#2119);
#1413=LINE('',#11409,#2120);
#1414=LINE('',#11412,#2121);
#1415=LINE('',#11413,#2122);
#1416=LINE('',#11416,#2123);
#1417=LINE('',#11419,#2124);
#1418=LINE('',#11422,#2125);
#1419=LINE('',#11423,#2126);
#1420=LINE('',#11426,#2127);
#1421=LINE('',#11429,#2128);
#1422=LINE('',#11432,#2129);
#1423=LINE('',#11433,#2130);
#1424=LINE('',#11436,#2131);
#1425=LINE('',#11439,#2132);
#1426=LINE('',#11442,#2133);
#1427=LINE('',#11443,#2134);
#1428=LINE('',#11446,#2135);
#1429=LINE('',#11449,#2136);
#1430=LINE('',#11452,#2137);
#1431=LINE('',#11453,#2138);
#1432=LINE('',#11456,#2139);
#1433=LINE('',#11459,#2140);
#1434=LINE('',#11462,#2141);
#1435=LINE('',#11463,#2142);
#1436=LINE('',#11466,#2143);
#1437=LINE('',#11469,#2144);
#1438=LINE('',#11472,#2145);
#1439=LINE('',#11473,#2146);
#1440=LINE('',#11476,#2147);
#1441=LINE('',#11479,#2148);
#1442=LINE('',#11482,#2149);
#1443=LINE('',#11483,#2150);
#1444=LINE('',#11486,#2151);
#1445=LINE('',#11489,#2152);
#1446=LINE('',#11492,#2153);
#1447=LINE('',#11493,#2154);
#1448=LINE('',#11496,#2155);
#1449=LINE('',#11499,#2156);
#1450=LINE('',#11502,#2157);
#1451=LINE('',#11503,#2158);
#1452=LINE('',#11506,#2159);
#1453=LINE('',#11509,#2160);
#1454=LINE('',#11512,#2161);
#1455=LINE('',#11513,#2162);
#1456=LINE('',#11518,#2163);
#1457=LINE('',#11519,#2164);
#1458=LINE('',#11522,#2165);
#1459=LINE('',#11523,#2166);
#1460=LINE('',#11528,#2167);
#1461=LINE('',#11529,#2168);
#1462=LINE('',#11532,#2169);
#1463=LINE('',#11533,#2170);
#1464=LINE('',#11538,#2171);
#1465=LINE('',#11539,#2172);
#1466=LINE('',#11542,#2173);
#1467=LINE('',#11543,#2174);
#1468=LINE('',#11548,#2175);
#1469=LINE('',#11549,#2176);
#1470=LINE('',#11552,#2177);
#1471=LINE('',#11553,#2178);
#1472=LINE('',#11558,#2179);
#1473=LINE('',#11559,#2180);
#1474=LINE('',#11562,#2181);
#1475=LINE('',#11563,#2182);
#1476=LINE('',#11568,#2183);
#1477=LINE('',#11569,#2184);
#1478=LINE('',#11572,#2185);
#1479=LINE('',#11573,#2186);
#1480=LINE('',#11578,#2187);
#1481=LINE('',#11579,#2188);
#1482=LINE('',#11582,#2189);
#1483=LINE('',#11583,#2190);
#1484=LINE('',#11588,#2191);
#1485=LINE('',#11589,#2192);
#1486=LINE('',#11592,#2193);
#1487=LINE('',#11593,#2194);
#1488=LINE('',#11598,#2195);
#1489=LINE('',#11599,#2196);
#1490=LINE('',#11602,#2197);
#1491=LINE('',#11603,#2198);
#1492=LINE('',#11607,#2199);
#1493=LINE('',#11611,#2200);
#1494=LINE('',#11615,#2201);
#1495=LINE('',#11619,#2202);
#1496=LINE('',#11623,#2203);
#1497=LINE('',#11627,#2204);
#1498=LINE('',#11630,#2205);
#1499=LINE('',#11633,#2206);
#1500=LINE('',#11636,#2207);
#1501=LINE('',#11637,#2208);
#1502=LINE('',#11640,#2209);
#1503=LINE('',#11643,#2210);
#1504=LINE('',#11646,#2211);
#1505=LINE('',#11647,#2212);
#1506=LINE('',#11651,#2213);
#1507=LINE('',#11655,#2214);
#1508=LINE('',#11659,#2215);
#1509=LINE('',#11663,#2216);
#1510=LINE('',#11667,#2217);
#1511=LINE('',#11671,#2218);
#1512=LINE('',#11675,#2219);
#1513=LINE('',#11679,#2220);
#1514=LINE('',#11683,#2221);
#1515=LINE('',#11687,#2222);
#1516=LINE('',#11691,#2223);
#1517=LINE('',#11695,#2224);
#1518=LINE('',#11699,#2225);
#1519=LINE('',#11703,#2226);
#1520=LINE('',#11707,#2227);
#1521=LINE('',#11711,#2228);
#1522=LINE('',#11715,#2229);
#1523=LINE('',#11719,#2230);
#1524=LINE('',#11723,#2231);
#1525=LINE('',#11727,#2232);
#1526=LINE('',#11730,#2233);
#1527=LINE('',#11734,#2234);
#1528=LINE('',#11735,#2235);
#1529=LINE('',#11739,#2236);
#1530=LINE('',#11742,#2237);
#1531=LINE('',#11745,#2238);
#1532=LINE('',#11748,#2239);
#1533=LINE('',#11749,#2240);
#1534=LINE('',#11752,#2241);
#1535=LINE('',#11755,#2242);
#1536=LINE('',#11758,#2243);
#1537=LINE('',#11759,#2244);
#1538=LINE('',#11762,#2245);
#1539=LINE('',#11765,#2246);
#1540=LINE('',#11768,#2247);
#1541=LINE('',#11769,#2248);
#1542=LINE('',#11772,#2249);
#1543=LINE('',#11775,#2250);
#1544=LINE('',#11778,#2251);
#1545=LINE('',#11779,#2252);
#1546=LINE('',#11782,#2253);
#1547=LINE('',#11785,#2254);
#1548=LINE('',#11788,#2255);
#1549=LINE('',#11789,#2256);
#1550=LINE('',#11792,#2257);
#1551=LINE('',#11795,#2258);
#1552=LINE('',#11798,#2259);
#1553=LINE('',#11799,#2260);
#1554=LINE('',#11802,#2261);
#1555=LINE('',#11805,#2262);
#1556=LINE('',#11808,#2263);
#1557=LINE('',#11809,#2264);
#1558=LINE('',#11812,#2265);
#1559=LINE('',#11815,#2266);
#1560=LINE('',#11818,#2267);
#1561=LINE('',#11819,#2268);
#1562=LINE('',#11822,#2269);
#1563=LINE('',#11825,#2270);
#1564=LINE('',#11828,#2271);
#1565=LINE('',#11829,#2272);
#1566=LINE('',#11832,#2273);
#1567=LINE('',#11835,#2274);
#1568=LINE('',#11838,#2275);
#1569=LINE('',#11839,#2276);
#1570=LINE('',#11842,#2277);
#1571=LINE('',#11845,#2278);
#1572=LINE('',#11848,#2279);
#1573=LINE('',#11849,#2280);
#1574=LINE('',#11852,#2281);
#1575=LINE('',#11855,#2282);
#1576=LINE('',#11858,#2283);
#1577=LINE('',#11859,#2284);
#1578=LINE('',#11862,#2285);
#1579=LINE('',#11865,#2286);
#1580=LINE('',#11868,#2287);
#1581=LINE('',#11869,#2288);
#1582=LINE('',#11872,#2289);
#1583=LINE('',#11875,#2290);
#1584=LINE('',#11878,#2291);
#1585=LINE('',#11879,#2292);
#1586=LINE('',#11882,#2293);
#1587=LINE('',#11885,#2294);
#1588=LINE('',#11888,#2295);
#1589=LINE('',#11889,#2296);
#1590=LINE('',#11892,#2297);
#1591=LINE('',#11895,#2298);
#1592=LINE('',#11898,#2299);
#1593=LINE('',#11899,#2300);
#1594=LINE('',#11902,#2301);
#1595=LINE('',#11905,#2302);
#1596=LINE('',#11908,#2303);
#1597=LINE('',#11909,#2304);
#1598=LINE('',#11912,#2305);
#1599=LINE('',#11916,#2306);
#1600=LINE('',#11917,#2307);
#1601=LINE('',#11920,#2308);
#1602=LINE('',#11924,#2309);
#1603=LINE('',#11925,#2310);
#1604=LINE('',#11928,#2311);
#1605=LINE('',#11931,#2312);
#1606=LINE('',#11934,#2313);
#1607=LINE('',#11935,#2314);
#1608=LINE('',#11938,#2315);
#1609=LINE('',#11941,#2316);
#1610=LINE('',#11944,#2317);
#1611=LINE('',#11945,#2318);
#1612=LINE('',#11948,#2319);
#1613=LINE('',#11951,#2320);
#1614=LINE('',#11954,#2321);
#1615=LINE('',#11955,#2322);
#1616=LINE('',#11958,#2323);
#1617=LINE('',#11961,#2324);
#1618=LINE('',#11964,#2325);
#1619=LINE('',#11965,#2326);
#1620=LINE('',#11968,#2327);
#1621=LINE('',#11971,#2328);
#1622=LINE('',#11974,#2329);
#1623=LINE('',#11975,#2330);
#1624=LINE('',#11978,#2331);
#1625=LINE('',#11981,#2332);
#1626=LINE('',#11984,#2333);
#1627=LINE('',#11985,#2334);
#1628=LINE('',#11988,#2335);
#1629=LINE('',#11991,#2336);
#1630=LINE('',#11994,#2337);
#1631=LINE('',#11995,#2338);
#1632=LINE('',#11998,#2339);
#1633=LINE('',#12001,#2340);
#1634=LINE('',#12004,#2341);
#1635=LINE('',#12005,#2342);
#1636=LINE('',#12008,#2343);
#1637=LINE('',#12011,#2344);
#1638=LINE('',#12014,#2345);
#1639=LINE('',#12015,#2346);
#1640=LINE('',#12020,#2347);
#1641=LINE('',#12021,#2348);
#1642=LINE('',#12023,#2349);
#1643=LINE('',#12026,#2350);
#1644=LINE('',#12029,#2351);
#1645=LINE('',#12032,#2352);
#1646=LINE('',#12033,#2353);
#1647=LINE('',#12036,#2354);
#1648=LINE('',#12039,#2355);
#1649=LINE('',#12042,#2356);
#1650=LINE('',#12043,#2357);
#1651=LINE('',#12046,#2358);
#1652=LINE('',#12049,#2359);
#1653=LINE('',#12052,#2360);
#1654=LINE('',#12053,#2361);
#1655=LINE('',#12056,#2362);
#1656=LINE('',#12059,#2363);
#1657=LINE('',#12062,#2364);
#1658=LINE('',#12063,#2365);
#1659=LINE('',#12066,#2366);
#1660=LINE('',#12069,#2367);
#1661=LINE('',#12072,#2368);
#1662=LINE('',#12073,#2369);
#1663=LINE('',#12076,#2370);
#1664=LINE('',#12079,#2371);
#1665=LINE('',#12082,#2372);
#1666=LINE('',#12083,#2373);
#1667=LINE('',#12086,#2374);
#1668=LINE('',#12089,#2375);
#1669=LINE('',#12092,#2376);
#1670=LINE('',#12093,#2377);
#1671=LINE('',#12096,#2378);
#1672=LINE('',#12099,#2379);
#1673=LINE('',#12102,#2380);
#1674=LINE('',#12103,#2381);
#1675=LINE('',#12106,#2382);
#1676=LINE('',#12109,#2383);
#1677=LINE('',#12112,#2384);
#1678=LINE('',#12113,#2385);
#1679=LINE('',#12116,#2386);
#1680=LINE('',#12119,#2387);
#1681=LINE('',#12122,#2388);
#1682=LINE('',#12123,#2389);
#1683=LINE('',#12126,#2390);
#1684=LINE('',#12130,#2391);
#1685=LINE('',#12131,#2392);
#1686=LINE('',#12136,#2393);
#1687=LINE('',#12137,#2394);
#1688=LINE('',#12139,#2395);
#1689=LINE('',#12143,#2396);
#1690=LINE('',#12147,#2397);
#1691=LINE('',#12151,#2398);
#1692=LINE('',#12155,#2399);
#1693=LINE('',#12159,#2400);
#1694=LINE('',#12163,#2401);
#1695=LINE('',#12167,#2402);
#1696=LINE('',#12171,#2403);
#1697=LINE('',#12175,#2404);
#1698=LINE('',#12179,#2405);
#1699=LINE('',#12182,#2406);
#1700=LINE('',#12186,#2407);
#1701=LINE('',#12187,#2408);
#1702=LINE('',#12190,#2409);
#1703=LINE('',#12193,#2410);
#1704=LINE('',#12197,#2411);
#1705=LINE('',#12201,#2412);
#1706=LINE('',#12205,#2413);
#1707=LINE('',#12209,#2414);
#1708=LINE('',#12213,#2415);
#1709=LINE('',#12218,#2416);
#1710=LINE('',#12221,#2417);
#1711=LINE('',#12223,#2418);
#1712=LINE('',#12227,#2419);
#1713=LINE('',#12231,#2420);
#1714=LINE('',#12235,#2421);
#1715=LINE('',#12239,#2422);
#1716=LINE('',#12243,#2423);
#1717=LINE('',#12247,#2424);
#1718=LINE('',#12251,#2425);
#1719=LINE('',#12255,#2426);
#1720=LINE('',#12259,#2427);
#1721=LINE('',#12265,#2428);
#1722=LINE('',#12269,#2429);
#1723=LINE('',#12273,#2430);
#1724=LINE('',#12277,#2431);
#1725=LINE('',#12281,#2432);
#1726=LINE('',#12285,#2433);
#1727=LINE('',#12289,#2434);
#1728=LINE('',#12293,#2435);
#1729=LINE('',#12297,#2436);
#1730=LINE('',#12301,#2437);
#1731=LINE('',#12305,#2438);
#1732=LINE('',#12309,#2439);
#1733=LINE('',#12313,#2440);
#1734=LINE('',#12317,#2441);
#1735=LINE('',#12321,#2442);
#1736=LINE('',#12325,#2443);
#1737=LINE('',#12329,#2444);
#1738=LINE('',#12333,#2445);
#1739=LINE('',#12337,#2446);
#1740=LINE('',#12340,#2447);
#1741=LINE('',#12343,#2448);
#1742=LINE('',#12345,#2449);
#1743=LINE('',#12349,#2450);
#1744=LINE('',#12353,#2451);
#1745=LINE('',#12358,#2452);
#1746=LINE('',#12359,#2453);
#1747=LINE('',#12361,#2454);
#1748=LINE('',#12362,#2455);
#1749=LINE('',#12364,#2456);
#1750=LINE('',#12366,#2457);
#1751=LINE('',#12367,#2458);
#1752=LINE('',#12368,#2459);
#1753=LINE('',#12369,#2460);
#1754=LINE('',#12370,#2461);
#1755=LINE('',#12371,#2462);
#1756=LINE('',#12372,#2463);
#1757=LINE('',#12373,#2464);
#1758=LINE('',#12374,#2465);
#1759=LINE('',#12375,#2466);
#1760=LINE('',#12376,#2467);
#1761=LINE('',#12377,#2468);
#1762=LINE('',#12378,#2469);
#1763=LINE('',#12379,#2470);
#1764=LINE('',#12380,#2471);
#1765=LINE('',#12381,#2472);
#1766=LINE('',#12382,#2473);
#1767=LINE('',#12383,#2474);
#1768=LINE('',#12384,#2475);
#1769=LINE('',#12385,#2476);
#1770=LINE('',#12386,#2477);
#1771=LINE('',#12387,#2478);
#1772=LINE('',#12388,#2479);
#1773=LINE('',#12389,#2480);
#1774=LINE('',#12390,#2481);
#1775=LINE('',#12391,#2482);
#1776=LINE('',#12392,#2483);
#1777=LINE('',#12393,#2484);
#1778=LINE('',#12394,#2485);
#1779=LINE('',#12395,#2486);
#1780=LINE('',#12396,#2487);
#1781=LINE('',#12397,#2488);
#1782=LINE('',#12398,#2489);
#1783=LINE('',#12399,#2490);
#1784=LINE('',#12400,#2491);
#1785=LINE('',#12401,#2492);
#1786=LINE('',#12402,#2493);
#1787=LINE('',#12403,#2494);
#1788=LINE('',#12404,#2495);
#1789=LINE('',#12405,#2496);
#1790=LINE('',#12406,#2497);
#1791=LINE('',#12407,#2498);
#1792=LINE('',#12408,#2499);
#1793=LINE('',#12409,#2500);
#1794=LINE('',#12410,#2501);
#1795=LINE('',#12411,#2502);
#1796=LINE('',#12412,#2503);
#1797=LINE('',#12413,#2504);
#1798=LINE('',#12414,#2505);
#1799=LINE('',#12415,#2506);
#1800=LINE('',#12416,#2507);
#1801=LINE('',#12417,#2508);
#1802=LINE('',#12418,#2509);
#1803=LINE('',#12419,#2510);
#1804=LINE('',#12420,#2511);
#1805=LINE('',#12421,#2512);
#1806=LINE('',#12422,#2513);
#1807=LINE('',#12423,#2514);
#1808=LINE('',#12424,#2515);
#1809=LINE('',#12425,#2516);
#1810=LINE('',#12426,#2517);
#1811=LINE('',#12427,#2518);
#1812=LINE('',#12428,#2519);
#1813=LINE('',#12429,#2520);
#1814=LINE('',#12430,#2521);
#1815=LINE('',#12431,#2522);
#1816=LINE('',#12432,#2523);
#1817=LINE('',#12433,#2524);
#1818=LINE('',#12434,#2525);
#1819=LINE('',#12435,#2526);
#1820=LINE('',#12436,#2527);
#1821=LINE('',#12437,#2528);
#1822=LINE('',#12438,#2529);
#1823=LINE('',#12439,#2530);
#1824=LINE('',#12440,#2531);
#1825=LINE('',#12443,#2532);
#1826=VECTOR('',#8173,10.);
#1827=VECTOR('',#8178,10.);
#1828=VECTOR('',#8189,10.);
#1829=VECTOR('',#8192,10.);
#1830=VECTOR('',#8195,10.);
#1831=VECTOR('',#8208,10.);
#1832=VECTOR('',#8211,10.);
#1833=VECTOR('',#8216,10.);
#1834=VECTOR('',#8219,10.);
#1835=VECTOR('',#8224,10.);
#1836=VECTOR('',#8227,10.);
#1837=VECTOR('',#8230,10.);
#1838=VECTOR('',#8235,10.);
#1839=VECTOR('',#8238,10.);
#1840=VECTOR('',#8241,10.);
#1841=VECTOR('',#8244,10.);
#1842=VECTOR('',#8247,10.);
#1843=VECTOR('',#8250,10.);
#1844=VECTOR('',#8253,10.);
#1845=VECTOR('',#8254,10.);
#1846=VECTOR('',#8259,10.);
#1847=VECTOR('',#8264,10.);
#1848=VECTOR('',#8267,10.);
#1849=VECTOR('',#8270,10.);
#1850=VECTOR('',#8273,10.);
#1851=VECTOR('',#8278,10.);
#1852=VECTOR('',#8281,10.);
#1853=VECTOR('',#8284,10.);
#1854=VECTOR('',#8287,10.);
#1855=VECTOR('',#8290,10.);
#1856=VECTOR('',#8291,10.);
#1857=VECTOR('',#8294,10.);
#1858=VECTOR('',#8299,10.);
#1859=VECTOR('',#8302,10.);
#1860=VECTOR('',#8303,10.);
#1861=VECTOR('',#8304,10.);
#1862=VECTOR('',#8307,10.);
#1863=VECTOR('',#8308,10.);
#1864=VECTOR('',#8311,10.);
#1865=VECTOR('',#8314,10.);
#1866=VECTOR('',#8317,10.);
#1867=VECTOR('',#8320,10.);
#1868=VECTOR('',#8323,10.);
#1869=VECTOR('',#8326,10.);
#1870=VECTOR('',#8329,10.);
#1871=VECTOR('',#8332,10.);
#1872=VECTOR('',#8335,10.);
#1873=VECTOR('',#8338,10.);
#1874=VECTOR('',#8341,10.);
#1875=VECTOR('',#8344,10.);
#1876=VECTOR('',#8347,10.);
#1877=VECTOR('',#8350,10.);
#1878=VECTOR('',#8353,10.);
#1879=VECTOR('',#8356,10.);
#1880=VECTOR('',#8359,10.);
#1881=VECTOR('',#8362,10.);
#1882=VECTOR('',#8365,10.);
#1883=VECTOR('',#8368,10.);
#1884=VECTOR('',#8371,10.);
#1885=VECTOR('',#8374,10.);
#1886=VECTOR('',#8377,10.);
#1887=VECTOR('',#8380,10.);
#1888=VECTOR('',#8383,10.);
#1889=VECTOR('',#8386,10.);
#1890=VECTOR('',#8389,10.);
#1891=VECTOR('',#8392,10.);
#1892=VECTOR('',#8395,10.);
#1893=VECTOR('',#8398,10.);
#1894=VECTOR('',#8401,10.);
#1895=VECTOR('',#8404,10.);
#1896=VECTOR('',#8407,10.);
#1897=VECTOR('',#8410,10.);
#1898=VECTOR('',#8413,10.);
#1899=VECTOR('',#8416,10.);
#1900=VECTOR('',#8419,10.);
#1901=VECTOR('',#8422,10.);
#1902=VECTOR('',#8425,10.);
#1903=VECTOR('',#8428,10.);
#1904=VECTOR('',#8431,10.);
#1905=VECTOR('',#8434,10.);
#1906=VECTOR('',#8437,10.);
#1907=VECTOR('',#8440,10.);
#1908=VECTOR('',#8443,10.);
#1909=VECTOR('',#8446,10.);
#1910=VECTOR('',#8449,10.);
#1911=VECTOR('',#8452,10.);
#1912=VECTOR('',#8455,10.);
#1913=VECTOR('',#8458,10.);
#1914=VECTOR('',#8461,10.);
#1915=VECTOR('',#8464,10.);
#1916=VECTOR('',#8467,10.);
#1917=VECTOR('',#8470,10.);
#1918=VECTOR('',#8473,10.);
#1919=VECTOR('',#8476,10.);
#1920=VECTOR('',#8479,10.);
#1921=VECTOR('',#8482,10.);
#1922=VECTOR('',#8485,10.);
#1923=VECTOR('',#8488,10.);
#1924=VECTOR('',#8491,10.);
#1925=VECTOR('',#8494,10.);
#1926=VECTOR('',#8497,10.);
#1927=VECTOR('',#8500,10.);
#1928=VECTOR('',#8503,10.);
#1929=VECTOR('',#8506,10.);
#1930=VECTOR('',#8509,10.);
#1931=VECTOR('',#8512,10.);
#1932=VECTOR('',#8515,10.);
#1933=VECTOR('',#8518,10.);
#1934=VECTOR('',#8521,10.);
#1935=VECTOR('',#8524,10.);
#1936=VECTOR('',#8527,10.);
#1937=VECTOR('',#8530,10.);
#1938=VECTOR('',#8533,10.);
#1939=VECTOR('',#8536,10.);
#1940=VECTOR('',#8539,10.);
#1941=VECTOR('',#8542,10.);
#1942=VECTOR('',#8545,10.);
#1943=VECTOR('',#8548,10.);
#1944=VECTOR('',#8551,10.);
#1945=VECTOR('',#8554,10.);
#1946=VECTOR('',#8557,10.);
#1947=VECTOR('',#8560,10.);
#1948=VECTOR('',#8563,10.);
#1949=VECTOR('',#8566,10.);
#1950=VECTOR('',#8569,10.);
#1951=VECTOR('',#8572,10.);
#1952=VECTOR('',#8575,10.);
#1953=VECTOR('',#8578,10.);
#1954=VECTOR('',#8581,10.);
#1955=VECTOR('',#8584,10.);
#1956=VECTOR('',#8587,10.);
#1957=VECTOR('',#8590,10.);
#1958=VECTOR('',#8593,10.);
#1959=VECTOR('',#8596,10.);
#1960=VECTOR('',#8599,10.);
#1961=VECTOR('',#8602,10.);
#1962=VECTOR('',#8605,10.);
#1963=VECTOR('',#8608,10.);
#1964=VECTOR('',#8611,10.);
#1965=VECTOR('',#8614,10.);
#1966=VECTOR('',#8617,10.);
#1967=VECTOR('',#8620,10.);
#1968=VECTOR('',#8623,10.);
#1969=VECTOR('',#8626,10.);
#1970=VECTOR('',#8629,10.);
#1971=VECTOR('',#8632,10.);
#1972=VECTOR('',#8635,10.);
#1973=VECTOR('',#8638,10.);
#1974=VECTOR('',#8641,10.);
#1975=VECTOR('',#8644,10.);
#1976=VECTOR('',#8647,10.);
#1977=VECTOR('',#8650,10.);
#1978=VECTOR('',#8653,10.);
#1979=VECTOR('',#8656,10.);
#1980=VECTOR('',#8659,10.);
#1981=VECTOR('',#8662,10.);
#1982=VECTOR('',#8665,10.);
#1983=VECTOR('',#8668,10.);
#1984=VECTOR('',#8671,10.);
#1985=VECTOR('',#8674,10.);
#1986=VECTOR('',#8677,10.);
#1987=VECTOR('',#8680,10.);
#1988=VECTOR('',#8683,10.);
#1989=VECTOR('',#8686,10.);
#1990=VECTOR('',#8689,10.);
#1991=VECTOR('',#8692,10.);
#1992=VECTOR('',#8695,10.);
#1993=VECTOR('',#8698,10.);
#1994=VECTOR('',#8701,10.);
#1995=VECTOR('',#8704,10.);
#1996=VECTOR('',#8707,10.);
#1997=VECTOR('',#8710,10.);
#1998=VECTOR('',#8713,10.);
#1999=VECTOR('',#8716,10.);
#2000=VECTOR('',#8719,10.);
#2001=VECTOR('',#8722,10.);
#2002=VECTOR('',#8725,10.);
#2003=VECTOR('',#8728,10.);
#2004=VECTOR('',#8731,10.);
#2005=VECTOR('',#8734,10.);
#2006=VECTOR('',#8737,10.);
#2007=VECTOR('',#8740,10.);
#2008=VECTOR('',#8743,10.);
#2009=VECTOR('',#8746,10.);
#2010=VECTOR('',#8749,10.);
#2011=VECTOR('',#8752,10.);
#2012=VECTOR('',#8755,10.);
#2013=VECTOR('',#8758,10.);
#2014=VECTOR('',#8761,10.);
#2015=VECTOR('',#8764,10.);
#2016=VECTOR('',#8767,10.);
#2017=VECTOR('',#8770,10.);
#2018=VECTOR('',#8773,10.);
#2019=VECTOR('',#8776,10.);
#2020=VECTOR('',#8779,10.);
#2021=VECTOR('',#8782,10.);
#2022=VECTOR('',#8785,10.);
#2023=VECTOR('',#8788,10.);
#2024=VECTOR('',#8791,10.);
#2025=VECTOR('',#8794,10.);
#2026=VECTOR('',#8797,10.);
#2027=VECTOR('',#8806,2.2);
#2028=VECTOR('',#8817,2.2);
#2029=VECTOR('',#8828,2.2);
#2030=VECTOR('',#8839,2.2);
#2031=VECTOR('',#8848,1.2);
#2032=VECTOR('',#8851,1.2);
#2033=VECTOR('',#8854,1.2);
#2034=VECTOR('',#8857,1.2);
#2035=VECTOR('',#8862,10.);
#2036=VECTOR('',#8863,10.);
#2037=VECTOR('',#8866,10.);
#2038=VECTOR('',#8867,10.);
#2039=VECTOR('',#8872,10.);
#2040=VECTOR('',#8873,10.);
#2041=VECTOR('',#8876,10.);
#2042=VECTOR('',#8877,10.);
#2043=VECTOR('',#8880,10.);
#2044=VECTOR('',#8883,10.);
#2045=VECTOR('',#8886,10.);
#2046=VECTOR('',#8887,10.);
#2047=VECTOR('',#8890,10.);
#2048=VECTOR('',#8893,10.);
#2049=VECTOR('',#8896,10.);
#2050=VECTOR('',#8897,10.);
#2051=VECTOR('',#8900,10.);
#2052=VECTOR('',#8903,10.);
#2053=VECTOR('',#8906,10.);
#2054=VECTOR('',#8907,10.);
#2055=VECTOR('',#8910,10.);
#2056=VECTOR('',#8913,10.);
#2057=VECTOR('',#8916,10.);
#2058=VECTOR('',#8917,10.);
#2059=VECTOR('',#8920,10.);
#2060=VECTOR('',#8923,10.);
#2061=VECTOR('',#8926,10.);
#2062=VECTOR('',#8927,10.);
#2063=VECTOR('',#8930,10.);
#2064=VECTOR('',#8933,10.);
#2065=VECTOR('',#8936,10.);
#2066=VECTOR('',#8937,10.);
#2067=VECTOR('',#8942,10.);
#2068=VECTOR('',#8943,10.);
#2069=VECTOR('',#8946,10.);
#2070=VECTOR('',#8947,10.);
#2071=VECTOR('',#8952,10.);
#2072=VECTOR('',#8953,10.);
#2073=VECTOR('',#8956,10.);
#2074=VECTOR('',#8957,10.);
#2075=VECTOR('',#8960,10.);
#2076=VECTOR('',#8963,10.);
#2077=VECTOR('',#8966,10.);
#2078=VECTOR('',#8967,10.);
#2079=VECTOR('',#8970,10.);
#2080=VECTOR('',#8973,10.);
#2081=VECTOR('',#8976,10.);
#2082=VECTOR('',#8977,10.);
#2083=VECTOR('',#8980,10.);
#2084=VECTOR('',#8983,10.);
#2085=VECTOR('',#8986,10.);
#2086=VECTOR('',#8987,10.);
#2087=VECTOR('',#8990,10.);
#2088=VECTOR('',#8993,10.);
#2089=VECTOR('',#8996,10.);
#2090=VECTOR('',#8997,10.);
#2091=VECTOR('',#9000,10.);
#2092=VECTOR('',#9003,10.);
#2093=VECTOR('',#9006,10.);
#2094=VECTOR('',#9007,10.);
#2095=VECTOR('',#9010,10.);
#2096=VECTOR('',#9013,10.);
#2097=VECTOR('',#9016,10.);
#2098=VECTOR('',#9017,10.);
#2099=VECTOR('',#9020,10.);
#2100=VECTOR('',#9023,10.);
#2101=VECTOR('',#9026,10.);
#2102=VECTOR('',#9027,10.);
#2103=VECTOR('',#9030,10.);
#2104=VECTOR('',#9033,10.);
#2105=VECTOR('',#9036,10.);
#2106=VECTOR('',#9037,10.);
#2107=VECTOR('',#9040,10.);
#2108=VECTOR('',#9043,10.);
#2109=VECTOR('',#9046,10.);
#2110=VECTOR('',#9047,10.);
#2111=VECTOR('',#9050,10.);
#2112=VECTOR('',#9053,10.);
#2113=VECTOR('',#9056,10.);
#2114=VECTOR('',#9057,10.);
#2115=VECTOR('',#9060,10.);
#2116=VECTOR('',#9063,10.);
#2117=VECTOR('',#9066,10.);
#2118=VECTOR('',#9067,10.);
#2119=VECTOR('',#9070,10.);
#2120=VECTOR('',#9073,10.);
#2121=VECTOR('',#9076,10.);
#2122=VECTOR('',#9077,10.);
#2123=VECTOR('',#9080,10.);
#2124=VECTOR('',#9083,10.);
#2125=VECTOR('',#9086,10.);
#2126=VECTOR('',#9087,10.);
#2127=VECTOR('',#9090,10.);
#2128=VECTOR('',#9093,10.);
#2129=VECTOR('',#9096,10.);
#2130=VECTOR('',#9097,10.);
#2131=VECTOR('',#9100,10.);
#2132=VECTOR('',#9103,10.);
#2133=VECTOR('',#9106,10.);
#2134=VECTOR('',#9107,10.);
#2135=VECTOR('',#9110,10.);
#2136=VECTOR('',#9113,10.);
#2137=VECTOR('',#9116,10.);
#2138=VECTOR('',#9117,10.);
#2139=VECTOR('',#9120,10.);
#2140=VECTOR('',#9123,10.);
#2141=VECTOR('',#9126,10.);
#2142=VECTOR('',#9127,10.);
#2143=VECTOR('',#9130,10.);
#2144=VECTOR('',#9133,10.);
#2145=VECTOR('',#9136,10.);
#2146=VECTOR('',#9137,10.);
#2147=VECTOR('',#9140,10.);
#2148=VECTOR('',#9143,10.);
#2149=VECTOR('',#9146,10.);
#2150=VECTOR('',#9147,10.);
#2151=VECTOR('',#9150,10.);
#2152=VECTOR('',#9153,10.);
#2153=VECTOR('',#9156,10.);
#2154=VECTOR('',#9157,10.);
#2155=VECTOR('',#9160,10.);
#2156=VECTOR('',#9163,10.);
#2157=VECTOR('',#9166,10.);
#2158=VECTOR('',#9167,10.);
#2159=VECTOR('',#9170,10.);
#2160=VECTOR('',#9173,10.);
#2161=VECTOR('',#9176,10.);
#2162=VECTOR('',#9177,10.);
#2163=VECTOR('',#9182,10.);
#2164=VECTOR('',#9183,10.);
#2165=VECTOR('',#9186,10.);
#2166=VECTOR('',#9187,10.);
#2167=VECTOR('',#9192,10.);
#2168=VECTOR('',#9193,10.);
#2169=VECTOR('',#9196,10.);
#2170=VECTOR('',#9197,10.);
#2171=VECTOR('',#9202,10.);
#2172=VECTOR('',#9203,10.);
#2173=VECTOR('',#9206,10.);
#2174=VECTOR('',#9207,10.);
#2175=VECTOR('',#9212,10.);
#2176=VECTOR('',#9213,10.);
#2177=VECTOR('',#9216,10.);
#2178=VECTOR('',#9217,10.);
#2179=VECTOR('',#9222,10.);
#2180=VECTOR('',#9223,10.);
#2181=VECTOR('',#9226,10.);
#2182=VECTOR('',#9227,10.);
#2183=VECTOR('',#9232,10.);
#2184=VECTOR('',#9233,10.);
#2185=VECTOR('',#9236,10.);
#2186=VECTOR('',#9237,10.);
#2187=VECTOR('',#9242,10.);
#2188=VECTOR('',#9243,10.);
#2189=VECTOR('',#9246,10.);
#2190=VECTOR('',#9247,10.);
#2191=VECTOR('',#9252,10.);
#2192=VECTOR('',#9253,10.);
#2193=VECTOR('',#9256,10.);
#2194=VECTOR('',#9257,10.);
#2195=VECTOR('',#9262,10.);
#2196=VECTOR('',#9263,10.);
#2197=VECTOR('',#9266,10.);
#2198=VECTOR('',#9267,10.);
#2199=VECTOR('',#9272,10.);
#2200=VECTOR('',#9277,10.);
#2201=VECTOR('',#9282,10.);
#2202=VECTOR('',#9287,10.);
#2203=VECTOR('',#9292,10.);
#2204=VECTOR('',#9297,10.);
#2205=VECTOR('',#9300,10.);
#2206=VECTOR('',#9303,10.);
#2207=VECTOR('',#9306,10.);
#2208=VECTOR('',#9307,10.);
#2209=VECTOR('',#9310,10.);
#2210=VECTOR('',#9313,10.);
#2211=VECTOR('',#9316,10.);
#2212=VECTOR('',#9317,10.);
#2213=VECTOR('',#9322,10.);
#2214=VECTOR('',#9327,10.);
#2215=VECTOR('',#9332,10.);
#2216=VECTOR('',#9337,10.);
#2217=VECTOR('',#9342,10.);
#2218=VECTOR('',#9347,10.);
#2219=VECTOR('',#9352,10.);
#2220=VECTOR('',#9357,10.);
#2221=VECTOR('',#9362,10.);
#2222=VECTOR('',#9367,10.);
#2223=VECTOR('',#9372,10.);
#2224=VECTOR('',#9377,10.);
#2225=VECTOR('',#9382,10.);
#2226=VECTOR('',#9387,10.);
#2227=VECTOR('',#9392,10.);
#2228=VECTOR('',#9397,10.);
#2229=VECTOR('',#9402,10.);
#2230=VECTOR('',#9407,10.);
#2231=VECTOR('',#9412,10.);
#2232=VECTOR('',#9417,10.);
#2233=VECTOR('',#9420,10.);
#2234=VECTOR('',#9425,10.);
#2235=VECTOR('',#9426,10.);
#2236=VECTOR('',#9431,10.);
#2237=VECTOR('',#9434,10.);
#2238=VECTOR('',#9437,10.);
#2239=VECTOR('',#9440,10.);
#2240=VECTOR('',#9441,10.);
#2241=VECTOR('',#9444,10.);
#2242=VECTOR('',#9447,10.);
#2243=VECTOR('',#9450,10.);
#2244=VECTOR('',#9451,10.);
#2245=VECTOR('',#9454,10.);
#2246=VECTOR('',#9457,10.);
#2247=VECTOR('',#9460,10.);
#2248=VECTOR('',#9461,10.);
#2249=VECTOR('',#9464,10.);
#2250=VECTOR('',#9467,10.);
#2251=VECTOR('',#9470,10.);
#2252=VECTOR('',#9471,10.);
#2253=VECTOR('',#9474,10.);
#2254=VECTOR('',#9477,10.);
#2255=VECTOR('',#9480,10.);
#2256=VECTOR('',#9481,10.);
#2257=VECTOR('',#9484,10.);
#2258=VECTOR('',#9487,10.);
#2259=VECTOR('',#9490,10.);
#2260=VECTOR('',#9491,10.);
#2261=VECTOR('',#9494,10.);
#2262=VECTOR('',#9497,10.);
#2263=VECTOR('',#9500,10.);
#2264=VECTOR('',#9501,10.);
#2265=VECTOR('',#9504,10.);
#2266=VECTOR('',#9507,10.);
#2267=VECTOR('',#9510,10.);
#2268=VECTOR('',#9511,10.);
#2269=VECTOR('',#9514,10.);
#2270=VECTOR('',#9517,10.);
#2271=VECTOR('',#9520,10.);
#2272=VECTOR('',#9521,10.);
#2273=VECTOR('',#9524,10.);
#2274=VECTOR('',#9527,10.);
#2275=VECTOR('',#9530,10.);
#2276=VECTOR('',#9531,10.);
#2277=VECTOR('',#9534,10.);
#2278=VECTOR('',#9537,10.);
#2279=VECTOR('',#9540,10.);
#2280=VECTOR('',#9541,10.);
#2281=VECTOR('',#9544,10.);
#2282=VECTOR('',#9547,10.);
#2283=VECTOR('',#9550,10.);
#2284=VECTOR('',#9551,10.);
#2285=VECTOR('',#9554,10.);
#2286=VECTOR('',#9557,10.);
#2287=VECTOR('',#9560,10.);
#2288=VECTOR('',#9561,10.);
#2289=VECTOR('',#9564,10.);
#2290=VECTOR('',#9567,10.);
#2291=VECTOR('',#9570,10.);
#2292=VECTOR('',#9571,10.);
#2293=VECTOR('',#9574,10.);
#2294=VECTOR('',#9577,10.);
#2295=VECTOR('',#9580,10.);
#2296=VECTOR('',#9581,10.);
#2297=VECTOR('',#9584,10.);
#2298=VECTOR('',#9587,10.);
#2299=VECTOR('',#9590,10.);
#2300=VECTOR('',#9591,10.);
#2301=VECTOR('',#9594,10.);
#2302=VECTOR('',#9597,10.);
#2303=VECTOR('',#9600,10.);
#2304=VECTOR('',#9601,10.);
#2305=VECTOR('',#9604,10.);
#2306=VECTOR('',#9609,10.);
#2307=VECTOR('',#9610,10.);
#2308=VECTOR('',#9613,10.);
#2309=VECTOR('',#9618,10.);
#2310=VECTOR('',#9619,10.);
#2311=VECTOR('',#9622,10.);
#2312=VECTOR('',#9625,10.);
#2313=VECTOR('',#9628,10.);
#2314=VECTOR('',#9629,10.);
#2315=VECTOR('',#9632,10.);
#2316=VECTOR('',#9635,10.);
#2317=VECTOR('',#9638,10.);
#2318=VECTOR('',#9639,10.);
#2319=VECTOR('',#9642,10.);
#2320=VECTOR('',#9645,10.);
#2321=VECTOR('',#9648,10.);
#2322=VECTOR('',#9649,10.);
#2323=VECTOR('',#9652,10.);
#2324=VECTOR('',#9655,10.);
#2325=VECTOR('',#9658,10.);
#2326=VECTOR('',#9659,10.);
#2327=VECTOR('',#9662,10.);
#2328=VECTOR('',#9665,10.);
#2329=VECTOR('',#9668,10.);
#2330=VECTOR('',#9669,10.);
#2331=VECTOR('',#9672,10.);
#2332=VECTOR('',#9675,10.);
#2333=VECTOR('',#9678,10.);
#2334=VECTOR('',#9679,10.);
#2335=VECTOR('',#9682,10.);
#2336=VECTOR('',#9685,10.);
#2337=VECTOR('',#9688,10.);
#2338=VECTOR('',#9689,10.);
#2339=VECTOR('',#9692,10.);
#2340=VECTOR('',#9695,10.);
#2341=VECTOR('',#9698,10.);
#2342=VECTOR('',#9699,10.);
#2343=VECTOR('',#9702,10.);
#2344=VECTOR('',#9705,10.);
#2345=VECTOR('',#9708,10.);
#2346=VECTOR('',#9709,10.);
#2347=VECTOR('',#9714,10.);
#2348=VECTOR('',#9715,10.);
#2349=VECTOR('',#9718,10.);
#2350=VECTOR('',#9721,10.);
#2351=VECTOR('',#9724,10.);
#2352=VECTOR('',#9727,10.);
#2353=VECTOR('',#9728,10.);
#2354=VECTOR('',#9731,10.);
#2355=VECTOR('',#9734,10.);
#2356=VECTOR('',#9737,10.);
#2357=VECTOR('',#9738,10.);
#2358=VECTOR('',#9741,10.);
#2359=VECTOR('',#9744,10.);
#2360=VECTOR('',#9747,10.);
#2361=VECTOR('',#9748,10.);
#2362=VECTOR('',#9751,10.);
#2363=VECTOR('',#9754,10.);
#2364=VECTOR('',#9757,10.);
#2365=VECTOR('',#9758,10.);
#2366=VECTOR('',#9761,10.);
#2367=VECTOR('',#9764,10.);
#2368=VECTOR('',#9767,10.);
#2369=VECTOR('',#9768,10.);
#2370=VECTOR('',#9771,10.);
#2371=VECTOR('',#9774,10.);
#2372=VECTOR('',#9777,10.);
#2373=VECTOR('',#9778,10.);
#2374=VECTOR('',#9781,10.);
#2375=VECTOR('',#9784,10.);
#2376=VECTOR('',#9787,10.);
#2377=VECTOR('',#9788,10.);
#2378=VECTOR('',#9791,10.);
#2379=VECTOR('',#9794,10.);
#2380=VECTOR('',#9797,10.);
#2381=VECTOR('',#9798,10.);
#2382=VECTOR('',#9801,10.);
#2383=VECTOR('',#9804,10.);
#2384=VECTOR('',#9807,10.);
#2385=VECTOR('',#9808,10.);
#2386=VECTOR('',#9811,10.);
#2387=VECTOR('',#9814,10.);
#2388=VECTOR('',#9817,10.);
#2389=VECTOR('',#9818,10.);
#2390=VECTOR('',#9821,10.);
#2391=VECTOR('',#9826,10.);
#2392=VECTOR('',#9827,10.);
#2393=VECTOR('',#9832,10.);
#2394=VECTOR('',#9833,10.);
#2395=VECTOR('',#9836,10.);
#2396=VECTOR('',#9841,10.);
#2397=VECTOR('',#9846,10.);
#2398=VECTOR('',#9851,10.);
#2399=VECTOR('',#9856,10.);
#2400=VECTOR('',#9861,10.);
#2401=VECTOR('',#9866,10.);
#2402=VECTOR('',#9871,10.);
#2403=VECTOR('',#9876,10.);
#2404=VECTOR('',#9881,10.);
#2405=VECTOR('',#9886,10.);
#2406=VECTOR('',#9889,10.);
#2407=VECTOR('',#9894,10.);
#2408=VECTOR('',#9895,10.);
#2409=VECTOR('',#9898,10.);
#2410=VECTOR('',#9903,10.);
#2411=VECTOR('',#9908,10.);
#2412=VECTOR('',#9913,10.);
#2413=VECTOR('',#9918,10.);
#2414=VECTOR('',#9923,10.);
#2415=VECTOR('',#9928,10.);
#2416=VECTOR('',#9935,10.);
#2417=VECTOR('',#9938,10.);
#2418=VECTOR('',#9941,10.);
#2419=VECTOR('',#9946,10.);
#2420=VECTOR('',#9951,10.);
#2421=VECTOR('',#9956,10.);
#2422=VECTOR('',#9961,10.);
#2423=VECTOR('',#9966,10.);
#2424=VECTOR('',#9971,10.);
#2425=VECTOR('',#9976,10.);
#2426=VECTOR('',#9981,10.);
#2427=VECTOR('',#9986,10.);
#2428=VECTOR('',#9995,10.);
#2429=VECTOR('',#10000,10.);
#2430=VECTOR('',#10005,10.);
#2431=VECTOR('',#10010,10.);
#2432=VECTOR('',#10015,10.);
#2433=VECTOR('',#10020,10.);
#2434=VECTOR('',#10025,10.);
#2435=VECTOR('',#10030,10.);
#2436=VECTOR('',#10035,10.);
#2437=VECTOR('',#10040,10.);
#2438=VECTOR('',#10045,10.);
#2439=VECTOR('',#10050,10.);
#2440=VECTOR('',#10055,10.);
#2441=VECTOR('',#10060,10.);
#2442=VECTOR('',#10065,10.);
#2443=VECTOR('',#10070,10.);
#2444=VECTOR('',#10075,10.);
#2445=VECTOR('',#10080,10.);
#2446=VECTOR('',#10085,10.);
#2447=VECTOR('',#10088,10.);
#2448=VECTOR('',#10091,10.);
#2449=VECTOR('',#10094,10.);
#2450=VECTOR('',#10099,10.);
#2451=VECTOR('',#10104,10.);
#2452=VECTOR('',#10111,10.);
#2453=VECTOR('',#10112,10.);
#2454=VECTOR('',#10115,10.);
#2455=VECTOR('',#10116,10.);
#2456=VECTOR('',#10117,10.);
#2457=VECTOR('',#10120,10.);
#2458=VECTOR('',#10121,10.);
#2459=VECTOR('',#10122,10.);
#2460=VECTOR('',#10123,10.);
#2461=VECTOR('',#10124,10.);
#2462=VECTOR('',#10125,10.);
#2463=VECTOR('',#10126,10.);
#2464=VECTOR('',#10127,10.);
#2465=VECTOR('',#10128,10.);
#2466=VECTOR('',#10129,10.);
#2467=VECTOR('',#10130,10.);
#2468=VECTOR('',#10131,10.);
#2469=VECTOR('',#10132,10.);
#2470=VECTOR('',#10133,10.);
#2471=VECTOR('',#10134,10.);
#2472=VECTOR('',#10135,10.);
#2473=VECTOR('',#10136,10.);
#2474=VECTOR('',#10137,10.);
#2475=VECTOR('',#10138,10.);
#2476=VECTOR('',#10139,10.);
#2477=VECTOR('',#10140,10.);
#2478=VECTOR('',#10141,10.);
#2479=VECTOR('',#10142,10.);
#2480=VECTOR('',#10143,10.);
#2481=VECTOR('',#10144,10.);
#2482=VECTOR('',#10145,10.);
#2483=VECTOR('',#10146,10.);
#2484=VECTOR('',#10147,10.);
#2485=VECTOR('',#10148,10.);
#2486=VECTOR('',#10149,10.);
#2487=VECTOR('',#10150,10.);
#2488=VECTOR('',#10151,10.);
#2489=VECTOR('',#10152,10.);
#2490=VECTOR('',#10153,10.);
#2491=VECTOR('',#10154,10.);
#2492=VECTOR('',#10155,10.);
#2493=VECTOR('',#10156,10.);
#2494=VECTOR('',#10157,10.);
#2495=VECTOR('',#10158,10.);
#2496=VECTOR('',#10159,10.);
#2497=VECTOR('',#10160,10.);
#2498=VECTOR('',#10161,10.);
#2499=VECTOR('',#10162,10.);
#2500=VECTOR('',#10163,10.);
#2501=VECTOR('',#10164,10.);
#2502=VECTOR('',#10165,10.);
#2503=VECTOR('',#10166,10.);
#2504=VECTOR('',#10167,10.);
#2505=VECTOR('',#10168,10.);
#2506=VECTOR('',#10169,10.);
#2507=VECTOR('',#10170,10.);
#2508=VECTOR('',#10171,10.);
#2509=VECTOR('',#10172,10.);
#2510=VECTOR('',#10173,10.);
#2511=VECTOR('',#10174,10.);
#2512=VECTOR('',#10175,10.);
#2513=VECTOR('',#10176,10.);
#2514=VECTOR('',#10177,10.);
#2515=VECTOR('',#10178,10.);
#2516=VECTOR('',#10179,10.);
#2517=VECTOR('',#10180,10.);
#2518=VECTOR('',#10181,10.);
#2519=VECTOR('',#10182,10.);
#2520=VECTOR('',#10183,10.);
#2521=VECTOR('',#10184,10.);
#2522=VECTOR('',#10185,10.);
#2523=VECTOR('',#10186,10.);
#2524=VECTOR('',#10187,10.);
#2525=VECTOR('',#10188,10.);
#2526=VECTOR('',#10189,10.);
#2527=VECTOR('',#10190,10.);
#2528=VECTOR('',#10191,10.);
#2529=VECTOR('',#10192,10.);
#2530=VECTOR('',#10193,10.);
#2531=VECTOR('',#10194,10.);
#2532=VECTOR('',#10199,10.);
#2533=CIRCLE('',#7429,1.2);
#2534=CIRCLE('',#7430,1.2);
#2535=CIRCLE('',#7431,11.);
#2536=CIRCLE('',#7432,11.);
#2537=CIRCLE('',#7433,1.2);
#2538=CIRCLE('',#7434,1.2);
#2539=CIRCLE('',#7436,1.2);
#2540=CIRCLE('',#7437,1.2);
#2541=CIRCLE('',#7438,1.2);
#2542=CIRCLE('',#7439,11.);
#2543=CIRCLE('',#7440,1.2);
#2544=CIRCLE('',#7442,1.2);
#2545=CIRCLE('',#7443,11.);
#2546=CIRCLE('',#7444,1.2);
#2547=CIRCLE('',#7445,1.2);
#2548=CIRCLE('',#7446,1.2);
#2549=CIRCLE('',#7448,1.2);
#2550=CIRCLE('',#7450,11.);
#2551=CIRCLE('',#7451,11.);
#2552=CIRCLE('',#7452,11.);
#2553=CIRCLE('',#7454,1.2);
#2554=CIRCLE('',#7456,1.2);
#2555=CIRCLE('',#7459,1.2);
#2556=CIRCLE('',#7462,1.2);
#2557=CIRCLE('',#7464,11.);
#2558=CIRCLE('',#7465,11.);
#2559=CIRCLE('',#7467,1.2);
#2560=CIRCLE('',#7469,11.);
#2561=CIRCLE('',#7470,11.);
#2562=CIRCLE('',#7472,1.2);
#2563=CIRCLE('',#7475,1.2);
#2564=CIRCLE('',#7478,11.);
#2565=CIRCLE('',#7479,1.2);
#2566=CIRCLE('',#7480,1.2);
#2567=CIRCLE('',#7481,1.2);
#2568=CIRCLE('',#7482,1.2);
#2569=CIRCLE('',#7483,1.2);
#2570=CIRCLE('',#7484,1.2);
#2571=CIRCLE('',#7485,1.2);
#2572=CIRCLE('',#7486,1.2);
#2573=CIRCLE('',#7487,1.2);
#2574=CIRCLE('',#7488,1.2);
#2575=CIRCLE('',#7489,1.2);
#2576=CIRCLE('',#7490,1.2);
#2577=CIRCLE('',#7491,1.2);
#2578=CIRCLE('',#7492,1.2);
#2579=CIRCLE('',#7493,1.2);
#2580=CIRCLE('',#7494,1.2);
#2581=CIRCLE('',#7495,1.2);
#2582=CIRCLE('',#7496,1.2);
#2583=CIRCLE('',#7497,1.2);
#2584=CIRCLE('',#7498,1.2);
#2585=CIRCLE('',#7499,1.2);
#2586=CIRCLE('',#7500,1.2);
#2587=CIRCLE('',#7501,1.2);
#2588=CIRCLE('',#7502,1.2);
#2589=CIRCLE('',#7503,1.2);
#2590=CIRCLE('',#7504,1.2);
#2591=CIRCLE('',#7505,1.2);
#2592=CIRCLE('',#7506,1.2);
#2593=CIRCLE('',#7507,1.2);
#2594=CIRCLE('',#7508,1.2);
#2595=CIRCLE('',#7509,1.2);
#2596=CIRCLE('',#7510,1.2);
#2597=CIRCLE('',#7511,1.2);
#2598=CIRCLE('',#7512,1.2);
#2599=CIRCLE('',#7513,1.2);
#2600=CIRCLE('',#7514,1.2);
#2601=CIRCLE('',#7515,1.2);
#2602=CIRCLE('',#7516,1.2);
#2603=CIRCLE('',#7517,1.2);
#2604=CIRCLE('',#7518,1.2);
#2605=CIRCLE('',#7519,1.2);
#2606=CIRCLE('',#7520,1.2);
#2607=CIRCLE('',#7521,1.2);
#2608=CIRCLE('',#7522,1.2);
#2609=CIRCLE('',#7523,1.2);
#2610=CIRCLE('',#7524,1.2);
#2611=CIRCLE('',#7525,1.2);
#2612=CIRCLE('',#7526,1.2);
#2613=CIRCLE('',#7527,1.2);
#2614=CIRCLE('',#7528,1.2);
#2615=CIRCLE('',#7529,1.2);
#2616=CIRCLE('',#7530,1.2);
#2617=CIRCLE('',#7531,1.2);
#2618=CIRCLE('',#7532,1.2);
#2619=CIRCLE('',#7533,1.2);
#2620=CIRCLE('',#7534,1.2);
#2621=CIRCLE('',#7535,1.2);
#2622=CIRCLE('',#7536,1.2);
#2623=CIRCLE('',#7537,1.2);
#2624=CIRCLE('',#7538,1.2);
#2625=CIRCLE('',#7539,1.2);
#2626=CIRCLE('',#7540,1.2);
#2627=CIRCLE('',#7541,1.2);
#2628=CIRCLE('',#7542,1.2);
#2629=CIRCLE('',#7543,1.2);
#2630=CIRCLE('',#7544,1.2);
#2631=CIRCLE('',#7545,1.2);
#2632=CIRCLE('',#7546,1.2);
#2633=CIRCLE('',#7547,1.2);
#2634=CIRCLE('',#7548,1.2);
#2635=CIRCLE('',#7549,1.2);
#2636=CIRCLE('',#7550,1.2);
#2637=CIRCLE('',#7551,1.2);
#2638=CIRCLE('',#7552,1.2);
#2639=CIRCLE('',#7553,1.2);
#2640=CIRCLE('',#7554,1.2);
#2641=CIRCLE('',#7555,1.2);
#2642=CIRCLE('',#7556,1.2);
#2643=CIRCLE('',#7557,1.2);
#2644=CIRCLE('',#7558,1.2);
#2645=CIRCLE('',#7559,1.2);
#2646=CIRCLE('',#7560,1.2);
#2647=CIRCLE('',#7561,1.2);
#2648=CIRCLE('',#7562,1.2);
#2649=CIRCLE('',#7563,1.2);
#2650=CIRCLE('',#7564,1.2);
#2651=CIRCLE('',#7565,1.2);
#2652=CIRCLE('',#7566,1.2);
#2653=CIRCLE('',#7567,1.2);
#2654=CIRCLE('',#7568,1.2);
#2655=CIRCLE('',#7569,1.2);
#2656=CIRCLE('',#7570,1.2);
#2657=CIRCLE('',#7571,1.2);
#2658=CIRCLE('',#7572,1.2);
#2659=CIRCLE('',#7573,1.2);
#2660=CIRCLE('',#7574,1.2);
#2661=CIRCLE('',#7575,1.2);
#2662=CIRCLE('',#7576,1.2);
#2663=CIRCLE('',#7577,1.2);
#2664=CIRCLE('',#7578,1.2);
#2665=CIRCLE('',#7579,1.2);
#2666=CIRCLE('',#7580,1.2);
#2667=CIRCLE('',#7581,1.2);
#2668=CIRCLE('',#7582,1.2);
#2669=CIRCLE('',#7583,1.2);
#2670=CIRCLE('',#7584,1.2);
#2671=CIRCLE('',#7585,1.2);
#2672=CIRCLE('',#7586,1.2);
#2673=CIRCLE('',#7587,1.2);
#2674=CIRCLE('',#7588,1.2);
#2675=CIRCLE('',#7589,1.2);
#2676=CIRCLE('',#7590,1.2);
#2677=CIRCLE('',#7591,1.2);
#2678=CIRCLE('',#7592,1.2);
#2679=CIRCLE('',#7593,1.2);
#2680=CIRCLE('',#7594,1.2);
#2681=CIRCLE('',#7595,1.2);
#2682=CIRCLE('',#7596,1.2);
#2683=CIRCLE('',#7597,1.2);
#2684=CIRCLE('',#7598,1.2);
#2685=CIRCLE('',#7599,1.2);
#2686=CIRCLE('',#7600,1.2);
#2687=CIRCLE('',#7601,1.2);
#2688=CIRCLE('',#7602,1.2);
#2689=CIRCLE('',#7603,1.2);
#2690=CIRCLE('',#7604,1.2);
#2691=CIRCLE('',#7605,1.2);
#2692=CIRCLE('',#7606,1.2);
#2693=CIRCLE('',#7607,1.2);
#2694=CIRCLE('',#7608,1.2);
#2695=CIRCLE('',#7609,1.2);
#2696=CIRCLE('',#7610,1.2);
#2697=CIRCLE('',#7611,1.2);
#2698=CIRCLE('',#7612,1.2);
#2699=CIRCLE('',#7613,1.2);
#2700=CIRCLE('',#7614,1.2);
#2701=CIRCLE('',#7615,1.2);
#2702=CIRCLE('',#7616,1.2);
#2703=CIRCLE('',#7617,1.2);
#2704=CIRCLE('',#7618,1.2);
#2705=CIRCLE('',#7619,1.2);
#2706=CIRCLE('',#7620,1.2);
#2707=CIRCLE('',#7621,1.2);
#2708=CIRCLE('',#7622,1.2);
#2709=CIRCLE('',#7623,1.2);
#2710=CIRCLE('',#7624,1.2);
#2711=CIRCLE('',#7625,1.2);
#2712=CIRCLE('',#7626,1.2);
#2713=CIRCLE('',#7627,1.2);
#2714=CIRCLE('',#7628,1.2);
#2715=CIRCLE('',#7629,1.2);
#2716=CIRCLE('',#7630,1.2);
#2717=CIRCLE('',#7631,1.2);
#2718=CIRCLE('',#7632,1.2);
#2719=CIRCLE('',#7633,1.2);
#2720=CIRCLE('',#7634,1.2);
#2721=CIRCLE('',#7635,1.2);
#2722=CIRCLE('',#7636,1.2);
#2723=CIRCLE('',#7637,1.2);
#2724=CIRCLE('',#7638,1.2);
#2725=CIRCLE('',#7639,1.2);
#2726=CIRCLE('',#7640,1.2);
#2727=CIRCLE('',#7641,1.2);
#2728=CIRCLE('',#7642,1.2);
#2729=CIRCLE('',#7645,2.2);
#2730=CIRCLE('',#7646,2.2);
#2731=CIRCLE('',#7648,1.2);
#2732=CIRCLE('',#7650,2.2);
#2733=CIRCLE('',#7651,2.2);
#2734=CIRCLE('',#7653,1.2);
#2735=CIRCLE('',#7655,2.2);
#2736=CIRCLE('',#7656,2.2);
#2737=CIRCLE('',#7658,1.2);
#2738=CIRCLE('',#7660,2.2);
#2739=CIRCLE('',#7661,2.2);
#2740=CIRCLE('',#7663,1.2);
#2741=CIRCLE('',#7669,1.2);
#2742=CIRCLE('',#7672,1.2);
#2743=CIRCLE('',#7675,1.2);
#2744=CIRCLE('',#7678,1.2);
#2745=CIRCLE('',#7681,1.2);
#2746=CIRCLE('',#7684,1.2);
#2747=CIRCLE('',#7687,1.2);
#2748=CIRCLE('',#7690,1.2);
#2749=CIRCLE('',#7693,1.2);
#2750=CIRCLE('',#7696,1.2);
#2751=CIRCLE('',#7699,1.2);
#2752=CIRCLE('',#7702,1.2);
#2753=CIRCLE('',#7705,1.2);
#2754=CIRCLE('',#7708,1.2);
#2755=CIRCLE('',#7711,1.2);
#2756=CIRCLE('',#7714,1.2);
#2757=CIRCLE('',#7717,1.2);
#2758=CIRCLE('',#7720,1.2);
#2759=CIRCLE('',#7723,1.2);
#2760=CIRCLE('',#7726,1.2);
#2761=CIRCLE('',#7729,1.2);
#2762=CIRCLE('',#7732,1.2);
#2763=CIRCLE('',#7735,1.2);
#2764=CIRCLE('',#7738,1.2);
#2765=CIRCLE('',#7741,1.2);
#2766=CIRCLE('',#7744,1.2);
#2767=CIRCLE('',#7747,1.2);
#2768=CIRCLE('',#7750,1.2);
#2769=CIRCLE('',#7753,1.2);
#2770=CIRCLE('',#7756,1.2);
#2771=CIRCLE('',#7759,1.2);
#2772=CIRCLE('',#7762,1.2);
#2773=CIRCLE('',#7765,1.2);
#2774=CIRCLE('',#7768,1.2);
#2775=CIRCLE('',#7771,1.2);
#2776=CIRCLE('',#7774,1.2);
#2777=CIRCLE('',#7777,1.2);
#2778=CIRCLE('',#7780,1.2);
#2779=CIRCLE('',#7783,1.2);
#2780=CIRCLE('',#7786,1.2);
#2781=CIRCLE('',#7789,1.2);
#2782=CIRCLE('',#7792,1.2);
#2783=CIRCLE('',#7794,1.2);
#2784=CIRCLE('',#7796,1.2);
#2785=CIRCLE('',#7798,1.2);
#2786=CIRCLE('',#7800,1.2);
#2787=CIRCLE('',#7802,1.2);
#2788=CIRCLE('',#7804,1.2);
#2789=CIRCLE('',#7807,1.2);
#2790=CIRCLE('',#7810,1.2);
#2791=CIRCLE('',#7812,1.2);
#2792=CIRCLE('',#7814,1.2);
#2793=CIRCLE('',#7816,1.2);
#2794=CIRCLE('',#7818,1.2);
#2795=CIRCLE('',#7820,1.2);
#2796=CIRCLE('',#7822,1.2);
#2797=CIRCLE('',#7824,1.2);
#2798=CIRCLE('',#7826,1.2);
#2799=CIRCLE('',#7828,1.2);
#2800=CIRCLE('',#7830,1.2);
#2801=CIRCLE('',#7832,1.2);
#2802=CIRCLE('',#7834,1.2);
#2803=CIRCLE('',#7836,1.2);
#2804=CIRCLE('',#7838,1.2);
#2805=CIRCLE('',#7840,1.2);
#2806=CIRCLE('',#7842,1.2);
#2807=CIRCLE('',#7844,1.2);
#2808=CIRCLE('',#7846,1.2);
#2809=CIRCLE('',#7848,1.2);
#2810=CIRCLE('',#7850,1.2);
#2811=CIRCLE('',#7853,1.2);
#2812=CIRCLE('',#7855,1.2);
#2813=CIRCLE('',#7858,1.2);
#2814=CIRCLE('',#7861,1.2);
#2815=CIRCLE('',#7864,1.2);
#2816=CIRCLE('',#7867,1.2);
#2817=CIRCLE('',#7870,1.2);
#2818=CIRCLE('',#7873,1.2);
#2819=CIRCLE('',#7876,1.2);
#2820=CIRCLE('',#7879,1.2);
#2821=CIRCLE('',#7882,1.2);
#2822=CIRCLE('',#7885,1.2);
#2823=CIRCLE('',#7888,1.2);
#2824=CIRCLE('',#7891,1.2);
#2825=CIRCLE('',#7894,1.2);
#2826=CIRCLE('',#7897,1.2);
#2827=CIRCLE('',#7900,1.2);
#2828=CIRCLE('',#7903,1.2);
#2829=CIRCLE('',#7906,1.2);
#2830=CIRCLE('',#7909,1.2);
#2831=CIRCLE('',#7912,1.2);
#2832=CIRCLE('',#7915,1.2);
#2833=CIRCLE('',#7918,1.2);
#2834=CIRCLE('',#7921,1.2);
#2835=CIRCLE('',#7924,1.2);
#2836=CIRCLE('',#7927,1.2);
#2837=CIRCLE('',#7930,1.2);
#2838=CIRCLE('',#7933,1.2);
#2839=CIRCLE('',#7936,1.2);
#2840=CIRCLE('',#7939,1.2);
#2841=CIRCLE('',#7942,1.2);
#2842=CIRCLE('',#7945,1.2);
#2843=CIRCLE('',#7948,1.2);
#2844=CIRCLE('',#7951,1.2);
#2845=CIRCLE('',#7954,1.2);
#2846=CIRCLE('',#7957,1.2);
#2847=CIRCLE('',#7960,1.2);
#2848=CIRCLE('',#7963,1.2);
#2849=CIRCLE('',#7966,1.2);
#2850=CIRCLE('',#7969,1.2);
#2851=CIRCLE('',#7972,1.2);
#2852=CIRCLE('',#7975,1.2);
#2853=CIRCLE('',#7978,1.2);
#2854=CIRCLE('',#7980,1.2);
#2855=CIRCLE('',#7982,1.2);
#2856=CIRCLE('',#7984,1.2);
#2857=CIRCLE('',#7986,1.2);
#2858=CIRCLE('',#7988,1.2);
#2859=CIRCLE('',#7990,1.2);
#2860=CIRCLE('',#7992,1.2);
#2861=CIRCLE('',#7994,1.2);
#2862=CIRCLE('',#7996,1.2);
#2863=CIRCLE('',#7998,1.2);
#2864=CIRCLE('',#8001,1.2);
#2865=CIRCLE('',#8004,1.2);
#2866=CIRCLE('',#8006,1.2);
#2867=CIRCLE('',#8008,1.2);
#2868=CIRCLE('',#8010,1.2);
#2869=CIRCLE('',#8012,1.2);
#2870=CIRCLE('',#8014,1.2);
#2871=CIRCLE('',#8016,1.2);
#2872=CIRCLE('',#8019,1.2);
#2873=CIRCLE('',#8021,1.2);
#2874=CIRCLE('',#8023,1.2);
#2875=CIRCLE('',#8025,1.2);
#2876=CIRCLE('',#8027,1.2);
#2877=CIRCLE('',#8029,1.2);
#2878=CIRCLE('',#8031,1.2);
#2879=CIRCLE('',#8033,1.2);
#2880=CIRCLE('',#8035,1.2);
#2881=CIRCLE('',#8037,1.2);
#2882=CIRCLE('',#8039,1.2);
#2883=CIRCLE('',#8041,1.2);
#2884=CIRCLE('',#8043,1.2);
#2885=CIRCLE('',#8045,1.2);
#2886=CIRCLE('',#8047,1.2);
#2887=CIRCLE('',#8049,1.2);
#2888=CIRCLE('',#8051,1.2);
#2889=CIRCLE('',#8053,1.2);
#2890=CIRCLE('',#8055,1.2);
#2891=CIRCLE('',#8057,1.2);
#2892=CIRCLE('',#8059,1.2);
#2893=CIRCLE('',#8061,1.2);
#2894=CIRCLE('',#8063,1.2);
#2895=CIRCLE('',#8065,1.2);
#2896=CIRCLE('',#8067,1.2);
#2897=CIRCLE('',#8069,1.2);
#2898=CIRCLE('',#8071,1.2);
#2899=CIRCLE('',#8073,1.2);
#2900=CIRCLE('',#8075,1.2);
#2901=CIRCLE('',#8077,1.2);
#2902=CIRCLE('',#8080,1.2);
#2903=CIRCLE('',#8082,1.2);
#2904=CIRCLE('',#8084,1.2);
#2905=CIRCLE('',#8087,11.);
#2906=VERTEX_POINT('',#10356);
#2907=VERTEX_POINT('',#10357);
#2908=VERTEX_POINT('',#10359);
#2909=VERTEX_POINT('',#10361);
#2910=VERTEX_POINT('',#10363);
#2911=VERTEX_POINT('',#10365);
#2912=VERTEX_POINT('',#10368);
#2913=VERTEX_POINT('',#10370);
#2914=VERTEX_POINT('',#10373);
#2915=VERTEX_POINT('',#10374);
#2916=VERTEX_POINT('',#10376);
#2917=VERTEX_POINT('',#10378);
#2918=VERTEX_POINT('',#10380);
#2919=VERTEX_POINT('',#10382);
#2920=VERTEX_POINT('',#10384);
#2921=VERTEX_POINT('',#10387);
#2922=VERTEX_POINT('',#10390);
#2923=VERTEX_POINT('',#10391);
#2924=VERTEX_POINT('',#10393);
#2925=VERTEX_POINT('',#10395);
#2926=VERTEX_POINT('',#10397);
#2927=VERTEX_POINT('',#10399);
#2928=VERTEX_POINT('',#10402);
#2929=VERTEX_POINT('',#10405);
#2930=VERTEX_POINT('',#10407);
#2931=VERTEX_POINT('',#10411);
#2932=VERTEX_POINT('',#10413);
#2933=VERTEX_POINT('',#10415);
#2934=VERTEX_POINT('',#10417);
#2935=VERTEX_POINT('',#10419);
#2936=VERTEX_POINT('',#10423);
#2937=VERTEX_POINT('',#10427);
#2938=VERTEX_POINT('',#10429);
#2939=VERTEX_POINT('',#10435);
#2940=VERTEX_POINT('',#10437);
#2941=VERTEX_POINT('',#10441);
#2942=VERTEX_POINT('',#10445);
#2943=VERTEX_POINT('',#10449);
#2944=VERTEX_POINT('',#10451);
#2945=VERTEX_POINT('',#10453);
#2946=VERTEX_POINT('',#10457);
#2947=VERTEX_POINT('',#10459);
#2948=VERTEX_POINT('',#10463);
#2949=VERTEX_POINT('',#10465);
#2950=VERTEX_POINT('',#10467);
#2951=VERTEX_POINT('',#10471);
#2952=VERTEX_POINT('',#10473);
#2953=VERTEX_POINT('',#10477);
#2954=VERTEX_POINT('',#10481);
#2955=VERTEX_POINT('',#10490);
#2956=VERTEX_POINT('',#10493);
#2957=VERTEX_POINT('',#10494);
#2958=VERTEX_POINT('',#10496);
#2959=VERTEX_POINT('',#10498);
#2960=VERTEX_POINT('',#10500);
#2961=VERTEX_POINT('',#10502);
#2962=VERTEX_POINT('',#10504);
#2963=VERTEX_POINT('',#10506);
#2964=VERTEX_POINT('',#10509);
#2965=VERTEX_POINT('',#10510);
#2966=VERTEX_POINT('',#10512);
#2967=VERTEX_POINT('',#10514);
#2968=VERTEX_POINT('',#10516);
#2969=VERTEX_POINT('',#10518);
#2970=VERTEX_POINT('',#10520);
#2971=VERTEX_POINT('',#10522);
#2972=VERTEX_POINT('',#10525);
#2973=VERTEX_POINT('',#10526);
#2974=VERTEX_POINT('',#10528);
#2975=VERTEX_POINT('',#10530);
#2976=VERTEX_POINT('',#10532);
#2977=VERTEX_POINT('',#10534);
#2978=VERTEX_POINT('',#10536);
#2979=VERTEX_POINT('',#10538);
#2980=VERTEX_POINT('',#10541);
#2981=VERTEX_POINT('',#10542);
#2982=VERTEX_POINT('',#10544);
#2983=VERTEX_POINT('',#10546);
#2984=VERTEX_POINT('',#10548);
#2985=VERTEX_POINT('',#10550);
#2986=VERTEX_POINT('',#10552);
#2987=VERTEX_POINT('',#10554);
#2988=VERTEX_POINT('',#10557);
#2989=VERTEX_POINT('',#10558);
#2990=VERTEX_POINT('',#10560);
#2991=VERTEX_POINT('',#10562);
#2992=VERTEX_POINT('',#10564);
#2993=VERTEX_POINT('',#10566);
#2994=VERTEX_POINT('',#10568);
#2995=VERTEX_POINT('',#10570);
#2996=VERTEX_POINT('',#10573);
#2997=VERTEX_POINT('',#10574);
#2998=VERTEX_POINT('',#10576);
#2999=VERTEX_POINT('',#10578);
#3000=VERTEX_POINT('',#10580);
#3001=VERTEX_POINT('',#10582);
#3002=VERTEX_POINT('',#10584);
#3003=VERTEX_POINT('',#10586);
#3004=VERTEX_POINT('',#10589);
#3005=VERTEX_POINT('',#10590);
#3006=VERTEX_POINT('',#10592);
#3007=VERTEX_POINT('',#10594);
#3008=VERTEX_POINT('',#10596);
#3009=VERTEX_POINT('',#10598);
#3010=VERTEX_POINT('',#10600);
#3011=VERTEX_POINT('',#10602);
#3012=VERTEX_POINT('',#10605);
#3013=VERTEX_POINT('',#10606);
#3014=VERTEX_POINT('',#10608);
#3015=VERTEX_POINT('',#10610);
#3016=VERTEX_POINT('',#10612);
#3017=VERTEX_POINT('',#10614);
#3018=VERTEX_POINT('',#10616);
#3019=VERTEX_POINT('',#10618);
#3020=VERTEX_POINT('',#10621);
#3021=VERTEX_POINT('',#10622);
#3022=VERTEX_POINT('',#10624);
#3023=VERTEX_POINT('',#10626);
#3024=VERTEX_POINT('',#10628);
#3025=VERTEX_POINT('',#10630);
#3026=VERTEX_POINT('',#10632);
#3027=VERTEX_POINT('',#10634);
#3028=VERTEX_POINT('',#10637);
#3029=VERTEX_POINT('',#10638);
#3030=VERTEX_POINT('',#10640);
#3031=VERTEX_POINT('',#10642);
#3032=VERTEX_POINT('',#10644);
#3033=VERTEX_POINT('',#10646);
#3034=VERTEX_POINT('',#10648);
#3035=VERTEX_POINT('',#10650);
#3036=VERTEX_POINT('',#10653);
#3037=VERTEX_POINT('',#10654);
#3038=VERTEX_POINT('',#10656);
#3039=VERTEX_POINT('',#10658);
#3040=VERTEX_POINT('',#10660);
#3041=VERTEX_POINT('',#10662);
#3042=VERTEX_POINT('',#10664);
#3043=VERTEX_POINT('',#10666);
#3044=VERTEX_POINT('',#10669);
#3045=VERTEX_POINT('',#10670);
#3046=VERTEX_POINT('',#10672);
#3047=VERTEX_POINT('',#10674);
#3048=VERTEX_POINT('',#10676);
#3049=VERTEX_POINT('',#10678);
#3050=VERTEX_POINT('',#10680);
#3051=VERTEX_POINT('',#10682);
#3052=VERTEX_POINT('',#10685);
#3053=VERTEX_POINT('',#10686);
#3054=VERTEX_POINT('',#10688);
#3055=VERTEX_POINT('',#10690);
#3056=VERTEX_POINT('',#10692);
#3057=VERTEX_POINT('',#10694);
#3058=VERTEX_POINT('',#10696);
#3059=VERTEX_POINT('',#10698);
#3060=VERTEX_POINT('',#10701);
#3061=VERTEX_POINT('',#10702);
#3062=VERTEX_POINT('',#10704);
#3063=VERTEX_POINT('',#10706);
#3064=VERTEX_POINT('',#10708);
#3065=VERTEX_POINT('',#10710);
#3066=VERTEX_POINT('',#10712);
#3067=VERTEX_POINT('',#10714);
#3068=VERTEX_POINT('',#10717);
#3069=VERTEX_POINT('',#10718);
#3070=VERTEX_POINT('',#10720);
#3071=VERTEX_POINT('',#10722);
#3072=VERTEX_POINT('',#10724);
#3073=VERTEX_POINT('',#10726);
#3074=VERTEX_POINT('',#10728);
#3075=VERTEX_POINT('',#10730);
#3076=VERTEX_POINT('',#10733);
#3077=VERTEX_POINT('',#10734);
#3078=VERTEX_POINT('',#10736);
#3079=VERTEX_POINT('',#10738);
#3080=VERTEX_POINT('',#10740);
#3081=VERTEX_POINT('',#10742);
#3082=VERTEX_POINT('',#10744);
#3083=VERTEX_POINT('',#10746);
#3084=VERTEX_POINT('',#10749);
#3085=VERTEX_POINT('',#10750);
#3086=VERTEX_POINT('',#10752);
#3087=VERTEX_POINT('',#10754);
#3088=VERTEX_POINT('',#10756);
#3089=VERTEX_POINT('',#10758);
#3090=VERTEX_POINT('',#10760);
#3091=VERTEX_POINT('',#10762);
#3092=VERTEX_POINT('',#10765);
#3093=VERTEX_POINT('',#10766);
#3094=VERTEX_POINT('',#10768);
#3095=VERTEX_POINT('',#10770);
#3096=VERTEX_POINT('',#10772);
#3097=VERTEX_POINT('',#10774);
#3098=VERTEX_POINT('',#10776);
#3099=VERTEX_POINT('',#10778);
#3100=VERTEX_POINT('',#10781);
#3101=VERTEX_POINT('',#10782);
#3102=VERTEX_POINT('',#10784);
#3103=VERTEX_POINT('',#10786);
#3104=VERTEX_POINT('',#10788);
#3105=VERTEX_POINT('',#10790);
#3106=VERTEX_POINT('',#10792);
#3107=VERTEX_POINT('',#10794);
#3108=VERTEX_POINT('',#10797);
#3109=VERTEX_POINT('',#10798);
#3110=VERTEX_POINT('',#10800);
#3111=VERTEX_POINT('',#10802);
#3112=VERTEX_POINT('',#10804);
#3113=VERTEX_POINT('',#10806);
#3114=VERTEX_POINT('',#10808);
#3115=VERTEX_POINT('',#10810);
#3116=VERTEX_POINT('',#10813);
#3117=VERTEX_POINT('',#10814);
#3118=VERTEX_POINT('',#10816);
#3119=VERTEX_POINT('',#10818);
#3120=VERTEX_POINT('',#10820);
#3121=VERTEX_POINT('',#10822);
#3122=VERTEX_POINT('',#10824);
#3123=VERTEX_POINT('',#10826);
#3124=VERTEX_POINT('',#10829);
#3125=VERTEX_POINT('',#10830);
#3126=VERTEX_POINT('',#10832);
#3127=VERTEX_POINT('',#10834);
#3128=VERTEX_POINT('',#10836);
#3129=VERTEX_POINT('',#10838);
#3130=VERTEX_POINT('',#10840);
#3131=VERTEX_POINT('',#10842);
#3132=VERTEX_POINT('',#10845);
#3133=VERTEX_POINT('',#10846);
#3134=VERTEX_POINT('',#10848);
#3135=VERTEX_POINT('',#10850);
#3136=VERTEX_POINT('',#10852);
#3137=VERTEX_POINT('',#10854);
#3138=VERTEX_POINT('',#10856);
#3139=VERTEX_POINT('',#10858);
#3140=VERTEX_POINT('',#10861);
#3141=VERTEX_POINT('',#10862);
#3142=VERTEX_POINT('',#10864);
#3143=VERTEX_POINT('',#10866);
#3144=VERTEX_POINT('',#10868);
#3145=VERTEX_POINT('',#10870);
#3146=VERTEX_POINT('',#10872);
#3147=VERTEX_POINT('',#10874);
#3148=VERTEX_POINT('',#10877);
#3149=VERTEX_POINT('',#10878);
#3150=VERTEX_POINT('',#10880);
#3151=VERTEX_POINT('',#10882);
#3152=VERTEX_POINT('',#10884);
#3153=VERTEX_POINT('',#10886);
#3154=VERTEX_POINT('',#10888);
#3155=VERTEX_POINT('',#10890);
#3156=VERTEX_POINT('',#10893);
#3157=VERTEX_POINT('',#10894);
#3158=VERTEX_POINT('',#10896);
#3159=VERTEX_POINT('',#10898);
#3160=VERTEX_POINT('',#10900);
#3161=VERTEX_POINT('',#10902);
#3162=VERTEX_POINT('',#10904);
#3163=VERTEX_POINT('',#10906);
#3164=VERTEX_POINT('',#10909);
#3165=VERTEX_POINT('',#10910);
#3166=VERTEX_POINT('',#10912);
#3167=VERTEX_POINT('',#10914);
#3168=VERTEX_POINT('',#10916);
#3169=VERTEX_POINT('',#10918);
#3170=VERTEX_POINT('',#10920);
#3171=VERTEX_POINT('',#10922);
#3172=VERTEX_POINT('',#10925);
#3173=VERTEX_POINT('',#10926);
#3174=VERTEX_POINT('',#10928);
#3175=VERTEX_POINT('',#10930);
#3176=VERTEX_POINT('',#10932);
#3177=VERTEX_POINT('',#10934);
#3178=VERTEX_POINT('',#10936);
#3179=VERTEX_POINT('',#10938);
#3180=VERTEX_POINT('',#10941);
#3181=VERTEX_POINT('',#10942);
#3182=VERTEX_POINT('',#10944);
#3183=VERTEX_POINT('',#10946);
#3184=VERTEX_POINT('',#10948);
#3185=VERTEX_POINT('',#10950);
#3186=VERTEX_POINT('',#10952);
#3187=VERTEX_POINT('',#10954);
#3188=VERTEX_POINT('',#10957);
#3189=VERTEX_POINT('',#10958);
#3190=VERTEX_POINT('',#10960);
#3191=VERTEX_POINT('',#10962);
#3192=VERTEX_POINT('',#10964);
#3193=VERTEX_POINT('',#10966);
#3194=VERTEX_POINT('',#10968);
#3195=VERTEX_POINT('',#10970);
#3196=VERTEX_POINT('',#10973);
#3197=VERTEX_POINT('',#10974);
#3198=VERTEX_POINT('',#10976);
#3199=VERTEX_POINT('',#10978);
#3200=VERTEX_POINT('',#10980);
#3201=VERTEX_POINT('',#10982);
#3202=VERTEX_POINT('',#10984);
#3203=VERTEX_POINT('',#10986);
#3204=VERTEX_POINT('',#10989);
#3205=VERTEX_POINT('',#10990);
#3206=VERTEX_POINT('',#10992);
#3207=VERTEX_POINT('',#10994);
#3208=VERTEX_POINT('',#10996);
#3209=VERTEX_POINT('',#10998);
#3210=VERTEX_POINT('',#11000);
#3211=VERTEX_POINT('',#11002);
#3212=VERTEX_POINT('',#11005);
#3213=VERTEX_POINT('',#11006);
#3214=VERTEX_POINT('',#11008);
#3215=VERTEX_POINT('',#11010);
#3216=VERTEX_POINT('',#11012);
#3217=VERTEX_POINT('',#11014);
#3218=VERTEX_POINT('',#11016);
#3219=VERTEX_POINT('',#11018);
#3220=VERTEX_POINT('',#11021);
#3221=VERTEX_POINT('',#11022);
#3222=VERTEX_POINT('',#11024);
#3223=VERTEX_POINT('',#11026);
#3224=VERTEX_POINT('',#11028);
#3225=VERTEX_POINT('',#11030);
#3226=VERTEX_POINT('',#11032);
#3227=VERTEX_POINT('',#11034);
#3228=VERTEX_POINT('',#11037);
#3229=VERTEX_POINT('',#11038);
#3230=VERTEX_POINT('',#11040);
#3231=VERTEX_POINT('',#11042);
#3232=VERTEX_POINT('',#11044);
#3233=VERTEX_POINT('',#11046);
#3234=VERTEX_POINT('',#11048);
#3235=VERTEX_POINT('',#11050);
#3236=VERTEX_POINT('',#11053);
#3237=VERTEX_POINT('',#11054);
#3238=VERTEX_POINT('',#11056);
#3239=VERTEX_POINT('',#11058);
#3240=VERTEX_POINT('',#11060);
#3241=VERTEX_POINT('',#11062);
#3242=VERTEX_POINT('',#11064);
#3243=VERTEX_POINT('',#11066);
#3244=VERTEX_POINT('',#11069);
#3245=VERTEX_POINT('',#11070);
#3246=VERTEX_POINT('',#11072);
#3247=VERTEX_POINT('',#11074);
#3248=VERTEX_POINT('',#11076);
#3249=VERTEX_POINT('',#11078);
#3250=VERTEX_POINT('',#11080);
#3251=VERTEX_POINT('',#11082);
#3252=VERTEX_POINT('',#11085);
#3253=VERTEX_POINT('',#11086);
#3254=VERTEX_POINT('',#11088);
#3255=VERTEX_POINT('',#11090);
#3256=VERTEX_POINT('',#11092);
#3257=VERTEX_POINT('',#11094);
#3258=VERTEX_POINT('',#11096);
#3259=VERTEX_POINT('',#11098);
#3260=VERTEX_POINT('',#11101);
#3261=VERTEX_POINT('',#11102);
#3262=VERTEX_POINT('',#11104);
#3263=VERTEX_POINT('',#11106);
#3264=VERTEX_POINT('',#11108);
#3265=VERTEX_POINT('',#11110);
#3266=VERTEX_POINT('',#11112);
#3267=VERTEX_POINT('',#11114);
#3268=VERTEX_POINT('',#11117);
#3269=VERTEX_POINT('',#11118);
#3270=VERTEX_POINT('',#11120);
#3271=VERTEX_POINT('',#11122);
#3272=VERTEX_POINT('',#11124);
#3273=VERTEX_POINT('',#11126);
#3274=VERTEX_POINT('',#11128);
#3275=VERTEX_POINT('',#11130);
#3276=VERTEX_POINT('',#11133);
#3277=VERTEX_POINT('',#11134);
#3278=VERTEX_POINT('',#11136);
#3279=VERTEX_POINT('',#11138);
#3280=VERTEX_POINT('',#11140);
#3281=VERTEX_POINT('',#11142);
#3282=VERTEX_POINT('',#11144);
#3283=VERTEX_POINT('',#11146);
#3284=VERTEX_POINT('',#11151);
#3285=VERTEX_POINT('',#11153);
#3286=VERTEX_POINT('',#11157);
#3287=VERTEX_POINT('',#11160);
#3288=VERTEX_POINT('',#11162);
#3289=VERTEX_POINT('',#11166);
#3290=VERTEX_POINT('',#11169);
#3291=VERTEX_POINT('',#11171);
#3292=VERTEX_POINT('',#11175);
#3293=VERTEX_POINT('',#11178);
#3294=VERTEX_POINT('',#11180);
#3295=VERTEX_POINT('',#11184);
#3296=VERTEX_POINT('',#11195);
#3297=VERTEX_POINT('',#11196);
#3298=VERTEX_POINT('',#11201);
#3299=VERTEX_POINT('',#11205);
#3300=VERTEX_POINT('',#11206);
#3301=VERTEX_POINT('',#11211);
#3302=VERTEX_POINT('',#11215);
#3303=VERTEX_POINT('',#11217);
#3304=VERTEX_POINT('',#11221);
#3305=VERTEX_POINT('',#11225);
#3306=VERTEX_POINT('',#11227);
#3307=VERTEX_POINT('',#11231);
#3308=VERTEX_POINT('',#11235);
#3309=VERTEX_POINT('',#11237);
#3310=VERTEX_POINT('',#11241);
#3311=VERTEX_POINT('',#11245);
#3312=VERTEX_POINT('',#11247);
#3313=VERTEX_POINT('',#11251);
#3314=VERTEX_POINT('',#11255);
#3315=VERTEX_POINT('',#11257);
#3316=VERTEX_POINT('',#11261);
#3317=VERTEX_POINT('',#11265);
#3318=VERTEX_POINT('',#11267);
#3319=VERTEX_POINT('',#11271);
#3320=VERTEX_POINT('',#11275);
#3321=VERTEX_POINT('',#11276);
#3322=VERTEX_POINT('',#11281);
#3323=VERTEX_POINT('',#11285);
#3324=VERTEX_POINT('',#11286);
#3325=VERTEX_POINT('',#11291);
#3326=VERTEX_POINT('',#11295);
#3327=VERTEX_POINT('',#11297);
#3328=VERTEX_POINT('',#11301);
#3329=VERTEX_POINT('',#11305);
#3330=VERTEX_POINT('',#11307);
#3331=VERTEX_POINT('',#11311);
#3332=VERTEX_POINT('',#11315);
#3333=VERTEX_POINT('',#11317);
#3334=VERTEX_POINT('',#11321);
#3335=VERTEX_POINT('',#11325);
#3336=VERTEX_POINT('',#11327);
#3337=VERTEX_POINT('',#11331);
#3338=VERTEX_POINT('',#11335);
#3339=VERTEX_POINT('',#11337);
#3340=VERTEX_POINT('',#11341);
#3341=VERTEX_POINT('',#11345);
#3342=VERTEX_POINT('',#11347);
#3343=VERTEX_POINT('',#11351);
#3344=VERTEX_POINT('',#11355);
#3345=VERTEX_POINT('',#11357);
#3346=VERTEX_POINT('',#11361);
#3347=VERTEX_POINT('',#11365);
#3348=VERTEX_POINT('',#11367);
#3349=VERTEX_POINT('',#11371);
#3350=VERTEX_POINT('',#11375);
#3351=VERTEX_POINT('',#11377);
#3352=VERTEX_POINT('',#11381);
#3353=VERTEX_POINT('',#11385);
#3354=VERTEX_POINT('',#11387);
#3355=VERTEX_POINT('',#11391);
#3356=VERTEX_POINT('',#11395);
#3357=VERTEX_POINT('',#11397);
#3358=VERTEX_POINT('',#11401);
#3359=VERTEX_POINT('',#11405);
#3360=VERTEX_POINT('',#11407);
#3361=VERTEX_POINT('',#11411);
#3362=VERTEX_POINT('',#11415);
#3363=VERTEX_POINT('',#11417);
#3364=VERTEX_POINT('',#11421);
#3365=VERTEX_POINT('',#11425);
#3366=VERTEX_POINT('',#11427);
#3367=VERTEX_POINT('',#11431);
#3368=VERTEX_POINT('',#11435);
#3369=VERTEX_POINT('',#11437);
#3370=VERTEX_POINT('',#11441);
#3371=VERTEX_POINT('',#11445);
#3372=VERTEX_POINT('',#11447);
#3373=VERTEX_POINT('',#11451);
#3374=VERTEX_POINT('',#11455);
#3375=VERTEX_POINT('',#11457);
#3376=VERTEX_POINT('',#11461);
#3377=VERTEX_POINT('',#11465);
#3378=VERTEX_POINT('',#11467);
#3379=VERTEX_POINT('',#11471);
#3380=VERTEX_POINT('',#11475);
#3381=VERTEX_POINT('',#11477);
#3382=VERTEX_POINT('',#11481);
#3383=VERTEX_POINT('',#11485);
#3384=VERTEX_POINT('',#11487);
#3385=VERTEX_POINT('',#11491);
#3386=VERTEX_POINT('',#11495);
#3387=VERTEX_POINT('',#11497);
#3388=VERTEX_POINT('',#11501);
#3389=VERTEX_POINT('',#11505);
#3390=VERTEX_POINT('',#11507);
#3391=VERTEX_POINT('',#11511);
#3392=VERTEX_POINT('',#11515);
#3393=VERTEX_POINT('',#11516);
#3394=VERTEX_POINT('',#11521);
#3395=VERTEX_POINT('',#11525);
#3396=VERTEX_POINT('',#11526);
#3397=VERTEX_POINT('',#11531);
#3398=VERTEX_POINT('',#11535);
#3399=VERTEX_POINT('',#11536);
#3400=VERTEX_POINT('',#11541);
#3401=VERTEX_POINT('',#11545);
#3402=VERTEX_POINT('',#11546);
#3403=VERTEX_POINT('',#11551);
#3404=VERTEX_POINT('',#11555);
#3405=VERTEX_POINT('',#11556);
#3406=VERTEX_POINT('',#11561);
#3407=VERTEX_POINT('',#11565);
#3408=VERTEX_POINT('',#11566);
#3409=VERTEX_POINT('',#11571);
#3410=VERTEX_POINT('',#11575);
#3411=VERTEX_POINT('',#11576);
#3412=VERTEX_POINT('',#11581);
#3413=VERTEX_POINT('',#11585);
#3414=VERTEX_POINT('',#11586);
#3415=VERTEX_POINT('',#11591);
#3416=VERTEX_POINT('',#11595);
#3417=VERTEX_POINT('',#11596);
#3418=VERTEX_POINT('',#11601);
#3419=VERTEX_POINT('',#11605);
#3420=VERTEX_POINT('',#11609);
#3421=VERTEX_POINT('',#11613);
#3422=VERTEX_POINT('',#11617);
#3423=VERTEX_POINT('',#11621);
#3424=VERTEX_POINT('',#11625);
#3425=VERTEX_POINT('',#11629);
#3426=VERTEX_POINT('',#11631);
#3427=VERTEX_POINT('',#11635);
#3428=VERTEX_POINT('',#11639);
#3429=VERTEX_POINT('',#11641);
#3430=VERTEX_POINT('',#11645);
#3431=VERTEX_POINT('',#11649);
#3432=VERTEX_POINT('',#11653);
#3433=VERTEX_POINT('',#11657);
#3434=VERTEX_POINT('',#11661);
#3435=VERTEX_POINT('',#11665);
#3436=VERTEX_POINT('',#11669);
#3437=VERTEX_POINT('',#11673);
#3438=VERTEX_POINT('',#11677);
#3439=VERTEX_POINT('',#11681);
#3440=VERTEX_POINT('',#11685);
#3441=VERTEX_POINT('',#11689);
#3442=VERTEX_POINT('',#11693);
#3443=VERTEX_POINT('',#11697);
#3444=VERTEX_POINT('',#11701);
#3445=VERTEX_POINT('',#11705);
#3446=VERTEX_POINT('',#11709);
#3447=VERTEX_POINT('',#11713);
#3448=VERTEX_POINT('',#11717);
#3449=VERTEX_POINT('',#11721);
#3450=VERTEX_POINT('',#11725);
#3451=VERTEX_POINT('',#11729);
#3452=VERTEX_POINT('',#11733);
#3453=VERTEX_POINT('',#11737);
#3454=VERTEX_POINT('',#11741);
#3455=VERTEX_POINT('',#11743);
#3456=VERTEX_POINT('',#11747);
#3457=VERTEX_POINT('',#11751);
#3458=VERTEX_POINT('',#11753);
#3459=VERTEX_POINT('',#11757);
#3460=VERTEX_POINT('',#11761);
#3461=VERTEX_POINT('',#11763);
#3462=VERTEX_POINT('',#11767);
#3463=VERTEX_POINT('',#11771);
#3464=VERTEX_POINT('',#11773);
#3465=VERTEX_POINT('',#11777);
#3466=VERTEX_POINT('',#11781);
#3467=VERTEX_POINT('',#11783);
#3468=VERTEX_POINT('',#11787);
#3469=VERTEX_POINT('',#11791);
#3470=VERTEX_POINT('',#11793);
#3471=VERTEX_POINT('',#11797);
#3472=VERTEX_POINT('',#11801);
#3473=VERTEX_POINT('',#11803);
#3474=VERTEX_POINT('',#11807);
#3475=VERTEX_POINT('',#11811);
#3476=VERTEX_POINT('',#11813);
#3477=VERTEX_POINT('',#11817);
#3478=VERTEX_POINT('',#11821);
#3479=VERTEX_POINT('',#11823);
#3480=VERTEX_POINT('',#11827);
#3481=VERTEX_POINT('',#11831);
#3482=VERTEX_POINT('',#11833);
#3483=VERTEX_POINT('',#11837);
#3484=VERTEX_POINT('',#11841);
#3485=VERTEX_POINT('',#11843);
#3486=VERTEX_POINT('',#11847);
#3487=VERTEX_POINT('',#11851);
#3488=VERTEX_POINT('',#11853);
#3489=VERTEX_POINT('',#11857);
#3490=VERTEX_POINT('',#11861);
#3491=VERTEX_POINT('',#11863);
#3492=VERTEX_POINT('',#11867);
#3493=VERTEX_POINT('',#11871);
#3494=VERTEX_POINT('',#11873);
#3495=VERTEX_POINT('',#11877);
#3496=VERTEX_POINT('',#11881);
#3497=VERTEX_POINT('',#11883);
#3498=VERTEX_POINT('',#11887);
#3499=VERTEX_POINT('',#11891);
#3500=VERTEX_POINT('',#11893);
#3501=VERTEX_POINT('',#11897);
#3502=VERTEX_POINT('',#11901);
#3503=VERTEX_POINT('',#11903);
#3504=VERTEX_POINT('',#11907);
#3505=VERTEX_POINT('',#11911);
#3506=VERTEX_POINT('',#11915);
#3507=VERTEX_POINT('',#11919);
#3508=VERTEX_POINT('',#11923);
#3509=VERTEX_POINT('',#11927);
#3510=VERTEX_POINT('',#11929);
#3511=VERTEX_POINT('',#11933);
#3512=VERTEX_POINT('',#11937);
#3513=VERTEX_POINT('',#11939);
#3514=VERTEX_POINT('',#11943);
#3515=VERTEX_POINT('',#11947);
#3516=VERTEX_POINT('',#11949);
#3517=VERTEX_POINT('',#11953);
#3518=VERTEX_POINT('',#11957);
#3519=VERTEX_POINT('',#11959);
#3520=VERTEX_POINT('',#11963);
#3521=VERTEX_POINT('',#11967);
#3522=VERTEX_POINT('',#11969);
#3523=VERTEX_POINT('',#11973);
#3524=VERTEX_POINT('',#11977);
#3525=VERTEX_POINT('',#11979);
#3526=VERTEX_POINT('',#11983);
#3527=VERTEX_POINT('',#11987);
#3528=VERTEX_POINT('',#11989);
#3529=VERTEX_POINT('',#11993);
#3530=VERTEX_POINT('',#11997);
#3531=VERTEX_POINT('',#11999);
#3532=VERTEX_POINT('',#12003);
#3533=VERTEX_POINT('',#12007);
#3534=VERTEX_POINT('',#12009);
#3535=VERTEX_POINT('',#12013);
#3536=VERTEX_POINT('',#12017);
#3537=VERTEX_POINT('',#12018);
#3538=VERTEX_POINT('',#12025);
#3539=VERTEX_POINT('',#12027);
#3540=VERTEX_POINT('',#12031);
#3541=VERTEX_POINT('',#12035);
#3542=VERTEX_POINT('',#12037);
#3543=VERTEX_POINT('',#12041);
#3544=VERTEX_POINT('',#12045);
#3545=VERTEX_POINT('',#12047);
#3546=VERTEX_POINT('',#12051);
#3547=VERTEX_POINT('',#12055);
#3548=VERTEX_POINT('',#12057);
#3549=VERTEX_POINT('',#12061);
#3550=VERTEX_POINT('',#12065);
#3551=VERTEX_POINT('',#12067);
#3552=VERTEX_POINT('',#12071);
#3553=VERTEX_POINT('',#12075);
#3554=VERTEX_POINT('',#12077);
#3555=VERTEX_POINT('',#12081);
#3556=VERTEX_POINT('',#12085);
#3557=VERTEX_POINT('',#12087);
#3558=VERTEX_POINT('',#12091);
#3559=VERTEX_POINT('',#12095);
#3560=VERTEX_POINT('',#12097);
#3561=VERTEX_POINT('',#12101);
#3562=VERTEX_POINT('',#12105);
#3563=VERTEX_POINT('',#12107);
#3564=VERTEX_POINT('',#12111);
#3565=VERTEX_POINT('',#12115);
#3566=VERTEX_POINT('',#12117);
#3567=VERTEX_POINT('',#12121);
#3568=VERTEX_POINT('',#12125);
#3569=VERTEX_POINT('',#12129);
#3570=VERTEX_POINT('',#12133);
#3571=VERTEX_POINT('',#12134);
#3572=VERTEX_POINT('',#12141);
#3573=VERTEX_POINT('',#12145);
#3574=VERTEX_POINT('',#12149);
#3575=VERTEX_POINT('',#12153);
#3576=VERTEX_POINT('',#12157);
#3577=VERTEX_POINT('',#12161);
#3578=VERTEX_POINT('',#12165);
#3579=VERTEX_POINT('',#12169);
#3580=VERTEX_POINT('',#12173);
#3581=VERTEX_POINT('',#12177);
#3582=VERTEX_POINT('',#12181);
#3583=VERTEX_POINT('',#12185);
#3584=VERTEX_POINT('',#12189);
#3585=VERTEX_POINT('',#12195);
#3586=VERTEX_POINT('',#12199);
#3587=VERTEX_POINT('',#12203);
#3588=VERTEX_POINT('',#12207);
#3589=VERTEX_POINT('',#12211);
#3590=VERTEX_POINT('',#12217);
#3591=VERTEX_POINT('',#12219);
#3592=VERTEX_POINT('',#12225);
#3593=VERTEX_POINT('',#12229);
#3594=VERTEX_POINT('',#12233);
#3595=VERTEX_POINT('',#12237);
#3596=VERTEX_POINT('',#12241);
#3597=VERTEX_POINT('',#12245);
#3598=VERTEX_POINT('',#12249);
#3599=VERTEX_POINT('',#12253);
#3600=VERTEX_POINT('',#12257);
#3601=VERTEX_POINT('',#12263);
#3602=VERTEX_POINT('',#12267);
#3603=VERTEX_POINT('',#12271);
#3604=VERTEX_POINT('',#12275);
#3605=VERTEX_POINT('',#12279);
#3606=VERTEX_POINT('',#12283);
#3607=VERTEX_POINT('',#12287);
#3608=VERTEX_POINT('',#12291);
#3609=VERTEX_POINT('',#12295);
#3610=VERTEX_POINT('',#12299);
#3611=VERTEX_POINT('',#12303);
#3612=VERTEX_POINT('',#12307);
#3613=VERTEX_POINT('',#12311);
#3614=VERTEX_POINT('',#12315);
#3615=VERTEX_POINT('',#12319);
#3616=VERTEX_POINT('',#12323);
#3617=VERTEX_POINT('',#12327);
#3618=VERTEX_POINT('',#12331);
#3619=VERTEX_POINT('',#12335);
#3620=VERTEX_POINT('',#12339);
#3621=VERTEX_POINT('',#12341);
#3622=VERTEX_POINT('',#12347);
#3623=VERTEX_POINT('',#12351);
#3624=VERTEX_POINT('',#12357);
#3625=VERTEX_POINT('',#12363);
#3626=EDGE_CURVE('',#2906,#2907,#2533,.T.);
#3627=EDGE_CURVE('',#2907,#2908,#1119,.T.);
#3628=EDGE_CURVE('',#2908,#2909,#2534,.T.);
#3629=EDGE_CURVE('',#2909,#2910,#2535,.T.);
#3630=EDGE_CURVE('',#2910,#2911,#1120,.T.);
#3631=EDGE_CURVE('',#2911,#2906,#2536,.T.);
#3632=EDGE_CURVE('',#2912,#2912,#2537,.T.);
#3633=EDGE_CURVE('',#2913,#2913,#2538,.T.);
#3634=EDGE_CURVE('',#2914,#2915,#2539,.T.);
#3635=EDGE_CURVE('',#2915,#2916,#1121,.T.);
#3636=EDGE_CURVE('',#2916,#2917,#2540,.T.);
#3637=EDGE_CURVE('',#2917,#2918,#1122,.T.);
#3638=EDGE_CURVE('',#2918,#2919,#2541,.T.);
#3639=EDGE_CURVE('',#2919,#2920,#1123,.T.);
#3640=EDGE_CURVE('',#2920,#2914,#2542,.T.);
#3641=EDGE_CURVE('',#2921,#2921,#2543,.T.);
#3642=EDGE_CURVE('',#2922,#2923,#2544,.T.);
#3643=EDGE_CURVE('',#2923,#2924,#2545,.T.);
#3644=EDGE_CURVE('',#2924,#2925,#2546,.T.);
#3645=EDGE_CURVE('',#2925,#2926,#1124,.T.);
#3646=EDGE_CURVE('',#2926,#2927,#2547,.T.);
#3647=EDGE_CURVE('',#2927,#2922,#1125,.T.);
#3648=EDGE_CURVE('',#2928,#2928,#2548,.T.);
#3649=EDGE_CURVE('',#2922,#2929,#1126,.T.);
#3650=EDGE_CURVE('',#2930,#2929,#2549,.T.);
#3651=EDGE_CURVE('',#2930,#2923,#1127,.T.);
#3652=EDGE_CURVE('',#2931,#2930,#2550,.T.);
#3653=EDGE_CURVE('',#2931,#2932,#1128,.T.);
#3654=EDGE_CURVE('',#2932,#2933,#2551,.T.);
#3655=EDGE_CURVE('',#2933,#2934,#1129,.T.);
#3656=EDGE_CURVE('',#2935,#2934,#2552,.T.);
#3657=EDGE_CURVE('',#2924,#2935,#1130,.T.);
#3658=EDGE_CURVE('',#2935,#2936,#2553,.F.);
#3659=EDGE_CURVE('',#2936,#2925,#1131,.T.);
#3660=EDGE_CURVE('',#2926,#2937,#1132,.T.);
#3661=EDGE_CURVE('',#2937,#2938,#2554,.F.);
#3662=EDGE_CURVE('',#2938,#2927,#1133,.T.);
#3663=EDGE_CURVE('',#2929,#2938,#1134,.T.);
#3664=EDGE_CURVE('',#2906,#2939,#1135,.T.);
#3665=EDGE_CURVE('',#2939,#2940,#2555,.F.);
#3666=EDGE_CURVE('',#2940,#2907,#1136,.T.);
#3667=EDGE_CURVE('',#2941,#2940,#1137,.T.);
#3668=EDGE_CURVE('',#2908,#2941,#1138,.T.);
#3669=EDGE_CURVE('',#2942,#2941,#2556,.T.);
#3670=EDGE_CURVE('',#2942,#2909,#1139,.T.);
#3671=EDGE_CURVE('',#2943,#2942,#2557,.T.);
#3672=EDGE_CURVE('',#2943,#2944,#1140,.T.);
#3673=EDGE_CURVE('',#2944,#2945,#2558,.T.);
#3674=EDGE_CURVE('',#2945,#2910,#1141,.T.);
#3675=EDGE_CURVE('',#2914,#2946,#1142,.T.);
#3676=EDGE_CURVE('',#2946,#2947,#2559,.F.);
#3677=EDGE_CURVE('',#2947,#2915,#1143,.T.);
#3678=EDGE_CURVE('',#2946,#2948,#2560,.T.);
#3679=EDGE_CURVE('',#2949,#2920,#1144,.T.);
#3680=EDGE_CURVE('',#2949,#2950,#2561,.T.);
#3681=EDGE_CURVE('',#2950,#2948,#1145,.T.);
#3682=EDGE_CURVE('',#2918,#2951,#1146,.T.);
#3683=EDGE_CURVE('',#2951,#2952,#2562,.F.);
#3684=EDGE_CURVE('',#2952,#2919,#1147,.T.);
#3685=EDGE_CURVE('',#2953,#2917,#1148,.T.);
#3686=EDGE_CURVE('',#2951,#2953,#1149,.T.);
#3687=EDGE_CURVE('',#2916,#2954,#1150,.T.);
#3688=EDGE_CURVE('',#2954,#2953,#2563,.F.);
#3689=EDGE_CURVE('',#2937,#2936,#1151,.T.);
#3690=EDGE_CURVE('',#2952,#2934,#1152,.T.);
#3691=EDGE_CURVE('',#2954,#2947,#1153,.T.);
#3692=EDGE_CURVE('',#2943,#2948,#1154,.T.);
#3693=EDGE_CURVE('',#2939,#2955,#2564,.T.);
#3694=EDGE_CURVE('',#2931,#2955,#1155,.T.);
#3695=EDGE_CURVE('',#2956,#2957,#1156,.T.);
#3696=EDGE_CURVE('',#2958,#2957,#2565,.T.);
#3697=EDGE_CURVE('',#2958,#2959,#1157,.T.);
#3698=EDGE_CURVE('',#2960,#2959,#2566,.T.);
#3699=EDGE_CURVE('',#2960,#2961,#1158,.T.);
#3700=EDGE_CURVE('',#2962,#2961,#2567,.T.);
#3701=EDGE_CURVE('',#2963,#2962,#1159,.T.);
#3702=EDGE_CURVE('',#2956,#2963,#2568,.T.);
#3703=EDGE_CURVE('',#2964,#2965,#1160,.T.);
#3704=EDGE_CURVE('',#2966,#2965,#2569,.T.);
#3705=EDGE_CURVE('',#2967,#2966,#1161,.T.);
#3706=EDGE_CURVE('',#2968,#2967,#2570,.T.);
#3707=EDGE_CURVE('',#2968,#2969,#1162,.T.);
#3708=EDGE_CURVE('',#2970,#2969,#2571,.T.);
#3709=EDGE_CURVE('',#2970,#2971,#1163,.T.);
#3710=EDGE_CURVE('',#2964,#2971,#2572,.T.);
#3711=EDGE_CURVE('',#2972,#2973,#1164,.T.);
#3712=EDGE_CURVE('',#2974,#2973,#2573,.T.);
#3713=EDGE_CURVE('',#2975,#2974,#1165,.T.);
#3714=EDGE_CURVE('',#2976,#2975,#2574,.T.);
#3715=EDGE_CURVE('',#2976,#2977,#1166,.T.);
#3716=EDGE_CURVE('',#2978,#2977,#2575,.T.);
#3717=EDGE_CURVE('',#2978,#2979,#1167,.T.);
#3718=EDGE_CURVE('',#2972,#2979,#2576,.T.);
#3719=EDGE_CURVE('',#2980,#2981,#1168,.T.);
#3720=EDGE_CURVE('',#2982,#2981,#2577,.T.);
#3721=EDGE_CURVE('',#2982,#2983,#1169,.T.);
#3722=EDGE_CURVE('',#2984,#2983,#2578,.T.);
#3723=EDGE_CURVE('',#2984,#2985,#1170,.T.);
#3724=EDGE_CURVE('',#2986,#2985,#2579,.T.);
#3725=EDGE_CURVE('',#2986,#2987,#1171,.T.);
#3726=EDGE_CURVE('',#2980,#2987,#2580,.T.);
#3727=EDGE_CURVE('',#2988,#2989,#1172,.T.);
#3728=EDGE_CURVE('',#2990,#2989,#2581,.T.);
#3729=EDGE_CURVE('',#2990,#2991,#1173,.T.);
#3730=EDGE_CURVE('',#2992,#2991,#2582,.T.);
#3731=EDGE_CURVE('',#2993,#2992,#1174,.T.);
#3732=EDGE_CURVE('',#2994,#2993,#2583,.T.);
#3733=EDGE_CURVE('',#2995,#2994,#1175,.T.);
#3734=EDGE_CURVE('',#2988,#2995,#2584,.T.);
#3735=EDGE_CURVE('',#2996,#2997,#1176,.T.);
#3736=EDGE_CURVE('',#2998,#2997,#2585,.T.);
#3737=EDGE_CURVE('',#2998,#2999,#1177,.T.);
#3738=EDGE_CURVE('',#3000,#2999,#2586,.T.);
#3739=EDGE_CURVE('',#3001,#3000,#1178,.T.);
#3740=EDGE_CURVE('',#3002,#3001,#2587,.T.);
#3741=EDGE_CURVE('',#3003,#3002,#1179,.T.);
#3742=EDGE_CURVE('',#2996,#3003,#2588,.T.);
#3743=EDGE_CURVE('',#3004,#3005,#1180,.T.);
#3744=EDGE_CURVE('',#3006,#3005,#2589,.T.);
#3745=EDGE_CURVE('',#3006,#3007,#1181,.T.);
#3746=EDGE_CURVE('',#3008,#3007,#2590,.T.);
#3747=EDGE_CURVE('',#3009,#3008,#1182,.T.);
#3748=EDGE_CURVE('',#3010,#3009,#2591,.T.);
#3749=EDGE_CURVE('',#3011,#3010,#1183,.T.);
#3750=EDGE_CURVE('',#3004,#3011,#2592,.T.);
#3751=EDGE_CURVE('',#3012,#3013,#1184,.T.);
#3752=EDGE_CURVE('',#3014,#3013,#2593,.T.);
#3753=EDGE_CURVE('',#3014,#3015,#1185,.T.);
#3754=EDGE_CURVE('',#3016,#3015,#2594,.T.);
#3755=EDGE_CURVE('',#3017,#3016,#1186,.T.);
#3756=EDGE_CURVE('',#3018,#3017,#2595,.T.);
#3757=EDGE_CURVE('',#3019,#3018,#1187,.T.);
#3758=EDGE_CURVE('',#3012,#3019,#2596,.T.);
#3759=EDGE_CURVE('',#3020,#3021,#1188,.T.);
#3760=EDGE_CURVE('',#3022,#3021,#2597,.T.);
#3761=EDGE_CURVE('',#3022,#3023,#1189,.T.);
#3762=EDGE_CURVE('',#3024,#3023,#2598,.T.);
#3763=EDGE_CURVE('',#3025,#3024,#1190,.T.);
#3764=EDGE_CURVE('',#3026,#3025,#2599,.T.);
#3765=EDGE_CURVE('',#3027,#3026,#1191,.T.);
#3766=EDGE_CURVE('',#3020,#3027,#2600,.T.);
#3767=EDGE_CURVE('',#3028,#3029,#1192,.T.);
#3768=EDGE_CURVE('',#3030,#3029,#2601,.T.);
#3769=EDGE_CURVE('',#3030,#3031,#1193,.T.);
#3770=EDGE_CURVE('',#3032,#3031,#2602,.T.);
#3771=EDGE_CURVE('',#3032,#3033,#1194,.T.);
#3772=EDGE_CURVE('',#3034,#3033,#2603,.T.);
#3773=EDGE_CURVE('',#3035,#3034,#1195,.T.);
#3774=EDGE_CURVE('',#3028,#3035,#2604,.T.);
#3775=EDGE_CURVE('',#3036,#3037,#1196,.T.);
#3776=EDGE_CURVE('',#3038,#3037,#2605,.T.);
#3777=EDGE_CURVE('',#3038,#3039,#1197,.T.);
#3778=EDGE_CURVE('',#3040,#3039,#2606,.T.);
#3779=EDGE_CURVE('',#3041,#3040,#1198,.T.);
#3780=EDGE_CURVE('',#3042,#3041,#2607,.T.);
#3781=EDGE_CURVE('',#3043,#3042,#1199,.T.);
#3782=EDGE_CURVE('',#3036,#3043,#2608,.T.);
#3783=EDGE_CURVE('',#3044,#3045,#1200,.T.);
#3784=EDGE_CURVE('',#3046,#3045,#2609,.T.);
#3785=EDGE_CURVE('',#3046,#3047,#1201,.T.);
#3786=EDGE_CURVE('',#3048,#3047,#2610,.T.);
#3787=EDGE_CURVE('',#3049,#3048,#1202,.T.);
#3788=EDGE_CURVE('',#3050,#3049,#2611,.T.);
#3789=EDGE_CURVE('',#3051,#3050,#1203,.T.);
#3790=EDGE_CURVE('',#3044,#3051,#2612,.T.);
#3791=EDGE_CURVE('',#3052,#3053,#1204,.T.);
#3792=EDGE_CURVE('',#3054,#3053,#2613,.T.);
#3793=EDGE_CURVE('',#3054,#3055,#1205,.T.);
#3794=EDGE_CURVE('',#3056,#3055,#2614,.T.);
#3795=EDGE_CURVE('',#3057,#3056,#1206,.T.);
#3796=EDGE_CURVE('',#3058,#3057,#2615,.T.);
#3797=EDGE_CURVE('',#3059,#3058,#1207,.T.);
#3798=EDGE_CURVE('',#3052,#3059,#2616,.T.);
#3799=EDGE_CURVE('',#3060,#3061,#1208,.T.);
#3800=EDGE_CURVE('',#3062,#3061,#2617,.T.);
#3801=EDGE_CURVE('',#3062,#3063,#1209,.T.);
#3802=EDGE_CURVE('',#3064,#3063,#2618,.T.);
#3803=EDGE_CURVE('',#3065,#3064,#1210,.T.);
#3804=EDGE_CURVE('',#3066,#3065,#2619,.T.);
#3805=EDGE_CURVE('',#3067,#3066,#1211,.T.);
#3806=EDGE_CURVE('',#3060,#3067,#2620,.T.);
#3807=EDGE_CURVE('',#3068,#3069,#1212,.T.);
#3808=EDGE_CURVE('',#3070,#3069,#2621,.T.);
#3809=EDGE_CURVE('',#3070,#3071,#1213,.T.);
#3810=EDGE_CURVE('',#3072,#3071,#2622,.T.);
#3811=EDGE_CURVE('',#3073,#3072,#1214,.T.);
#3812=EDGE_CURVE('',#3074,#3073,#2623,.T.);
#3813=EDGE_CURVE('',#3075,#3074,#1215,.T.);
#3814=EDGE_CURVE('',#3068,#3075,#2624,.T.);
#3815=EDGE_CURVE('',#3076,#3077,#1216,.T.);
#3816=EDGE_CURVE('',#3078,#3077,#2625,.T.);
#3817=EDGE_CURVE('',#3078,#3079,#1217,.T.);
#3818=EDGE_CURVE('',#3080,#3079,#2626,.T.);
#3819=EDGE_CURVE('',#3081,#3080,#1218,.T.);
#3820=EDGE_CURVE('',#3082,#3081,#2627,.T.);
#3821=EDGE_CURVE('',#3083,#3082,#1219,.T.);
#3822=EDGE_CURVE('',#3076,#3083,#2628,.T.);
#3823=EDGE_CURVE('',#3084,#3085,#1220,.T.);
#3824=EDGE_CURVE('',#3086,#3085,#2629,.T.);
#3825=EDGE_CURVE('',#3087,#3086,#1221,.T.);
#3826=EDGE_CURVE('',#3088,#3087,#2630,.T.);
#3827=EDGE_CURVE('',#3089,#3088,#1222,.T.);
#3828=EDGE_CURVE('',#3090,#3089,#2631,.T.);
#3829=EDGE_CURVE('',#3090,#3091,#1223,.T.);
#3830=EDGE_CURVE('',#3084,#3091,#2632,.T.);
#3831=EDGE_CURVE('',#3092,#3093,#1224,.T.);
#3832=EDGE_CURVE('',#3094,#3093,#2633,.T.);
#3833=EDGE_CURVE('',#3094,#3095,#1225,.T.);
#3834=EDGE_CURVE('',#3096,#3095,#2634,.T.);
#3835=EDGE_CURVE('',#3097,#3096,#1226,.T.);
#3836=EDGE_CURVE('',#3098,#3097,#2635,.T.);
#3837=EDGE_CURVE('',#3099,#3098,#1227,.T.);
#3838=EDGE_CURVE('',#3092,#3099,#2636,.T.);
#3839=EDGE_CURVE('',#3100,#3101,#1228,.T.);
#3840=EDGE_CURVE('',#3102,#3101,#2637,.T.);
#3841=EDGE_CURVE('',#3103,#3102,#1229,.T.);
#3842=EDGE_CURVE('',#3104,#3103,#2638,.T.);
#3843=EDGE_CURVE('',#3105,#3104,#1230,.T.);
#3844=EDGE_CURVE('',#3106,#3105,#2639,.T.);
#3845=EDGE_CURVE('',#3106,#3107,#1231,.T.);
#3846=EDGE_CURVE('',#3100,#3107,#2640,.T.);
#3847=EDGE_CURVE('',#3108,#3109,#1232,.T.);
#3848=EDGE_CURVE('',#3110,#3109,#2641,.T.);
#3849=EDGE_CURVE('',#3110,#3111,#1233,.T.);
#3850=EDGE_CURVE('',#3112,#3111,#2642,.T.);
#3851=EDGE_CURVE('',#3113,#3112,#1234,.T.);
#3852=EDGE_CURVE('',#3114,#3113,#2643,.T.);
#3853=EDGE_CURVE('',#3115,#3114,#1235,.T.);
#3854=EDGE_CURVE('',#3108,#3115,#2644,.T.);
#3855=EDGE_CURVE('',#3116,#3117,#1236,.T.);
#3856=EDGE_CURVE('',#3118,#3117,#2645,.T.);
#3857=EDGE_CURVE('',#3119,#3118,#1237,.T.);
#3858=EDGE_CURVE('',#3120,#3119,#2646,.T.);
#3859=EDGE_CURVE('',#3120,#3121,#1238,.T.);
#3860=EDGE_CURVE('',#3122,#3121,#2647,.T.);
#3861=EDGE_CURVE('',#3122,#3123,#1239,.T.);
#3862=EDGE_CURVE('',#3116,#3123,#2648,.T.);
#3863=EDGE_CURVE('',#3124,#3125,#1240,.T.);
#3864=EDGE_CURVE('',#3126,#3125,#2649,.T.);
#3865=EDGE_CURVE('',#3126,#3127,#1241,.T.);
#3866=EDGE_CURVE('',#3128,#3127,#2650,.T.);
#3867=EDGE_CURVE('',#3129,#3128,#1242,.T.);
#3868=EDGE_CURVE('',#3130,#3129,#2651,.T.);
#3869=EDGE_CURVE('',#3131,#3130,#1243,.T.);
#3870=EDGE_CURVE('',#3124,#3131,#2652,.T.);
#3871=EDGE_CURVE('',#3132,#3133,#1244,.T.);
#3872=EDGE_CURVE('',#3134,#3133,#2653,.T.);
#3873=EDGE_CURVE('',#3135,#3134,#1245,.T.);
#3874=EDGE_CURVE('',#3136,#3135,#2654,.T.);
#3875=EDGE_CURVE('',#3137,#3136,#1246,.T.);
#3876=EDGE_CURVE('',#3138,#3137,#2655,.T.);
#3877=EDGE_CURVE('',#3138,#3139,#1247,.T.);
#3878=EDGE_CURVE('',#3132,#3139,#2656,.T.);
#3879=EDGE_CURVE('',#3140,#3141,#1248,.T.);
#3880=EDGE_CURVE('',#3142,#3141,#2657,.T.);
#3881=EDGE_CURVE('',#3142,#3143,#1249,.T.);
#3882=EDGE_CURVE('',#3144,#3143,#2658,.T.);
#3883=EDGE_CURVE('',#3145,#3144,#1250,.T.);
#3884=EDGE_CURVE('',#3146,#3145,#2659,.T.);
#3885=EDGE_CURVE('',#3147,#3146,#1251,.T.);
#3886=EDGE_CURVE('',#3140,#3147,#2660,.T.);
#3887=EDGE_CURVE('',#3148,#3149,#1252,.T.);
#3888=EDGE_CURVE('',#3150,#3149,#2661,.T.);
#3889=EDGE_CURVE('',#3151,#3150,#1253,.T.);
#3890=EDGE_CURVE('',#3152,#3151,#2662,.T.);
#3891=EDGE_CURVE('',#3153,#3152,#1254,.T.);
#3892=EDGE_CURVE('',#3154,#3153,#2663,.T.);
#3893=EDGE_CURVE('',#3154,#3155,#1255,.T.);
#3894=EDGE_CURVE('',#3148,#3155,#2664,.T.);
#3895=EDGE_CURVE('',#3156,#3157,#1256,.T.);
#3896=EDGE_CURVE('',#3158,#3157,#2665,.T.);
#3897=EDGE_CURVE('',#3158,#3159,#1257,.T.);
#3898=EDGE_CURVE('',#3160,#3159,#2666,.T.);
#3899=EDGE_CURVE('',#3161,#3160,#1258,.T.);
#3900=EDGE_CURVE('',#3162,#3161,#2667,.T.);
#3901=EDGE_CURVE('',#3163,#3162,#1259,.T.);
#3902=EDGE_CURVE('',#3156,#3163,#2668,.T.);
#3903=EDGE_CURVE('',#3164,#3165,#1260,.T.);
#3904=EDGE_CURVE('',#3166,#3165,#2669,.T.);
#3905=EDGE_CURVE('',#3167,#3166,#1261,.T.);
#3906=EDGE_CURVE('',#3168,#3167,#2670,.T.);
#3907=EDGE_CURVE('',#3169,#3168,#1262,.T.);
#3908=EDGE_CURVE('',#3170,#3169,#2671,.T.);
#3909=EDGE_CURVE('',#3170,#3171,#1263,.T.);
#3910=EDGE_CURVE('',#3164,#3171,#2672,.T.);
#3911=EDGE_CURVE('',#3172,#3173,#1264,.T.);
#3912=EDGE_CURVE('',#3174,#3173,#2673,.T.);
#3913=EDGE_CURVE('',#3174,#3175,#1265,.T.);
#3914=EDGE_CURVE('',#3176,#3175,#2674,.T.);
#3915=EDGE_CURVE('',#3177,#3176,#1266,.T.);
#3916=EDGE_CURVE('',#3178,#3177,#2675,.T.);
#3917=EDGE_CURVE('',#3179,#3178,#1267,.T.);
#3918=EDGE_CURVE('',#3172,#3179,#2676,.T.);
#3919=EDGE_CURVE('',#3180,#3181,#1268,.T.);
#3920=EDGE_CURVE('',#3182,#3181,#2677,.T.);
#3921=EDGE_CURVE('',#3182,#3183,#1269,.T.);
#3922=EDGE_CURVE('',#3184,#3183,#2678,.T.);
#3923=EDGE_CURVE('',#3184,#3185,#1270,.T.);
#3924=EDGE_CURVE('',#3186,#3185,#2679,.T.);
#3925=EDGE_CURVE('',#3187,#3186,#1271,.T.);
#3926=EDGE_CURVE('',#3180,#3187,#2680,.T.);
#3927=EDGE_CURVE('',#3188,#3189,#1272,.T.);
#3928=EDGE_CURVE('',#3190,#3189,#2681,.T.);
#3929=EDGE_CURVE('',#3190,#3191,#1273,.T.);
#3930=EDGE_CURVE('',#3192,#3191,#2682,.T.);
#3931=EDGE_CURVE('',#3193,#3192,#1274,.T.);
#3932=EDGE_CURVE('',#3194,#3193,#2683,.T.);
#3933=EDGE_CURVE('',#3195,#3194,#1275,.T.);
#3934=EDGE_CURVE('',#3188,#3195,#2684,.T.);
#3935=EDGE_CURVE('',#3196,#3197,#1276,.T.);
#3936=EDGE_CURVE('',#3198,#3197,#2685,.T.);
#3937=EDGE_CURVE('',#3198,#3199,#1277,.T.);
#3938=EDGE_CURVE('',#3200,#3199,#2686,.T.);
#3939=EDGE_CURVE('',#3201,#3200,#1278,.T.);
#3940=EDGE_CURVE('',#3202,#3201,#2687,.T.);
#3941=EDGE_CURVE('',#3203,#3202,#1279,.T.);
#3942=EDGE_CURVE('',#3196,#3203,#2688,.T.);
#3943=EDGE_CURVE('',#3204,#3205,#1280,.T.);
#3944=EDGE_CURVE('',#3206,#3205,#2689,.T.);
#3945=EDGE_CURVE('',#3206,#3207,#1281,.T.);
#3946=EDGE_CURVE('',#3208,#3207,#2690,.T.);
#3947=EDGE_CURVE('',#3209,#3208,#1282,.T.);
#3948=EDGE_CURVE('',#3210,#3209,#2691,.T.);
#3949=EDGE_CURVE('',#3211,#3210,#1283,.T.);
#3950=EDGE_CURVE('',#3204,#3211,#2692,.T.);
#3951=EDGE_CURVE('',#3212,#3213,#1284,.T.);
#3952=EDGE_CURVE('',#3214,#3213,#2693,.T.);
#3953=EDGE_CURVE('',#3214,#3215,#1285,.T.);
#3954=EDGE_CURVE('',#3216,#3215,#2694,.T.);
#3955=EDGE_CURVE('',#3217,#3216,#1286,.T.);
#3956=EDGE_CURVE('',#3218,#3217,#2695,.T.);
#3957=EDGE_CURVE('',#3219,#3218,#1287,.T.);
#3958=EDGE_CURVE('',#3212,#3219,#2696,.T.);
#3959=EDGE_CURVE('',#3220,#3221,#1288,.T.);
#3960=EDGE_CURVE('',#3222,#3221,#2697,.T.);
#3961=EDGE_CURVE('',#3222,#3223,#1289,.T.);
#3962=EDGE_CURVE('',#3224,#3223,#2698,.T.);
#3963=EDGE_CURVE('',#3225,#3224,#1290,.T.);
#3964=EDGE_CURVE('',#3226,#3225,#2699,.T.);
#3965=EDGE_CURVE('',#3227,#3226,#1291,.T.);
#3966=EDGE_CURVE('',#3220,#3227,#2700,.T.);
#3967=EDGE_CURVE('',#3228,#3229,#1292,.T.);
#3968=EDGE_CURVE('',#3230,#3229,#2701,.T.);
#3969=EDGE_CURVE('',#3230,#3231,#1293,.T.);
#3970=EDGE_CURVE('',#3232,#3231,#2702,.T.);
#3971=EDGE_CURVE('',#3233,#3232,#1294,.T.);
#3972=EDGE_CURVE('',#3234,#3233,#2703,.T.);
#3973=EDGE_CURVE('',#3235,#3234,#1295,.T.);
#3974=EDGE_CURVE('',#3228,#3235,#2704,.T.);
#3975=EDGE_CURVE('',#3236,#3237,#1296,.T.);
#3976=EDGE_CURVE('',#3238,#3237,#2705,.T.);
#3977=EDGE_CURVE('',#3238,#3239,#1297,.T.);
#3978=EDGE_CURVE('',#3240,#3239,#2706,.T.);
#3979=EDGE_CURVE('',#3241,#3240,#1298,.T.);
#3980=EDGE_CURVE('',#3242,#3241,#2707,.T.);
#3981=EDGE_CURVE('',#3243,#3242,#1299,.T.);
#3982=EDGE_CURVE('',#3236,#3243,#2708,.T.);
#3983=EDGE_CURVE('',#3244,#3245,#1300,.T.);
#3984=EDGE_CURVE('',#3246,#3245,#2709,.T.);
#3985=EDGE_CURVE('',#3246,#3247,#1301,.T.);
#3986=EDGE_CURVE('',#3248,#3247,#2710,.T.);
#3987=EDGE_CURVE('',#3249,#3248,#1302,.T.);
#3988=EDGE_CURVE('',#3250,#3249,#2711,.T.);
#3989=EDGE_CURVE('',#3251,#3250,#1303,.T.);
#3990=EDGE_CURVE('',#3244,#3251,#2712,.T.);
#3991=EDGE_CURVE('',#3252,#3253,#1304,.T.);
#3992=EDGE_CURVE('',#3254,#3253,#2713,.T.);
#3993=EDGE_CURVE('',#3254,#3255,#1305,.T.);
#3994=EDGE_CURVE('',#3256,#3255,#2714,.T.);
#3995=EDGE_CURVE('',#3257,#3256,#1306,.T.);
#3996=EDGE_CURVE('',#3258,#3257,#2715,.T.);
#3997=EDGE_CURVE('',#3259,#3258,#1307,.T.);
#3998=EDGE_CURVE('',#3252,#3259,#2716,.T.);
#3999=EDGE_CURVE('',#3260,#3261,#1308,.T.);
#4000=EDGE_CURVE('',#3262,#3261,#2717,.T.);
#4001=EDGE_CURVE('',#3263,#3262,#1309,.T.);
#4002=EDGE_CURVE('',#3264,#3263,#2718,.T.);
#4003=EDGE_CURVE('',#3264,#3265,#1310,.T.);
#4004=EDGE_CURVE('',#3266,#3265,#2719,.T.);
#4005=EDGE_CURVE('',#3266,#3267,#1311,.T.);
#4006=EDGE_CURVE('',#3260,#3267,#2720,.T.);
#4007=EDGE_CURVE('',#3268,#3269,#1312,.T.);
#4008=EDGE_CURVE('',#3270,#3269,#2721,.T.);
#4009=EDGE_CURVE('',#3271,#3270,#1313,.T.);
#4010=EDGE_CURVE('',#3272,#3271,#2722,.T.);
#4011=EDGE_CURVE('',#3272,#3273,#1314,.T.);
#4012=EDGE_CURVE('',#3274,#3273,#2723,.T.);
#4013=EDGE_CURVE('',#3274,#3275,#1315,.T.);
#4014=EDGE_CURVE('',#3268,#3275,#2724,.T.);
#4015=EDGE_CURVE('',#3276,#3277,#1316,.T.);
#4016=EDGE_CURVE('',#3278,#3277,#2725,.T.);
#4017=EDGE_CURVE('',#3279,#3278,#1317,.T.);
#4018=EDGE_CURVE('',#3280,#3279,#2726,.T.);
#4019=EDGE_CURVE('',#3280,#3281,#1318,.T.);
#4020=EDGE_CURVE('',#3282,#3281,#2727,.T.);
#4021=EDGE_CURVE('',#3282,#3283,#1319,.T.);
#4022=EDGE_CURVE('',#3276,#3283,#2728,.T.);
#4023=EDGE_CURVE('',#3284,#3284,#2729,.T.);
#4024=EDGE_CURVE('',#3284,#3285,#1320,.T.);
#4025=EDGE_CURVE('',#3285,#3285,#2730,.T.);
#4026=EDGE_CURVE('',#3286,#3286,#2731,.T.);
#4027=EDGE_CURVE('',#3287,#3287,#2732,.T.);
#4028=EDGE_CURVE('',#3287,#3288,#1321,.T.);
#4029=EDGE_CURVE('',#3288,#3288,#2733,.T.);
#4030=EDGE_CURVE('',#3289,#3289,#2734,.T.);
#4031=EDGE_CURVE('',#3290,#3290,#2735,.T.);
#4032=EDGE_CURVE('',#3290,#3291,#1322,.T.);
#4033=EDGE_CURVE('',#3291,#3291,#2736,.T.);
#4034=EDGE_CURVE('',#3292,#3292,#2737,.T.);
#4035=EDGE_CURVE('',#3293,#3293,#2738,.T.);
#4036=EDGE_CURVE('',#3293,#3294,#1323,.T.);
#4037=EDGE_CURVE('',#3294,#3294,#2739,.T.);
#4038=EDGE_CURVE('',#3295,#3295,#2740,.T.);
#4039=EDGE_CURVE('',#2921,#3295,#1324,.T.);
#4040=EDGE_CURVE('',#2928,#3292,#1325,.T.);
#4041=EDGE_CURVE('',#2913,#3289,#1326,.T.);
#4042=EDGE_CURVE('',#2912,#3286,#1327,.T.);
#4043=EDGE_CURVE('',#3296,#3297,#2741,.T.);
#4044=EDGE_CURVE('',#3297,#3090,#1328,.T.);
#4045=EDGE_CURVE('',#3089,#3296,#1329,.T.);
#4046=EDGE_CURVE('',#3297,#3298,#1330,.T.);
#4047=EDGE_CURVE('',#3091,#3298,#1331,.T.);
#4048=EDGE_CURVE('',#3299,#3300,#2742,.T.);
#4049=EDGE_CURVE('',#3300,#3156,#1332,.T.);
#4050=EDGE_CURVE('',#3163,#3299,#1333,.T.);
#4051=EDGE_CURVE('',#3300,#3301,#1334,.T.);
#4052=EDGE_CURVE('',#3157,#3301,#1335,.T.);
#4053=EDGE_CURVE('',#2963,#3302,#1336,.T.);
#4054=EDGE_CURVE('',#3302,#3303,#2743,.T.);
#4055=EDGE_CURVE('',#3303,#2956,#1337,.T.);
#4056=EDGE_CURVE('',#3304,#2962,#1338,.T.);
#4057=EDGE_CURVE('',#3302,#3304,#1339,.T.);
#4058=EDGE_CURVE('',#3279,#3305,#1340,.T.);
#4059=EDGE_CURVE('',#3305,#3306,#2744,.T.);
#4060=EDGE_CURVE('',#3306,#3280,#1341,.T.);
#4061=EDGE_CURVE('',#3307,#3278,#1342,.T.);
#4062=EDGE_CURVE('',#3305,#3307,#1343,.T.);
#4063=EDGE_CURVE('',#2967,#3308,#1344,.T.);
#4064=EDGE_CURVE('',#3308,#3309,#2745,.T.);
#4065=EDGE_CURVE('',#3309,#2968,#1345,.T.);
#4066=EDGE_CURVE('',#3310,#2966,#1346,.T.);
#4067=EDGE_CURVE('',#3308,#3310,#1347,.T.);
#4068=EDGE_CURVE('',#3271,#3311,#1348,.T.);
#4069=EDGE_CURVE('',#3311,#3312,#2746,.T.);
#4070=EDGE_CURVE('',#3312,#3272,#1349,.T.);
#4071=EDGE_CURVE('',#3313,#3270,#1350,.T.);
#4072=EDGE_CURVE('',#3311,#3313,#1351,.T.);
#4073=EDGE_CURVE('',#2975,#3314,#1352,.T.);
#4074=EDGE_CURVE('',#3314,#3315,#2747,.T.);
#4075=EDGE_CURVE('',#3315,#2976,#1353,.T.);
#4076=EDGE_CURVE('',#3316,#2974,#1354,.T.);
#4077=EDGE_CURVE('',#3314,#3316,#1355,.T.);
#4078=EDGE_CURVE('',#3263,#3317,#1356,.T.);
#4079=EDGE_CURVE('',#3317,#3318,#2748,.T.);
#4080=EDGE_CURVE('',#3318,#3264,#1357,.T.);
#4081=EDGE_CURVE('',#3319,#3262,#1358,.T.);
#4082=EDGE_CURVE('',#3317,#3319,#1359,.T.);
#4083=EDGE_CURVE('',#3320,#3321,#2749,.T.);
#4084=EDGE_CURVE('',#3321,#2984,#1360,.T.);
#4085=EDGE_CURVE('',#2983,#3320,#1361,.T.);
#4086=EDGE_CURVE('',#3321,#3322,#1362,.T.);
#4087=EDGE_CURVE('',#2985,#3322,#1363,.T.);
#4088=EDGE_CURVE('',#3323,#3324,#2750,.T.);
#4089=EDGE_CURVE('',#3324,#3030,#1364,.T.);
#4090=EDGE_CURVE('',#3029,#3323,#1365,.T.);
#4091=EDGE_CURVE('',#3325,#3324,#1366,.T.);
#4092=EDGE_CURVE('',#3031,#3325,#1367,.T.);
#4093=EDGE_CURVE('',#3227,#3326,#1368,.T.);
#4094=EDGE_CURVE('',#3326,#3327,#2751,.T.);
#4095=EDGE_CURVE('',#3327,#3220,#1369,.T.);
#4096=EDGE_CURVE('',#3328,#3226,#1370,.T.);
#4097=EDGE_CURVE('',#3326,#3328,#1371,.T.);
#4098=EDGE_CURVE('',#3027,#3329,#1372,.T.);
#4099=EDGE_CURVE('',#3329,#3330,#2752,.T.);
#4100=EDGE_CURVE('',#3330,#3020,#1373,.T.);
#4101=EDGE_CURVE('',#3331,#3026,#1374,.T.);
#4102=EDGE_CURVE('',#3329,#3331,#1375,.T.);
#4103=EDGE_CURVE('',#3235,#3332,#1376,.T.);
#4104=EDGE_CURVE('',#3332,#3333,#2753,.T.);
#4105=EDGE_CURVE('',#3333,#3228,#1377,.T.);
#4106=EDGE_CURVE('',#3334,#3234,#1378,.T.);
#4107=EDGE_CURVE('',#3332,#3334,#1379,.T.);
#4108=EDGE_CURVE('',#3019,#3335,#1380,.T.);
#4109=EDGE_CURVE('',#3335,#3336,#2754,.T.);
#4110=EDGE_CURVE('',#3336,#3012,#1381,.T.);
#4111=EDGE_CURVE('',#3337,#3018,#1382,.T.);
#4112=EDGE_CURVE('',#3335,#3337,#1383,.T.);
#4113=EDGE_CURVE('',#3243,#3338,#1384,.T.);
#4114=EDGE_CURVE('',#3338,#3339,#2755,.T.);
#4115=EDGE_CURVE('',#3339,#3236,#1385,.T.);
#4116=EDGE_CURVE('',#3340,#3242,#1386,.T.);
#4117=EDGE_CURVE('',#3338,#3340,#1387,.T.);
#4118=EDGE_CURVE('',#3011,#3341,#1388,.T.);
#4119=EDGE_CURVE('',#3341,#3342,#2756,.T.);
#4120=EDGE_CURVE('',#3342,#3004,#1389,.T.);
#4121=EDGE_CURVE('',#3343,#3010,#1390,.T.);
#4122=EDGE_CURVE('',#3341,#3343,#1391,.T.);
#4123=EDGE_CURVE('',#3251,#3344,#1392,.T.);
#4124=EDGE_CURVE('',#3344,#3345,#2757,.T.);
#4125=EDGE_CURVE('',#3345,#3244,#1393,.T.);
#4126=EDGE_CURVE('',#3346,#3250,#1394,.T.);
#4127=EDGE_CURVE('',#3344,#3346,#1395,.T.);
#4128=EDGE_CURVE('',#3003,#3347,#1396,.T.);
#4129=EDGE_CURVE('',#3347,#3348,#2758,.T.);
#4130=EDGE_CURVE('',#3348,#2996,#1397,.T.);
#4131=EDGE_CURVE('',#3349,#3002,#1398,.T.);
#4132=EDGE_CURVE('',#3347,#3349,#1399,.T.);
#4133=EDGE_CURVE('',#3259,#3350,#1400,.T.);
#4134=EDGE_CURVE('',#3350,#3351,#2759,.T.);
#4135=EDGE_CURVE('',#3351,#3252,#1401,.T.);
#4136=EDGE_CURVE('',#3352,#3258,#1402,.T.);
#4137=EDGE_CURVE('',#3350,#3352,#1403,.T.);
#4138=EDGE_CURVE('',#2995,#3353,#1404,.T.);
#4139=EDGE_CURVE('',#3353,#3354,#2760,.T.);
#4140=EDGE_CURVE('',#3354,#2988,#1405,.T.);
#4141=EDGE_CURVE('',#3355,#2994,#1406,.T.);
#4142=EDGE_CURVE('',#3353,#3355,#1407,.T.);
#4143=EDGE_CURVE('',#3181,#3356,#1408,.T.);
#4144=EDGE_CURVE('',#3356,#3357,#2761,.T.);
#4145=EDGE_CURVE('',#3357,#3182,#1409,.T.);
#4146=EDGE_CURVE('',#3358,#3180,#1410,.T.);
#4147=EDGE_CURVE('',#3358,#3356,#1411,.T.);
#4148=EDGE_CURVE('',#3075,#3359,#1412,.T.);
#4149=EDGE_CURVE('',#3359,#3360,#2762,.T.);
#4150=EDGE_CURVE('',#3360,#3068,#1413,.T.);
#4151=EDGE_CURVE('',#3361,#3074,#1414,.T.);
#4152=EDGE_CURVE('',#3359,#3361,#1415,.T.);
#4153=EDGE_CURVE('',#3195,#3362,#1416,.T.);
#4154=EDGE_CURVE('',#3362,#3363,#2763,.T.);
#4155=EDGE_CURVE('',#3363,#3188,#1417,.T.);
#4156=EDGE_CURVE('',#3364,#3194,#1418,.T.);
#4157=EDGE_CURVE('',#3362,#3364,#1419,.T.);
#4158=EDGE_CURVE('',#3067,#3365,#1420,.T.);
#4159=EDGE_CURVE('',#3365,#3366,#2764,.T.);
#4160=EDGE_CURVE('',#3366,#3060,#1421,.T.);
#4161=EDGE_CURVE('',#3367,#3066,#1422,.T.);
#4162=EDGE_CURVE('',#3365,#3367,#1423,.T.);
#4163=EDGE_CURVE('',#3203,#3368,#1424,.T.);
#4164=EDGE_CURVE('',#3368,#3369,#2765,.T.);
#4165=EDGE_CURVE('',#3369,#3196,#1425,.T.);
#4166=EDGE_CURVE('',#3370,#3202,#1426,.T.);
#4167=EDGE_CURVE('',#3368,#3370,#1427,.T.);
#4168=EDGE_CURVE('',#3059,#3371,#1428,.T.);
#4169=EDGE_CURVE('',#3371,#3372,#2766,.T.);
#4170=EDGE_CURVE('',#3372,#3052,#1429,.T.);
#4171=EDGE_CURVE('',#3373,#3058,#1430,.T.);
#4172=EDGE_CURVE('',#3371,#3373,#1431,.T.);
#4173=EDGE_CURVE('',#3211,#3374,#1432,.T.);
#4174=EDGE_CURVE('',#3374,#3375,#2767,.T.);
#4175=EDGE_CURVE('',#3375,#3204,#1433,.T.);
#4176=EDGE_CURVE('',#3376,#3210,#1434,.T.);
#4177=EDGE_CURVE('',#3374,#3376,#1435,.T.);
#4178=EDGE_CURVE('',#3051,#3377,#1436,.T.);
#4179=EDGE_CURVE('',#3377,#3378,#2768,.T.);
#4180=EDGE_CURVE('',#3378,#3044,#1437,.T.);
#4181=EDGE_CURVE('',#3379,#3050,#1438,.T.);
#4182=EDGE_CURVE('',#3377,#3379,#1439,.T.);
#4183=EDGE_CURVE('',#3219,#3380,#1440,.T.);
#4184=EDGE_CURVE('',#3380,#3381,#2769,.T.);
#4185=EDGE_CURVE('',#3381,#3212,#1441,.T.);
#4186=EDGE_CURVE('',#3382,#3218,#1442,.T.);
#4187=EDGE_CURVE('',#3380,#3382,#1443,.T.);
#4188=EDGE_CURVE('',#3043,#3383,#1444,.T.);
#4189=EDGE_CURVE('',#3383,#3384,#2770,.T.);
#4190=EDGE_CURVE('',#3384,#3036,#1445,.T.);
#4191=EDGE_CURVE('',#3385,#3042,#1446,.T.);
#4192=EDGE_CURVE('',#3383,#3385,#1447,.T.);
#4193=EDGE_CURVE('',#3179,#3386,#1448,.T.);
#4194=EDGE_CURVE('',#3386,#3387,#2771,.T.);
#4195=EDGE_CURVE('',#3387,#3172,#1449,.T.);
#4196=EDGE_CURVE('',#3388,#3178,#1450,.T.);
#4197=EDGE_CURVE('',#3386,#3388,#1451,.T.);
#4198=EDGE_CURVE('',#3121,#3389,#1452,.T.);
#4199=EDGE_CURVE('',#3389,#3390,#2772,.T.);
#4200=EDGE_CURVE('',#3390,#3122,#1453,.T.);
#4201=EDGE_CURVE('',#3391,#3120,#1454,.T.);
#4202=EDGE_CURVE('',#3391,#3389,#1455,.T.);
#4203=EDGE_CURVE('',#3392,#3393,#2773,.T.);
#4204=EDGE_CURVE('',#3393,#3138,#1456,.T.);
#4205=EDGE_CURVE('',#3137,#3392,#1457,.T.);
#4206=EDGE_CURVE('',#3393,#3394,#1458,.T.);
#4207=EDGE_CURVE('',#3139,#3394,#1459,.T.);
#4208=EDGE_CURVE('',#3395,#3396,#2774,.T.);
#4209=EDGE_CURVE('',#3396,#3108,#1460,.T.);
#4210=EDGE_CURVE('',#3115,#3395,#1461,.T.);
#4211=EDGE_CURVE('',#3396,#3397,#1462,.T.);
#4212=EDGE_CURVE('',#3109,#3397,#1463,.T.);
#4213=EDGE_CURVE('',#3398,#3399,#2775,.T.);
#4214=EDGE_CURVE('',#3399,#3106,#1464,.T.);
#4215=EDGE_CURVE('',#3105,#3398,#1465,.T.);
#4216=EDGE_CURVE('',#3399,#3400,#1466,.T.);
#4217=EDGE_CURVE('',#3107,#3400,#1467,.T.);
#4218=EDGE_CURVE('',#3401,#3402,#2776,.T.);
#4219=EDGE_CURVE('',#3402,#3140,#1468,.T.);
#4220=EDGE_CURVE('',#3147,#3401,#1469,.T.);
#4221=EDGE_CURVE('',#3402,#3403,#1470,.T.);
#4222=EDGE_CURVE('',#3141,#3403,#1471,.T.);
#4223=EDGE_CURVE('',#3404,#3405,#2777,.T.);
#4224=EDGE_CURVE('',#3405,#3154,#1472,.T.);
#4225=EDGE_CURVE('',#3153,#3404,#1473,.T.);
#4226=EDGE_CURVE('',#3405,#3406,#1474,.T.);
#4227=EDGE_CURVE('',#3155,#3406,#1475,.T.);
#4228=EDGE_CURVE('',#3407,#3408,#2778,.T.);
#4229=EDGE_CURVE('',#3408,#3092,#1476,.T.);
#4230=EDGE_CURVE('',#3099,#3407,#1477,.T.);
#4231=EDGE_CURVE('',#3408,#3409,#1478,.T.);
#4232=EDGE_CURVE('',#3093,#3409,#1479,.T.);
#4233=EDGE_CURVE('',#3410,#3411,#2779,.T.);
#4234=EDGE_CURVE('',#3411,#3170,#1480,.T.);
#4235=EDGE_CURVE('',#3169,#3410,#1481,.T.);
#4236=EDGE_CURVE('',#3411,#3412,#1482,.T.);
#4237=EDGE_CURVE('',#3171,#3412,#1483,.T.);
#4238=EDGE_CURVE('',#3413,#3414,#2780,.T.);
#4239=EDGE_CURVE('',#3414,#3076,#1484,.T.);
#4240=EDGE_CURVE('',#3083,#3413,#1485,.T.);
#4241=EDGE_CURVE('',#3414,#3415,#1486,.T.);
#4242=EDGE_CURVE('',#3077,#3415,#1487,.T.);
#4243=EDGE_CURVE('',#3416,#3417,#2781,.T.);
#4244=EDGE_CURVE('',#3417,#3124,#1488,.T.);
#4245=EDGE_CURVE('',#3131,#3416,#1489,.T.);
#4246=EDGE_CURVE('',#3417,#3418,#1490,.T.);
#4247=EDGE_CURVE('',#3125,#3418,#1491,.T.);
#4248=EDGE_CURVE('',#3419,#3304,#2782,.T.);
#4249=EDGE_CURVE('',#2961,#3419,#1492,.T.);
#4250=EDGE_CURVE('',#3420,#3307,#2783,.T.);
#4251=EDGE_CURVE('',#3277,#3420,#1493,.T.);
#4252=EDGE_CURVE('',#3421,#3310,#2784,.T.);
#4253=EDGE_CURVE('',#2965,#3421,#1494,.T.);
#4254=EDGE_CURVE('',#3422,#3313,#2785,.T.);
#4255=EDGE_CURVE('',#3269,#3422,#1495,.T.);
#4256=EDGE_CURVE('',#3423,#3316,#2786,.T.);
#4257=EDGE_CURVE('',#2973,#3423,#1496,.T.);
#4258=EDGE_CURVE('',#3424,#3319,#2787,.T.);
#4259=EDGE_CURVE('',#3261,#3424,#1497,.T.);
#4260=EDGE_CURVE('',#2981,#3425,#1498,.T.);
#4261=EDGE_CURVE('',#3425,#3426,#2788,.T.);
#4262=EDGE_CURVE('',#3426,#2982,#1499,.T.);
#4263=EDGE_CURVE('',#3427,#2980,#1500,.T.);
#4264=EDGE_CURVE('',#3427,#3425,#1501,.T.);
#4265=EDGE_CURVE('',#3035,#3428,#1502,.T.);
#4266=EDGE_CURVE('',#3428,#3429,#2789,.T.);
#4267=EDGE_CURVE('',#3429,#3028,#1503,.T.);
#4268=EDGE_CURVE('',#3430,#3034,#1504,.T.);
#4269=EDGE_CURVE('',#3428,#3430,#1505,.T.);
#4270=EDGE_CURVE('',#3431,#3328,#2790,.T.);
#4271=EDGE_CURVE('',#3225,#3431,#1506,.T.);
#4272=EDGE_CURVE('',#3432,#3331,#2791,.T.);
#4273=EDGE_CURVE('',#3025,#3432,#1507,.T.);
#4274=EDGE_CURVE('',#3433,#3334,#2792,.T.);
#4275=EDGE_CURVE('',#3233,#3433,#1508,.T.);
#4276=EDGE_CURVE('',#3434,#3337,#2793,.T.);
#4277=EDGE_CURVE('',#3017,#3434,#1509,.T.);
#4278=EDGE_CURVE('',#3435,#3340,#2794,.T.);
#4279=EDGE_CURVE('',#3241,#3435,#1510,.T.);
#4280=EDGE_CURVE('',#3436,#3343,#2795,.T.);
#4281=EDGE_CURVE('',#3009,#3436,#1511,.T.);
#4282=EDGE_CURVE('',#3437,#3346,#2796,.T.);
#4283=EDGE_CURVE('',#3249,#3437,#1512,.T.);
#4284=EDGE_CURVE('',#3438,#3349,#2797,.T.);
#4285=EDGE_CURVE('',#3001,#3438,#1513,.T.);
#4286=EDGE_CURVE('',#3439,#3352,#2798,.T.);
#4287=EDGE_CURVE('',#3257,#3439,#1514,.T.);
#4288=EDGE_CURVE('',#3440,#3355,#2799,.T.);
#4289=EDGE_CURVE('',#2993,#3440,#1515,.T.);
#4290=EDGE_CURVE('',#3441,#3388,#2800,.T.);
#4291=EDGE_CURVE('',#3177,#3441,#1516,.T.);
#4292=EDGE_CURVE('',#3442,#3385,#2801,.T.);
#4293=EDGE_CURVE('',#3041,#3442,#1517,.T.);
#4294=EDGE_CURVE('',#3443,#3382,#2802,.T.);
#4295=EDGE_CURVE('',#3217,#3443,#1518,.T.);
#4296=EDGE_CURVE('',#3444,#3379,#2803,.T.);
#4297=EDGE_CURVE('',#3049,#3444,#1519,.T.);
#4298=EDGE_CURVE('',#3445,#3376,#2804,.T.);
#4299=EDGE_CURVE('',#3209,#3445,#1520,.T.);
#4300=EDGE_CURVE('',#3446,#3373,#2805,.T.);
#4301=EDGE_CURVE('',#3057,#3446,#1521,.T.);
#4302=EDGE_CURVE('',#3447,#3370,#2806,.T.);
#4303=EDGE_CURVE('',#3201,#3447,#1522,.T.);
#4304=EDGE_CURVE('',#3448,#3367,#2807,.T.);
#4305=EDGE_CURVE('',#3065,#3448,#1523,.T.);
#4306=EDGE_CURVE('',#3449,#3364,#2808,.T.);
#4307=EDGE_CURVE('',#3193,#3449,#1524,.T.);
#4308=EDGE_CURVE('',#3450,#3361,#2809,.T.);
#4309=EDGE_CURVE('',#3073,#3450,#1525,.T.);
#4310=EDGE_CURVE('',#3187,#3451,#1526,.T.);
#4311=EDGE_CURVE('',#3451,#3358,#2810,.T.);
#4312=EDGE_CURVE('',#3452,#3186,#1527,.T.);
#4313=EDGE_CURVE('',#3452,#3451,#1528,.T.);
#4314=EDGE_CURVE('',#3453,#3391,#2811,.T.);
#4315=EDGE_CURVE('',#3119,#3453,#1529,.T.);
#4316=EDGE_CURVE('',#3135,#3454,#1530,.T.);
#4317=EDGE_CURVE('',#3454,#3455,#2812,.T.);
#4318=EDGE_CURVE('',#3455,#3136,#1531,.T.);
#4319=EDGE_CURVE('',#3456,#3134,#1532,.T.);
#4320=EDGE_CURVE('',#3456,#3454,#1533,.T.);
#4321=EDGE_CURVE('',#3113,#3457,#1534,.T.);
#4322=EDGE_CURVE('',#3457,#3458,#2813,.T.);
#4323=EDGE_CURVE('',#3458,#3114,#1535,.T.);
#4324=EDGE_CURVE('',#3459,#3112,#1536,.T.);
#4325=EDGE_CURVE('',#3459,#3457,#1537,.T.);
#4326=EDGE_CURVE('',#3103,#3460,#1538,.T.);
#4327=EDGE_CURVE('',#3460,#3461,#2814,.T.);
#4328=EDGE_CURVE('',#3461,#3104,#1539,.T.);
#4329=EDGE_CURVE('',#3462,#3102,#1540,.T.);
#4330=EDGE_CURVE('',#3462,#3460,#1541,.T.);
#4331=EDGE_CURVE('',#3145,#3463,#1542,.T.);
#4332=EDGE_CURVE('',#3463,#3464,#2815,.T.);
#4333=EDGE_CURVE('',#3464,#3146,#1543,.T.);
#4334=EDGE_CURVE('',#3465,#3144,#1544,.T.);
#4335=EDGE_CURVE('',#3465,#3463,#1545,.T.);
#4336=EDGE_CURVE('',#3151,#3466,#1546,.T.);
#4337=EDGE_CURVE('',#3466,#3467,#2816,.T.);
#4338=EDGE_CURVE('',#3467,#3152,#1547,.T.);
#4339=EDGE_CURVE('',#3468,#3150,#1548,.T.);
#4340=EDGE_CURVE('',#3468,#3466,#1549,.T.);
#4341=EDGE_CURVE('',#3097,#3469,#1550,.T.);
#4342=EDGE_CURVE('',#3469,#3470,#2817,.T.);
#4343=EDGE_CURVE('',#3470,#3098,#1551,.T.);
#4344=EDGE_CURVE('',#3471,#3096,#1552,.T.);
#4345=EDGE_CURVE('',#3471,#3469,#1553,.T.);
#4346=EDGE_CURVE('',#3087,#3472,#1554,.T.);
#4347=EDGE_CURVE('',#3472,#3473,#2818,.T.);
#4348=EDGE_CURVE('',#3473,#3088,#1555,.T.);
#4349=EDGE_CURVE('',#3474,#3086,#1556,.T.);
#4350=EDGE_CURVE('',#3474,#3472,#1557,.T.);
#4351=EDGE_CURVE('',#3161,#3475,#1558,.T.);
#4352=EDGE_CURVE('',#3475,#3476,#2819,.T.);
#4353=EDGE_CURVE('',#3476,#3162,#1559,.T.);
#4354=EDGE_CURVE('',#3477,#3160,#1560,.T.);
#4355=EDGE_CURVE('',#3477,#3475,#1561,.T.);
#4356=EDGE_CURVE('',#3167,#3478,#1562,.T.);
#4357=EDGE_CURVE('',#3478,#3479,#2820,.T.);
#4358=EDGE_CURVE('',#3479,#3168,#1563,.T.);
#4359=EDGE_CURVE('',#3480,#3166,#1564,.T.);
#4360=EDGE_CURVE('',#3480,#3478,#1565,.T.);
#4361=EDGE_CURVE('',#3081,#3481,#1566,.T.);
#4362=EDGE_CURVE('',#3481,#3482,#2821,.T.);
#4363=EDGE_CURVE('',#3482,#3082,#1567,.T.);
#4364=EDGE_CURVE('',#3483,#3080,#1568,.T.);
#4365=EDGE_CURVE('',#3483,#3481,#1569,.T.);
#4366=EDGE_CURVE('',#3129,#3484,#1570,.T.);
#4367=EDGE_CURVE('',#3484,#3485,#2822,.T.);
#4368=EDGE_CURVE('',#3485,#3130,#1571,.T.);
#4369=EDGE_CURVE('',#3486,#3128,#1572,.T.);
#4370=EDGE_CURVE('',#3486,#3484,#1573,.T.);
#4371=EDGE_CURVE('',#2959,#3487,#1574,.T.);
#4372=EDGE_CURVE('',#3487,#3488,#2823,.T.);
#4373=EDGE_CURVE('',#3488,#2960,#1575,.T.);
#4374=EDGE_CURVE('',#3489,#2958,#1576,.T.);
#4375=EDGE_CURVE('',#3489,#3487,#1577,.T.);
#4376=EDGE_CURVE('',#3283,#3490,#1578,.T.);
#4377=EDGE_CURVE('',#3490,#3491,#2824,.T.);
#4378=EDGE_CURVE('',#3491,#3276,#1579,.T.);
#4379=EDGE_CURVE('',#3492,#3282,#1580,.T.);
#4380=EDGE_CURVE('',#3492,#3490,#1581,.T.);
#4381=EDGE_CURVE('',#2971,#3493,#1582,.T.);
#4382=EDGE_CURVE('',#3493,#3494,#2825,.T.);
#4383=EDGE_CURVE('',#3494,#2964,#1583,.T.);
#4384=EDGE_CURVE('',#3495,#2970,#1584,.T.);
#4385=EDGE_CURVE('',#3495,#3493,#1585,.T.);
#4386=EDGE_CURVE('',#3275,#3496,#1586,.T.);
#4387=EDGE_CURVE('',#3496,#3497,#2826,.T.);
#4388=EDGE_CURVE('',#3497,#3268,#1587,.T.);
#4389=EDGE_CURVE('',#3498,#3274,#1588,.T.);
#4390=EDGE_CURVE('',#3498,#3496,#1589,.T.);
#4391=EDGE_CURVE('',#2979,#3499,#1590,.T.);
#4392=EDGE_CURVE('',#3499,#3500,#2827,.T.);
#4393=EDGE_CURVE('',#3500,#2972,#1591,.T.);
#4394=EDGE_CURVE('',#3501,#2978,#1592,.T.);
#4395=EDGE_CURVE('',#3501,#3499,#1593,.T.);
#4396=EDGE_CURVE('',#3267,#3502,#1594,.T.);
#4397=EDGE_CURVE('',#3502,#3503,#2828,.T.);
#4398=EDGE_CURVE('',#3503,#3260,#1595,.T.);
#4399=EDGE_CURVE('',#3504,#3266,#1596,.T.);
#4400=EDGE_CURVE('',#3504,#3502,#1597,.T.);
#4401=EDGE_CURVE('',#2987,#3505,#1598,.T.);
#4402=EDGE_CURVE('',#3505,#3427,#2829,.T.);
#4403=EDGE_CURVE('',#3506,#2986,#1599,.T.);
#4404=EDGE_CURVE('',#3506,#3505,#1600,.T.);
#4405=EDGE_CURVE('',#3033,#3507,#1601,.T.);
#4406=EDGE_CURVE('',#3507,#3430,#2830,.T.);
#4407=EDGE_CURVE('',#3508,#3032,#1602,.T.);
#4408=EDGE_CURVE('',#3508,#3507,#1603,.T.);
#4409=EDGE_CURVE('',#3223,#3509,#1604,.T.);
#4410=EDGE_CURVE('',#3509,#3510,#2831,.T.);
#4411=EDGE_CURVE('',#3510,#3224,#1605,.T.);
#4412=EDGE_CURVE('',#3511,#3222,#1606,.T.);
#4413=EDGE_CURVE('',#3511,#3509,#1607,.T.);
#4414=EDGE_CURVE('',#3023,#3512,#1608,.T.);
#4415=EDGE_CURVE('',#3512,#3513,#2832,.T.);
#4416=EDGE_CURVE('',#3513,#3024,#1609,.T.);
#4417=EDGE_CURVE('',#3514,#3022,#1610,.T.);
#4418=EDGE_CURVE('',#3514,#3512,#1611,.T.);
#4419=EDGE_CURVE('',#3231,#3515,#1612,.T.);
#4420=EDGE_CURVE('',#3515,#3516,#2833,.T.);
#4421=EDGE_CURVE('',#3516,#3232,#1613,.T.);
#4422=EDGE_CURVE('',#3517,#3230,#1614,.T.);
#4423=EDGE_CURVE('',#3517,#3515,#1615,.T.);
#4424=EDGE_CURVE('',#3015,#3518,#1616,.T.);
#4425=EDGE_CURVE('',#3518,#3519,#2834,.T.);
#4426=EDGE_CURVE('',#3519,#3016,#1617,.T.);
#4427=EDGE_CURVE('',#3520,#3014,#1618,.T.);
#4428=EDGE_CURVE('',#3520,#3518,#1619,.T.);
#4429=EDGE_CURVE('',#3239,#3521,#1620,.T.);
#4430=EDGE_CURVE('',#3521,#3522,#2835,.T.);
#4431=EDGE_CURVE('',#3522,#3240,#1621,.T.);
#4432=EDGE_CURVE('',#3523,#3238,#1622,.T.);
#4433=EDGE_CURVE('',#3523,#3521,#1623,.T.);
#4434=EDGE_CURVE('',#3007,#3524,#1624,.T.);
#4435=EDGE_CURVE('',#3524,#3525,#2836,.T.);
#4436=EDGE_CURVE('',#3525,#3008,#1625,.T.);
#4437=EDGE_CURVE('',#3526,#3006,#1626,.T.);
#4438=EDGE_CURVE('',#3526,#3524,#1627,.T.);
#4439=EDGE_CURVE('',#3247,#3527,#1628,.T.);
#4440=EDGE_CURVE('',#3527,#3528,#2837,.T.);
#4441=EDGE_CURVE('',#3528,#3248,#1629,.T.);
#4442=EDGE_CURVE('',#3529,#3246,#1630,.T.);
#4443=EDGE_CURVE('',#3529,#3527,#1631,.T.);
#4444=EDGE_CURVE('',#2999,#3530,#1632,.T.);
#4445=EDGE_CURVE('',#3530,#3531,#2838,.T.);
#4446=EDGE_CURVE('',#3531,#3000,#1633,.T.);
#4447=EDGE_CURVE('',#3532,#2998,#1634,.T.);
#4448=EDGE_CURVE('',#3532,#3530,#1635,.T.);
#4449=EDGE_CURVE('',#3255,#3533,#1636,.T.);
#4450=EDGE_CURVE('',#3533,#3534,#2839,.T.);
#4451=EDGE_CURVE('',#3534,#3256,#1637,.T.);
#4452=EDGE_CURVE('',#3535,#3254,#1638,.T.);
#4453=EDGE_CURVE('',#3535,#3533,#1639,.T.);
#4454=EDGE_CURVE('',#3536,#3537,#2840,.T.);
#4455=EDGE_CURVE('',#3537,#2992,#1640,.T.);
#4456=EDGE_CURVE('',#2991,#3536,#1641,.T.);
#4457=EDGE_CURVE('',#3440,#3537,#1642,.T.);
#4458=EDGE_CURVE('',#3175,#3538,#1643,.T.);
#4459=EDGE_CURVE('',#3538,#3539,#2841,.T.);
#4460=EDGE_CURVE('',#3539,#3176,#1644,.T.);
#4461=EDGE_CURVE('',#3540,#3174,#1645,.T.);
#4462=EDGE_CURVE('',#3540,#3538,#1646,.T.);
#4463=EDGE_CURVE('',#3039,#3541,#1647,.T.);
#4464=EDGE_CURVE('',#3541,#3542,#2842,.T.);
#4465=EDGE_CURVE('',#3542,#3040,#1648,.T.);
#4466=EDGE_CURVE('',#3543,#3038,#1649,.T.);
#4467=EDGE_CURVE('',#3543,#3541,#1650,.T.);
#4468=EDGE_CURVE('',#3215,#3544,#1651,.T.);
#4469=EDGE_CURVE('',#3544,#3545,#2843,.T.);
#4470=EDGE_CURVE('',#3545,#3216,#1652,.T.);
#4471=EDGE_CURVE('',#3546,#3214,#1653,.T.);
#4472=EDGE_CURVE('',#3546,#3544,#1654,.T.);
#4473=EDGE_CURVE('',#3047,#3547,#1655,.T.);
#4474=EDGE_CURVE('',#3547,#3548,#2844,.T.);
#4475=EDGE_CURVE('',#3548,#3048,#1656,.T.);
#4476=EDGE_CURVE('',#3549,#3046,#1657,.T.);
#4477=EDGE_CURVE('',#3549,#3547,#1658,.T.);
#4478=EDGE_CURVE('',#3207,#3550,#1659,.T.);
#4479=EDGE_CURVE('',#3550,#3551,#2845,.T.);
#4480=EDGE_CURVE('',#3551,#3208,#1660,.T.);
#4481=EDGE_CURVE('',#3552,#3206,#1661,.T.);
#4482=EDGE_CURVE('',#3552,#3550,#1662,.T.);
#4483=EDGE_CURVE('',#3055,#3553,#1663,.T.);
#4484=EDGE_CURVE('',#3553,#3554,#2846,.T.);
#4485=EDGE_CURVE('',#3554,#3056,#1664,.T.);
#4486=EDGE_CURVE('',#3555,#3054,#1665,.T.);
#4487=EDGE_CURVE('',#3555,#3553,#1666,.T.);
#4488=EDGE_CURVE('',#3199,#3556,#1667,.T.);
#4489=EDGE_CURVE('',#3556,#3557,#2847,.T.);
#4490=EDGE_CURVE('',#3557,#3200,#1668,.T.);
#4491=EDGE_CURVE('',#3558,#3198,#1669,.T.);
#4492=EDGE_CURVE('',#3558,#3556,#1670,.T.);
#4493=EDGE_CURVE('',#3063,#3559,#1671,.T.);
#4494=EDGE_CURVE('',#3559,#3560,#2848,.T.);
#4495=EDGE_CURVE('',#3560,#3064,#1672,.T.);
#4496=EDGE_CURVE('',#3561,#3062,#1673,.T.);
#4497=EDGE_CURVE('',#3561,#3559,#1674,.T.);
#4498=EDGE_CURVE('',#3191,#3562,#1675,.T.);
#4499=EDGE_CURVE('',#3562,#3563,#2849,.T.);
#4500=EDGE_CURVE('',#3563,#3192,#1676,.T.);
#4501=EDGE_CURVE('',#3564,#3190,#1677,.T.);
#4502=EDGE_CURVE('',#3564,#3562,#1678,.T.);
#4503=EDGE_CURVE('',#3071,#3565,#1679,.T.);
#4504=EDGE_CURVE('',#3565,#3566,#2850,.T.);
#4505=EDGE_CURVE('',#3566,#3072,#1680,.T.);
#4506=EDGE_CURVE('',#3567,#3070,#1681,.T.);
#4507=EDGE_CURVE('',#3567,#3565,#1682,.T.);
#4508=EDGE_CURVE('',#3185,#3568,#1683,.T.);
#4509=EDGE_CURVE('',#3568,#3452,#2851,.T.);
#4510=EDGE_CURVE('',#3569,#3184,#1684,.T.);
#4511=EDGE_CURVE('',#3569,#3568,#1685,.T.);
#4512=EDGE_CURVE('',#3570,#3571,#2852,.T.);
#4513=EDGE_CURVE('',#3571,#3118,#1686,.T.);
#4514=EDGE_CURVE('',#3117,#3570,#1687,.T.);
#4515=EDGE_CURVE('',#3571,#3453,#1688,.T.);
#4516=EDGE_CURVE('',#3572,#3456,#2853,.T.);
#4517=EDGE_CURVE('',#3133,#3572,#1689,.T.);
#4518=EDGE_CURVE('',#3573,#3459,#2854,.T.);
#4519=EDGE_CURVE('',#3111,#3573,#1690,.T.);
#4520=EDGE_CURVE('',#3574,#3462,#2855,.T.);
#4521=EDGE_CURVE('',#3101,#3574,#1691,.T.);
#4522=EDGE_CURVE('',#3575,#3465,#2856,.T.);
#4523=EDGE_CURVE('',#3143,#3575,#1692,.T.);
#4524=EDGE_CURVE('',#3576,#3468,#2857,.T.);
#4525=EDGE_CURVE('',#3149,#3576,#1693,.T.);
#4526=EDGE_CURVE('',#3577,#3471,#2858,.T.);
#4527=EDGE_CURVE('',#3095,#3577,#1694,.T.);
#4528=EDGE_CURVE('',#3578,#3474,#2859,.T.);
#4529=EDGE_CURVE('',#3085,#3578,#1695,.T.);
#4530=EDGE_CURVE('',#3579,#3477,#2860,.T.);
#4531=EDGE_CURVE('',#3159,#3579,#1696,.T.);
#4532=EDGE_CURVE('',#3580,#3480,#2861,.T.);
#4533=EDGE_CURVE('',#3165,#3580,#1697,.T.);
#4534=EDGE_CURVE('',#3581,#3483,#2862,.T.);
#4535=EDGE_CURVE('',#3079,#3581,#1698,.T.);
#4536=EDGE_CURVE('',#3127,#3582,#1699,.T.);
#4537=EDGE_CURVE('',#3582,#3486,#2863,.T.);
#4538=EDGE_CURVE('',#3583,#3126,#1700,.T.);
#4539=EDGE_CURVE('',#3583,#3582,#1701,.T.);
#4540=EDGE_CURVE('',#2957,#3584,#1702,.T.);
#4541=EDGE_CURVE('',#3584,#3489,#2864,.T.);
#4542=EDGE_CURVE('',#3303,#3584,#1703,.T.);
#4543=EDGE_CURVE('',#3585,#3492,#2865,.T.);
#4544=EDGE_CURVE('',#3281,#3585,#1704,.T.);
#4545=EDGE_CURVE('',#3586,#3495,#2866,.T.);
#4546=EDGE_CURVE('',#2969,#3586,#1705,.T.);
#4547=EDGE_CURVE('',#3587,#3498,#2867,.T.);
#4548=EDGE_CURVE('',#3273,#3587,#1706,.T.);
#4549=EDGE_CURVE('',#3588,#3501,#2868,.T.);
#4550=EDGE_CURVE('',#2977,#3588,#1707,.T.);
#4551=EDGE_CURVE('',#3589,#3504,#2869,.T.);
#4552=EDGE_CURVE('',#3265,#3589,#1708,.T.);
#4553=EDGE_CURVE('',#3322,#3506,#2870,.T.);
#4554=EDGE_CURVE('',#2989,#3590,#1709,.T.);
#4555=EDGE_CURVE('',#3590,#3591,#2871,.T.);
#4556=EDGE_CURVE('',#3591,#2990,#1710,.T.);
#4557=EDGE_CURVE('',#3590,#3354,#1711,.T.);
#4558=EDGE_CURVE('',#3592,#3535,#2872,.T.);
#4559=EDGE_CURVE('',#3253,#3592,#1712,.T.);
#4560=EDGE_CURVE('',#3593,#3532,#2873,.T.);
#4561=EDGE_CURVE('',#2997,#3593,#1713,.T.);
#4562=EDGE_CURVE('',#3594,#3529,#2874,.T.);
#4563=EDGE_CURVE('',#3245,#3594,#1714,.T.);
#4564=EDGE_CURVE('',#3595,#3526,#2875,.T.);
#4565=EDGE_CURVE('',#3005,#3595,#1715,.T.);
#4566=EDGE_CURVE('',#3596,#3523,#2876,.T.);
#4567=EDGE_CURVE('',#3237,#3596,#1716,.T.);
#4568=EDGE_CURVE('',#3597,#3520,#2877,.T.);
#4569=EDGE_CURVE('',#3013,#3597,#1717,.T.);
#4570=EDGE_CURVE('',#3598,#3517,#2878,.T.);
#4571=EDGE_CURVE('',#3229,#3598,#1718,.T.);
#4572=EDGE_CURVE('',#3599,#3514,#2879,.T.);
#4573=EDGE_CURVE('',#3021,#3599,#1719,.T.);
#4574=EDGE_CURVE('',#3600,#3511,#2880,.T.);
#4575=EDGE_CURVE('',#3221,#3600,#1720,.T.);
#4576=EDGE_CURVE('',#3325,#3508,#2881,.T.);
#4577=EDGE_CURVE('',#3601,#3540,#2882,.T.);
#4578=EDGE_CURVE('',#3173,#3601,#1721,.T.);
#4579=EDGE_CURVE('',#3602,#3543,#2883,.T.);
#4580=EDGE_CURVE('',#3037,#3602,#1722,.T.);
#4581=EDGE_CURVE('',#3603,#3546,#2884,.T.);
#4582=EDGE_CURVE('',#3213,#3603,#1723,.T.);
#4583=EDGE_CURVE('',#3604,#3549,#2885,.T.);
#4584=EDGE_CURVE('',#3045,#3604,#1724,.T.);
#4585=EDGE_CURVE('',#3605,#3552,#2886,.T.);
#4586=EDGE_CURVE('',#3205,#3605,#1725,.T.);
#4587=EDGE_CURVE('',#3606,#3555,#2887,.T.);
#4588=EDGE_CURVE('',#3053,#3606,#1726,.T.);
#4589=EDGE_CURVE('',#3607,#3558,#2888,.T.);
#4590=EDGE_CURVE('',#3197,#3607,#1727,.T.);
#4591=EDGE_CURVE('',#3608,#3561,#2889,.T.);
#4592=EDGE_CURVE('',#3061,#3608,#1728,.T.);
#4593=EDGE_CURVE('',#3609,#3564,#2890,.T.);
#4594=EDGE_CURVE('',#3189,#3609,#1729,.T.);
#4595=EDGE_CURVE('',#3610,#3567,#2891,.T.);
#4596=EDGE_CURVE('',#3069,#3610,#1730,.T.);
#4597=EDGE_CURVE('',#3611,#3569,#2892,.T.);
#4598=EDGE_CURVE('',#3183,#3611,#1731,.T.);
#4599=EDGE_CURVE('',#3301,#3612,#2893,.T.);
#4600=EDGE_CURVE('',#3612,#3158,#1732,.T.);
#4601=EDGE_CURVE('',#3298,#3613,#2894,.T.);
#4602=EDGE_CURVE('',#3613,#3084,#1733,.T.);
#4603=EDGE_CURVE('',#3409,#3614,#2895,.T.);
#4604=EDGE_CURVE('',#3614,#3094,#1734,.T.);
#4605=EDGE_CURVE('',#3406,#3615,#2896,.T.);
#4606=EDGE_CURVE('',#3615,#3148,#1735,.T.);
#4607=EDGE_CURVE('',#3403,#3616,#2897,.T.);
#4608=EDGE_CURVE('',#3616,#3142,#1736,.T.);
#4609=EDGE_CURVE('',#3400,#3617,#2898,.T.);
#4610=EDGE_CURVE('',#3617,#3100,#1737,.T.);
#4611=EDGE_CURVE('',#3397,#3618,#2899,.T.);
#4612=EDGE_CURVE('',#3618,#3110,#1738,.T.);
#4613=EDGE_CURVE('',#3394,#3619,#2900,.T.);
#4614=EDGE_CURVE('',#3619,#3132,#1739,.T.);
#4615=EDGE_CURVE('',#3123,#3620,#1740,.T.);
#4616=EDGE_CURVE('',#3620,#3621,#2901,.T.);
#4617=EDGE_CURVE('',#3621,#3116,#1741,.T.);
#4618=EDGE_CURVE('',#3390,#3620,#1742,.T.);
#4619=EDGE_CURVE('',#3412,#3622,#2902,.T.);
#4620=EDGE_CURVE('',#3622,#3164,#1743,.T.);
#4621=EDGE_CURVE('',#3415,#3623,#2903,.T.);
#4622=EDGE_CURVE('',#3623,#3078,#1744,.T.);
#4623=EDGE_CURVE('',#3418,#3583,#2904,.T.);
#4624=EDGE_CURVE('',#2945,#3624,#1745,.T.);
#4625=EDGE_CURVE('',#3624,#2911,#1746,.T.);
#4626=EDGE_CURVE('',#2950,#2944,#1747,.T.);
#4627=EDGE_CURVE('',#2933,#2949,#1748,.T.);
#4628=EDGE_CURVE('',#3625,#2932,#1749,.T.);
#4629=EDGE_CURVE('',#3624,#3625,#2905,.T.);
#4630=EDGE_CURVE('',#3488,#3419,#1750,.T.);
#4631=EDGE_CURVE('',#3491,#3420,#1751,.T.);
#4632=EDGE_CURVE('',#3306,#3585,#1752,.T.);
#4633=EDGE_CURVE('',#3494,#3421,#1753,.T.);
#4634=EDGE_CURVE('',#3309,#3586,#1754,.T.);
#4635=EDGE_CURVE('',#3497,#3422,#1755,.T.);
#4636=EDGE_CURVE('',#3312,#3587,#1756,.T.);
#4637=EDGE_CURVE('',#3500,#3423,#1757,.T.);
#4638=EDGE_CURVE('',#3315,#3588,#1758,.T.);
#4639=EDGE_CURVE('',#3503,#3424,#1759,.T.);
#4640=EDGE_CURVE('',#3318,#3589,#1760,.T.);
#4641=EDGE_CURVE('',#3426,#3320,#1761,.T.);
#4642=EDGE_CURVE('',#3591,#3536,#1762,.T.);
#4643=EDGE_CURVE('',#3592,#3351,#1763,.T.);
#4644=EDGE_CURVE('',#3439,#3534,#1764,.T.);
#4645=EDGE_CURVE('',#3593,#3348,#1765,.T.);
#4646=EDGE_CURVE('',#3438,#3531,#1766,.T.);
#4647=EDGE_CURVE('',#3594,#3345,#1767,.T.);
#4648=EDGE_CURVE('',#3437,#3528,#1768,.T.);
#4649=EDGE_CURVE('',#3595,#3342,#1769,.T.);
#4650=EDGE_CURVE('',#3436,#3525,#1770,.T.);
#4651=EDGE_CURVE('',#3596,#3339,#1771,.T.);
#4652=EDGE_CURVE('',#3435,#3522,#1772,.T.);
#4653=EDGE_CURVE('',#3597,#3336,#1773,.T.);
#4654=EDGE_CURVE('',#3434,#3519,#1774,.T.);
#4655=EDGE_CURVE('',#3598,#3333,#1775,.T.);
#4656=EDGE_CURVE('',#3433,#3516,#1776,.T.);
#4657=EDGE_CURVE('',#3599,#3330,#1777,.T.);
#4658=EDGE_CURVE('',#3432,#3513,#1778,.T.);
#4659=EDGE_CURVE('',#3600,#3327,#1779,.T.);
#4660=EDGE_CURVE('',#3431,#3510,#1780,.T.);
#4661=EDGE_CURVE('',#3429,#3323,#1781,.T.);
#4662=EDGE_CURVE('',#3602,#3384,#1782,.T.);
#4663=EDGE_CURVE('',#3542,#3442,#1783,.T.);
#4664=EDGE_CURVE('',#3603,#3381,#1784,.T.);
#4665=EDGE_CURVE('',#3545,#3443,#1785,.T.);
#4666=EDGE_CURVE('',#3604,#3378,#1786,.T.);
#4667=EDGE_CURVE('',#3548,#3444,#1787,.T.);
#4668=EDGE_CURVE('',#3605,#3375,#1788,.T.);
#4669=EDGE_CURVE('',#3551,#3445,#1789,.T.);
#4670=EDGE_CURVE('',#3606,#3372,#1790,.T.);
#4671=EDGE_CURVE('',#3554,#3446,#1791,.T.);
#4672=EDGE_CURVE('',#3607,#3369,#1792,.T.);
#4673=EDGE_CURVE('',#3557,#3447,#1793,.T.);
#4674=EDGE_CURVE('',#3608,#3366,#1794,.T.);
#4675=EDGE_CURVE('',#3560,#3448,#1795,.T.);
#4676=EDGE_CURVE('',#3609,#3363,#1796,.T.);
#4677=EDGE_CURVE('',#3563,#3449,#1797,.T.);
#4678=EDGE_CURVE('',#3610,#3360,#1798,.T.);
#4679=EDGE_CURVE('',#3566,#3450,#1799,.T.);
#4680=EDGE_CURVE('',#3611,#3357,#1800,.T.);
#4681=EDGE_CURVE('',#3601,#3387,#1801,.T.);
#4682=EDGE_CURVE('',#3539,#3441,#1802,.T.);
#4683=EDGE_CURVE('',#3413,#3482,#1803,.T.);
#4684=EDGE_CURVE('',#3623,#3581,#1804,.T.);
#4685=EDGE_CURVE('',#3296,#3473,#1805,.T.);
#4686=EDGE_CURVE('',#3613,#3578,#1806,.T.);
#4687=EDGE_CURVE('',#3407,#3470,#1807,.T.);
#4688=EDGE_CURVE('',#3614,#3577,#1808,.T.);
#4689=EDGE_CURVE('',#3398,#3461,#1809,.T.);
#4690=EDGE_CURVE('',#3617,#3574,#1810,.T.);
#4691=EDGE_CURVE('',#3395,#3458,#1811,.T.);
#4692=EDGE_CURVE('',#3618,#3573,#1812,.T.);
#4693=EDGE_CURVE('',#3621,#3570,#1813,.T.);
#4694=EDGE_CURVE('',#3416,#3485,#1814,.T.);
#4695=EDGE_CURVE('',#3392,#3455,#1815,.T.);
#4696=EDGE_CURVE('',#3619,#3572,#1816,.T.);
#4697=EDGE_CURVE('',#3401,#3464,#1817,.T.);
#4698=EDGE_CURVE('',#3616,#3575,#1818,.T.);
#4699=EDGE_CURVE('',#3404,#3467,#1819,.T.);
#4700=EDGE_CURVE('',#3615,#3576,#1820,.T.);
#4701=EDGE_CURVE('',#3299,#3476,#1821,.T.);
#4702=EDGE_CURVE('',#3612,#3579,#1822,.T.);
#4703=EDGE_CURVE('',#3410,#3479,#1823,.T.);
#4704=EDGE_CURVE('',#3622,#3580,#1824,.T.);
#4705=EDGE_CURVE('',#3625,#2955,#1825,.T.);
#4706=ORIENTED_EDGE('',*,*,#3626,.T.);
#4707=ORIENTED_EDGE('',*,*,#3627,.T.);
#4708=ORIENTED_EDGE('',*,*,#3628,.T.);
#4709=ORIENTED_EDGE('',*,*,#3629,.T.);
#4710=ORIENTED_EDGE('',*,*,#3630,.T.);
#4711=ORIENTED_EDGE('',*,*,#3631,.T.);
#4712=ORIENTED_EDGE('',*,*,#3632,.T.);
#4713=ORIENTED_EDGE('',*,*,#3633,.T.);
#4714=ORIENTED_EDGE('',*,*,#3634,.T.);
#4715=ORIENTED_EDGE('',*,*,#3635,.T.);
#4716=ORIENTED_EDGE('',*,*,#3636,.T.);
#4717=ORIENTED_EDGE('',*,*,#3637,.T.);
#4718=ORIENTED_EDGE('',*,*,#3638,.T.);
#4719=ORIENTED_EDGE('',*,*,#3639,.T.);
#4720=ORIENTED_EDGE('',*,*,#3640,.T.);
#4721=ORIENTED_EDGE('',*,*,#3641,.T.);
#4722=ORIENTED_EDGE('',*,*,#3642,.T.);
#4723=ORIENTED_EDGE('',*,*,#3643,.T.);
#4724=ORIENTED_EDGE('',*,*,#3644,.T.);
#4725=ORIENTED_EDGE('',*,*,#3645,.T.);
#4726=ORIENTED_EDGE('',*,*,#3646,.T.);
#4727=ORIENTED_EDGE('',*,*,#3647,.T.);
#4728=ORIENTED_EDGE('',*,*,#3648,.T.);
#4729=ORIENTED_EDGE('',*,*,#3649,.T.);
#4730=ORIENTED_EDGE('',*,*,#3650,.F.);
#4731=ORIENTED_EDGE('',*,*,#3651,.T.);
#4732=ORIENTED_EDGE('',*,*,#3642,.F.);
#4733=ORIENTED_EDGE('',*,*,#3651,.F.);
#4734=ORIENTED_EDGE('',*,*,#3652,.F.);
#4735=ORIENTED_EDGE('',*,*,#3653,.T.);
#4736=ORIENTED_EDGE('',*,*,#3654,.T.);
#4737=ORIENTED_EDGE('',*,*,#3655,.T.);
#4738=ORIENTED_EDGE('',*,*,#3656,.F.);
#4739=ORIENTED_EDGE('',*,*,#3657,.F.);
#4740=ORIENTED_EDGE('',*,*,#3643,.F.);
#4741=ORIENTED_EDGE('',*,*,#3657,.T.);
#4742=ORIENTED_EDGE('',*,*,#3658,.T.);
#4743=ORIENTED_EDGE('',*,*,#3659,.T.);
#4744=ORIENTED_EDGE('',*,*,#3644,.F.);
#4745=ORIENTED_EDGE('',*,*,#3660,.T.);
#4746=ORIENTED_EDGE('',*,*,#3661,.T.);
#4747=ORIENTED_EDGE('',*,*,#3662,.T.);
#4748=ORIENTED_EDGE('',*,*,#3646,.F.);
#4749=ORIENTED_EDGE('',*,*,#3649,.F.);
#4750=ORIENTED_EDGE('',*,*,#3647,.F.);
#4751=ORIENTED_EDGE('',*,*,#3662,.F.);
#4752=ORIENTED_EDGE('',*,*,#3663,.F.);
#4753=ORIENTED_EDGE('',*,*,#3664,.T.);
#4754=ORIENTED_EDGE('',*,*,#3665,.T.);
#4755=ORIENTED_EDGE('',*,*,#3666,.T.);
#4756=ORIENTED_EDGE('',*,*,#3626,.F.);
#4757=ORIENTED_EDGE('',*,*,#3666,.F.);
#4758=ORIENTED_EDGE('',*,*,#3667,.F.);
#4759=ORIENTED_EDGE('',*,*,#3668,.F.);
#4760=ORIENTED_EDGE('',*,*,#3627,.F.);
#4761=ORIENTED_EDGE('',*,*,#3668,.T.);
#4762=ORIENTED_EDGE('',*,*,#3669,.F.);
#4763=ORIENTED_EDGE('',*,*,#3670,.T.);
#4764=ORIENTED_EDGE('',*,*,#3628,.F.);
#4765=ORIENTED_EDGE('',*,*,#3670,.F.);
#4766=ORIENTED_EDGE('',*,*,#3671,.F.);
#4767=ORIENTED_EDGE('',*,*,#3672,.T.);
#4768=ORIENTED_EDGE('',*,*,#3673,.T.);
#4769=ORIENTED_EDGE('',*,*,#3674,.T.);
#4770=ORIENTED_EDGE('',*,*,#3629,.F.);
#4771=ORIENTED_EDGE('',*,*,#3675,.T.);
#4772=ORIENTED_EDGE('',*,*,#3676,.T.);
#4773=ORIENTED_EDGE('',*,*,#3677,.T.);
#4774=ORIENTED_EDGE('',*,*,#3634,.F.);
#4775=ORIENTED_EDGE('',*,*,#3678,.F.);
#4776=ORIENTED_EDGE('',*,*,#3675,.F.);
#4777=ORIENTED_EDGE('',*,*,#3640,.F.);
#4778=ORIENTED_EDGE('',*,*,#3679,.F.);
#4779=ORIENTED_EDGE('',*,*,#3680,.T.);
#4780=ORIENTED_EDGE('',*,*,#3681,.T.);
#4781=ORIENTED_EDGE('',*,*,#3682,.T.);
#4782=ORIENTED_EDGE('',*,*,#3683,.T.);
#4783=ORIENTED_EDGE('',*,*,#3684,.T.);
#4784=ORIENTED_EDGE('',*,*,#3638,.F.);
#4785=ORIENTED_EDGE('',*,*,#3682,.F.);
#4786=ORIENTED_EDGE('',*,*,#3637,.F.);
#4787=ORIENTED_EDGE('',*,*,#3685,.F.);
#4788=ORIENTED_EDGE('',*,*,#3686,.F.);
#4789=ORIENTED_EDGE('',*,*,#3687,.T.);
#4790=ORIENTED_EDGE('',*,*,#3688,.T.);
#4791=ORIENTED_EDGE('',*,*,#3685,.T.);
#4792=ORIENTED_EDGE('',*,*,#3636,.F.);
#4793=ORIENTED_EDGE('',*,*,#3659,.F.);
#4794=ORIENTED_EDGE('',*,*,#3689,.F.);
#4795=ORIENTED_EDGE('',*,*,#3660,.F.);
#4796=ORIENTED_EDGE('',*,*,#3645,.F.);
#4797=ORIENTED_EDGE('',*,*,#3663,.T.);
#4798=ORIENTED_EDGE('',*,*,#3661,.F.);
#4799=ORIENTED_EDGE('',*,*,#3689,.T.);
#4800=ORIENTED_EDGE('',*,*,#3658,.F.);
#4801=ORIENTED_EDGE('',*,*,#3656,.T.);
#4802=ORIENTED_EDGE('',*,*,#3690,.F.);
#4803=ORIENTED_EDGE('',*,*,#3683,.F.);
#4804=ORIENTED_EDGE('',*,*,#3686,.T.);
#4805=ORIENTED_EDGE('',*,*,#3688,.F.);
#4806=ORIENTED_EDGE('',*,*,#3691,.T.);
#4807=ORIENTED_EDGE('',*,*,#3676,.F.);
#4808=ORIENTED_EDGE('',*,*,#3678,.T.);
#4809=ORIENTED_EDGE('',*,*,#3692,.F.);
#4810=ORIENTED_EDGE('',*,*,#3671,.T.);
#4811=ORIENTED_EDGE('',*,*,#3669,.T.);
#4812=ORIENTED_EDGE('',*,*,#3667,.T.);
#4813=ORIENTED_EDGE('',*,*,#3665,.F.);
#4814=ORIENTED_EDGE('',*,*,#3693,.T.);
#4815=ORIENTED_EDGE('',*,*,#3694,.F.);
#4816=ORIENTED_EDGE('',*,*,#3652,.T.);
#4817=ORIENTED_EDGE('',*,*,#3650,.T.);
#4818=ORIENTED_EDGE('',*,*,#3695,.T.);
#4819=ORIENTED_EDGE('',*,*,#3696,.F.);
#4820=ORIENTED_EDGE('',*,*,#3697,.T.);
#4821=ORIENTED_EDGE('',*,*,#3698,.F.);
#4822=ORIENTED_EDGE('',*,*,#3699,.T.);
#4823=ORIENTED_EDGE('',*,*,#3700,.F.);
#4824=ORIENTED_EDGE('',*,*,#3701,.F.);
#4825=ORIENTED_EDGE('',*,*,#3702,.F.);
#4826=ORIENTED_EDGE('',*,*,#3703,.T.);
#4827=ORIENTED_EDGE('',*,*,#3704,.F.);
#4828=ORIENTED_EDGE('',*,*,#3705,.F.);
#4829=ORIENTED_EDGE('',*,*,#3706,.F.);
#4830=ORIENTED_EDGE('',*,*,#3707,.T.);
#4831=ORIENTED_EDGE('',*,*,#3708,.F.);
#4832=ORIENTED_EDGE('',*,*,#3709,.T.);
#4833=ORIENTED_EDGE('',*,*,#3710,.F.);
#4834=ORIENTED_EDGE('',*,*,#3711,.T.);
#4835=ORIENTED_EDGE('',*,*,#3712,.F.);
#4836=ORIENTED_EDGE('',*,*,#3713,.F.);
#4837=ORIENTED_EDGE('',*,*,#3714,.F.);
#4838=ORIENTED_EDGE('',*,*,#3715,.T.);
#4839=ORIENTED_EDGE('',*,*,#3716,.F.);
#4840=ORIENTED_EDGE('',*,*,#3717,.T.);
#4841=ORIENTED_EDGE('',*,*,#3718,.F.);
#4842=ORIENTED_EDGE('',*,*,#3719,.T.);
#4843=ORIENTED_EDGE('',*,*,#3720,.F.);
#4844=ORIENTED_EDGE('',*,*,#3721,.T.);
#4845=ORIENTED_EDGE('',*,*,#3722,.F.);
#4846=ORIENTED_EDGE('',*,*,#3723,.T.);
#4847=ORIENTED_EDGE('',*,*,#3724,.F.);
#4848=ORIENTED_EDGE('',*,*,#3725,.T.);
#4849=ORIENTED_EDGE('',*,*,#3726,.F.);
#4850=ORIENTED_EDGE('',*,*,#3727,.T.);
#4851=ORIENTED_EDGE('',*,*,#3728,.F.);
#4852=ORIENTED_EDGE('',*,*,#3729,.T.);
#4853=ORIENTED_EDGE('',*,*,#3730,.F.);
#4854=ORIENTED_EDGE('',*,*,#3731,.F.);
#4855=ORIENTED_EDGE('',*,*,#3732,.F.);
#4856=ORIENTED_EDGE('',*,*,#3733,.F.);
#4857=ORIENTED_EDGE('',*,*,#3734,.F.);
#4858=ORIENTED_EDGE('',*,*,#3735,.T.);
#4859=ORIENTED_EDGE('',*,*,#3736,.F.);
#4860=ORIENTED_EDGE('',*,*,#3737,.T.);
#4861=ORIENTED_EDGE('',*,*,#3738,.F.);
#4862=ORIENTED_EDGE('',*,*,#3739,.F.);
#4863=ORIENTED_EDGE('',*,*,#3740,.F.);
#4864=ORIENTED_EDGE('',*,*,#3741,.F.);
#4865=ORIENTED_EDGE('',*,*,#3742,.F.);
#4866=ORIENTED_EDGE('',*,*,#3743,.T.);
#4867=ORIENTED_EDGE('',*,*,#3744,.F.);
#4868=ORIENTED_EDGE('',*,*,#3745,.T.);
#4869=ORIENTED_EDGE('',*,*,#3746,.F.);
#4870=ORIENTED_EDGE('',*,*,#3747,.F.);
#4871=ORIENTED_EDGE('',*,*,#3748,.F.);
#4872=ORIENTED_EDGE('',*,*,#3749,.F.);
#4873=ORIENTED_EDGE('',*,*,#3750,.F.);
#4874=ORIENTED_EDGE('',*,*,#3751,.T.);
#4875=ORIENTED_EDGE('',*,*,#3752,.F.);
#4876=ORIENTED_EDGE('',*,*,#3753,.T.);
#4877=ORIENTED_EDGE('',*,*,#3754,.F.);
#4878=ORIENTED_EDGE('',*,*,#3755,.F.);
#4879=ORIENTED_EDGE('',*,*,#3756,.F.);
#4880=ORIENTED_EDGE('',*,*,#3757,.F.);
#4881=ORIENTED_EDGE('',*,*,#3758,.F.);
#4882=ORIENTED_EDGE('',*,*,#3759,.T.);
#4883=ORIENTED_EDGE('',*,*,#3760,.F.);
#4884=ORIENTED_EDGE('',*,*,#3761,.T.);
#4885=ORIENTED_EDGE('',*,*,#3762,.F.);
#4886=ORIENTED_EDGE('',*,*,#3763,.F.);
#4887=ORIENTED_EDGE('',*,*,#3764,.F.);
#4888=ORIENTED_EDGE('',*,*,#3765,.F.);
#4889=ORIENTED_EDGE('',*,*,#3766,.F.);
#4890=ORIENTED_EDGE('',*,*,#3767,.T.);
#4891=ORIENTED_EDGE('',*,*,#3768,.F.);
#4892=ORIENTED_EDGE('',*,*,#3769,.T.);
#4893=ORIENTED_EDGE('',*,*,#3770,.F.);
#4894=ORIENTED_EDGE('',*,*,#3771,.T.);
#4895=ORIENTED_EDGE('',*,*,#3772,.F.);
#4896=ORIENTED_EDGE('',*,*,#3773,.F.);
#4897=ORIENTED_EDGE('',*,*,#3774,.F.);
#4898=ORIENTED_EDGE('',*,*,#3775,.T.);
#4899=ORIENTED_EDGE('',*,*,#3776,.F.);
#4900=ORIENTED_EDGE('',*,*,#3777,.T.);
#4901=ORIENTED_EDGE('',*,*,#3778,.F.);
#4902=ORIENTED_EDGE('',*,*,#3779,.F.);
#4903=ORIENTED_EDGE('',*,*,#3780,.F.);
#4904=ORIENTED_EDGE('',*,*,#3781,.F.);
#4905=ORIENTED_EDGE('',*,*,#3782,.F.);
#4906=ORIENTED_EDGE('',*,*,#3783,.T.);
#4907=ORIENTED_EDGE('',*,*,#3784,.F.);
#4908=ORIENTED_EDGE('',*,*,#3785,.T.);
#4909=ORIENTED_EDGE('',*,*,#3786,.F.);
#4910=ORIENTED_EDGE('',*,*,#3787,.F.);
#4911=ORIENTED_EDGE('',*,*,#3788,.F.);
#4912=ORIENTED_EDGE('',*,*,#3789,.F.);
#4913=ORIENTED_EDGE('',*,*,#3790,.F.);
#4914=ORIENTED_EDGE('',*,*,#3791,.T.);
#4915=ORIENTED_EDGE('',*,*,#3792,.F.);
#4916=ORIENTED_EDGE('',*,*,#3793,.T.);
#4917=ORIENTED_EDGE('',*,*,#3794,.F.);
#4918=ORIENTED_EDGE('',*,*,#3795,.F.);
#4919=ORIENTED_EDGE('',*,*,#3796,.F.);
#4920=ORIENTED_EDGE('',*,*,#3797,.F.);
#4921=ORIENTED_EDGE('',*,*,#3798,.F.);
#4922=ORIENTED_EDGE('',*,*,#3799,.T.);
#4923=ORIENTED_EDGE('',*,*,#3800,.F.);
#4924=ORIENTED_EDGE('',*,*,#3801,.T.);
#4925=ORIENTED_EDGE('',*,*,#3802,.F.);
#4926=ORIENTED_EDGE('',*,*,#3803,.F.);
#4927=ORIENTED_EDGE('',*,*,#3804,.F.);
#4928=ORIENTED_EDGE('',*,*,#3805,.F.);
#4929=ORIENTED_EDGE('',*,*,#3806,.F.);
#4930=ORIENTED_EDGE('',*,*,#3807,.T.);
#4931=ORIENTED_EDGE('',*,*,#3808,.F.);
#4932=ORIENTED_EDGE('',*,*,#3809,.T.);
#4933=ORIENTED_EDGE('',*,*,#3810,.F.);
#4934=ORIENTED_EDGE('',*,*,#3811,.F.);
#4935=ORIENTED_EDGE('',*,*,#3812,.F.);
#4936=ORIENTED_EDGE('',*,*,#3813,.F.);
#4937=ORIENTED_EDGE('',*,*,#3814,.F.);
#4938=ORIENTED_EDGE('',*,*,#3815,.T.);
#4939=ORIENTED_EDGE('',*,*,#3816,.F.);
#4940=ORIENTED_EDGE('',*,*,#3817,.T.);
#4941=ORIENTED_EDGE('',*,*,#3818,.F.);
#4942=ORIENTED_EDGE('',*,*,#3819,.F.);
#4943=ORIENTED_EDGE('',*,*,#3820,.F.);
#4944=ORIENTED_EDGE('',*,*,#3821,.F.);
#4945=ORIENTED_EDGE('',*,*,#3822,.F.);
#4946=ORIENTED_EDGE('',*,*,#3823,.T.);
#4947=ORIENTED_EDGE('',*,*,#3824,.F.);
#4948=ORIENTED_EDGE('',*,*,#3825,.F.);
#4949=ORIENTED_EDGE('',*,*,#3826,.F.);
#4950=ORIENTED_EDGE('',*,*,#3827,.F.);
#4951=ORIENTED_EDGE('',*,*,#3828,.F.);
#4952=ORIENTED_EDGE('',*,*,#3829,.T.);
#4953=ORIENTED_EDGE('',*,*,#3830,.F.);
#4954=ORIENTED_EDGE('',*,*,#3831,.T.);
#4955=ORIENTED_EDGE('',*,*,#3832,.F.);
#4956=ORIENTED_EDGE('',*,*,#3833,.T.);
#4957=ORIENTED_EDGE('',*,*,#3834,.F.);
#4958=ORIENTED_EDGE('',*,*,#3835,.F.);
#4959=ORIENTED_EDGE('',*,*,#3836,.F.);
#4960=ORIENTED_EDGE('',*,*,#3837,.F.);
#4961=ORIENTED_EDGE('',*,*,#3838,.F.);
#4962=ORIENTED_EDGE('',*,*,#3839,.T.);
#4963=ORIENTED_EDGE('',*,*,#3840,.F.);
#4964=ORIENTED_EDGE('',*,*,#3841,.F.);
#4965=ORIENTED_EDGE('',*,*,#3842,.F.);
#4966=ORIENTED_EDGE('',*,*,#3843,.F.);
#4967=ORIENTED_EDGE('',*,*,#3844,.F.);
#4968=ORIENTED_EDGE('',*,*,#3845,.T.);
#4969=ORIENTED_EDGE('',*,*,#3846,.F.);
#4970=ORIENTED_EDGE('',*,*,#3847,.T.);
#4971=ORIENTED_EDGE('',*,*,#3848,.F.);
#4972=ORIENTED_EDGE('',*,*,#3849,.T.);
#4973=ORIENTED_EDGE('',*,*,#3850,.F.);
#4974=ORIENTED_EDGE('',*,*,#3851,.F.);
#4975=ORIENTED_EDGE('',*,*,#3852,.F.);
#4976=ORIENTED_EDGE('',*,*,#3853,.F.);
#4977=ORIENTED_EDGE('',*,*,#3854,.F.);
#4978=ORIENTED_EDGE('',*,*,#3855,.T.);
#4979=ORIENTED_EDGE('',*,*,#3856,.F.);
#4980=ORIENTED_EDGE('',*,*,#3857,.F.);
#4981=ORIENTED_EDGE('',*,*,#3858,.F.);
#4982=ORIENTED_EDGE('',*,*,#3859,.T.);
#4983=ORIENTED_EDGE('',*,*,#3860,.F.);
#4984=ORIENTED_EDGE('',*,*,#3861,.T.);
#4985=ORIENTED_EDGE('',*,*,#3862,.F.);
#4986=ORIENTED_EDGE('',*,*,#3863,.T.);
#4987=ORIENTED_EDGE('',*,*,#3864,.F.);
#4988=ORIENTED_EDGE('',*,*,#3865,.T.);
#4989=ORIENTED_EDGE('',*,*,#3866,.F.);
#4990=ORIENTED_EDGE('',*,*,#3867,.F.);
#4991=ORIENTED_EDGE('',*,*,#3868,.F.);
#4992=ORIENTED_EDGE('',*,*,#3869,.F.);
#4993=ORIENTED_EDGE('',*,*,#3870,.F.);
#4994=ORIENTED_EDGE('',*,*,#3871,.T.);
#4995=ORIENTED_EDGE('',*,*,#3872,.F.);
#4996=ORIENTED_EDGE('',*,*,#3873,.F.);
#4997=ORIENTED_EDGE('',*,*,#3874,.F.);
#4998=ORIENTED_EDGE('',*,*,#3875,.F.);
#4999=ORIENTED_EDGE('',*,*,#3876,.F.);
#5000=ORIENTED_EDGE('',*,*,#3877,.T.);
#5001=ORIENTED_EDGE('',*,*,#3878,.F.);
#5002=ORIENTED_EDGE('',*,*,#3879,.T.);
#5003=ORIENTED_EDGE('',*,*,#3880,.F.);
#5004=ORIENTED_EDGE('',*,*,#3881,.T.);
#5005=ORIENTED_EDGE('',*,*,#3882,.F.);
#5006=ORIENTED_EDGE('',*,*,#3883,.F.);
#5007=ORIENTED_EDGE('',*,*,#3884,.F.);
#5008=ORIENTED_EDGE('',*,*,#3885,.F.);
#5009=ORIENTED_EDGE('',*,*,#3886,.F.);
#5010=ORIENTED_EDGE('',*,*,#3887,.T.);
#5011=ORIENTED_EDGE('',*,*,#3888,.F.);
#5012=ORIENTED_EDGE('',*,*,#3889,.F.);
#5013=ORIENTED_EDGE('',*,*,#3890,.F.);
#5014=ORIENTED_EDGE('',*,*,#3891,.F.);
#5015=ORIENTED_EDGE('',*,*,#3892,.F.);
#5016=ORIENTED_EDGE('',*,*,#3893,.T.);
#5017=ORIENTED_EDGE('',*,*,#3894,.F.);
#5018=ORIENTED_EDGE('',*,*,#3895,.T.);
#5019=ORIENTED_EDGE('',*,*,#3896,.F.);
#5020=ORIENTED_EDGE('',*,*,#3897,.T.);
#5021=ORIENTED_EDGE('',*,*,#3898,.F.);
#5022=ORIENTED_EDGE('',*,*,#3899,.F.);
#5023=ORIENTED_EDGE('',*,*,#3900,.F.);
#5024=ORIENTED_EDGE('',*,*,#3901,.F.);
#5025=ORIENTED_EDGE('',*,*,#3902,.F.);
#5026=ORIENTED_EDGE('',*,*,#3903,.T.);
#5027=ORIENTED_EDGE('',*,*,#3904,.F.);
#5028=ORIENTED_EDGE('',*,*,#3905,.F.);
#5029=ORIENTED_EDGE('',*,*,#3906,.F.);
#5030=ORIENTED_EDGE('',*,*,#3907,.F.);
#5031=ORIENTED_EDGE('',*,*,#3908,.F.);
#5032=ORIENTED_EDGE('',*,*,#3909,.T.);
#5033=ORIENTED_EDGE('',*,*,#3910,.F.);
#5034=ORIENTED_EDGE('',*,*,#3911,.T.);
#5035=ORIENTED_EDGE('',*,*,#3912,.F.);
#5036=ORIENTED_EDGE('',*,*,#3913,.T.);
#5037=ORIENTED_EDGE('',*,*,#3914,.F.);
#5038=ORIENTED_EDGE('',*,*,#3915,.F.);
#5039=ORIENTED_EDGE('',*,*,#3916,.F.);
#5040=ORIENTED_EDGE('',*,*,#3917,.F.);
#5041=ORIENTED_EDGE('',*,*,#3918,.F.);
#5042=ORIENTED_EDGE('',*,*,#3919,.T.);
#5043=ORIENTED_EDGE('',*,*,#3920,.F.);
#5044=ORIENTED_EDGE('',*,*,#3921,.T.);
#5045=ORIENTED_EDGE('',*,*,#3922,.F.);
#5046=ORIENTED_EDGE('',*,*,#3923,.T.);
#5047=ORIENTED_EDGE('',*,*,#3924,.F.);
#5048=ORIENTED_EDGE('',*,*,#3925,.F.);
#5049=ORIENTED_EDGE('',*,*,#3926,.F.);
#5050=ORIENTED_EDGE('',*,*,#3927,.T.);
#5051=ORIENTED_EDGE('',*,*,#3928,.F.);
#5052=ORIENTED_EDGE('',*,*,#3929,.T.);
#5053=ORIENTED_EDGE('',*,*,#3930,.F.);
#5054=ORIENTED_EDGE('',*,*,#3931,.F.);
#5055=ORIENTED_EDGE('',*,*,#3932,.F.);
#5056=ORIENTED_EDGE('',*,*,#3933,.F.);
#5057=ORIENTED_EDGE('',*,*,#3934,.F.);
#5058=ORIENTED_EDGE('',*,*,#3935,.T.);
#5059=ORIENTED_EDGE('',*,*,#3936,.F.);
#5060=ORIENTED_EDGE('',*,*,#3937,.T.);
#5061=ORIENTED_EDGE('',*,*,#3938,.F.);
#5062=ORIENTED_EDGE('',*,*,#3939,.F.);
#5063=ORIENTED_EDGE('',*,*,#3940,.F.);
#5064=ORIENTED_EDGE('',*,*,#3941,.F.);
#5065=ORIENTED_EDGE('',*,*,#3942,.F.);
#5066=ORIENTED_EDGE('',*,*,#3943,.T.);
#5067=ORIENTED_EDGE('',*,*,#3944,.F.);
#5068=ORIENTED_EDGE('',*,*,#3945,.T.);
#5069=ORIENTED_EDGE('',*,*,#3946,.F.);
#5070=ORIENTED_EDGE('',*,*,#3947,.F.);
#5071=ORIENTED_EDGE('',*,*,#3948,.F.);
#5072=ORIENTED_EDGE('',*,*,#3949,.F.);
#5073=ORIENTED_EDGE('',*,*,#3950,.F.);
#5074=ORIENTED_EDGE('',*,*,#3951,.T.);
#5075=ORIENTED_EDGE('',*,*,#3952,.F.);
#5076=ORIENTED_EDGE('',*,*,#3953,.T.);
#5077=ORIENTED_EDGE('',*,*,#3954,.F.);
#5078=ORIENTED_EDGE('',*,*,#3955,.F.);
#5079=ORIENTED_EDGE('',*,*,#3956,.F.);
#5080=ORIENTED_EDGE('',*,*,#3957,.F.);
#5081=ORIENTED_EDGE('',*,*,#3958,.F.);
#5082=ORIENTED_EDGE('',*,*,#3959,.T.);
#5083=ORIENTED_EDGE('',*,*,#3960,.F.);
#5084=ORIENTED_EDGE('',*,*,#3961,.T.);
#5085=ORIENTED_EDGE('',*,*,#3962,.F.);
#5086=ORIENTED_EDGE('',*,*,#3963,.F.);
#5087=ORIENTED_EDGE('',*,*,#3964,.F.);
#5088=ORIENTED_EDGE('',*,*,#3965,.F.);
#5089=ORIENTED_EDGE('',*,*,#3966,.F.);
#5090=ORIENTED_EDGE('',*,*,#3967,.T.);
#5091=ORIENTED_EDGE('',*,*,#3968,.F.);
#5092=ORIENTED_EDGE('',*,*,#3969,.T.);
#5093=ORIENTED_EDGE('',*,*,#3970,.F.);
#5094=ORIENTED_EDGE('',*,*,#3971,.F.);
#5095=ORIENTED_EDGE('',*,*,#3972,.F.);
#5096=ORIENTED_EDGE('',*,*,#3973,.F.);
#5097=ORIENTED_EDGE('',*,*,#3974,.F.);
#5098=ORIENTED_EDGE('',*,*,#3975,.T.);
#5099=ORIENTED_EDGE('',*,*,#3976,.F.);
#5100=ORIENTED_EDGE('',*,*,#3977,.T.);
#5101=ORIENTED_EDGE('',*,*,#3978,.F.);
#5102=ORIENTED_EDGE('',*,*,#3979,.F.);
#5103=ORIENTED_EDGE('',*,*,#3980,.F.);
#5104=ORIENTED_EDGE('',*,*,#3981,.F.);
#5105=ORIENTED_EDGE('',*,*,#3982,.F.);
#5106=ORIENTED_EDGE('',*,*,#3983,.T.);
#5107=ORIENTED_EDGE('',*,*,#3984,.F.);
#5108=ORIENTED_EDGE('',*,*,#3985,.T.);
#5109=ORIENTED_EDGE('',*,*,#3986,.F.);
#5110=ORIENTED_EDGE('',*,*,#3987,.F.);
#5111=ORIENTED_EDGE('',*,*,#3988,.F.);
#5112=ORIENTED_EDGE('',*,*,#3989,.F.);
#5113=ORIENTED_EDGE('',*,*,#3990,.F.);
#5114=ORIENTED_EDGE('',*,*,#3991,.T.);
#5115=ORIENTED_EDGE('',*,*,#3992,.F.);
#5116=ORIENTED_EDGE('',*,*,#3993,.T.);
#5117=ORIENTED_EDGE('',*,*,#3994,.F.);
#5118=ORIENTED_EDGE('',*,*,#3995,.F.);
#5119=ORIENTED_EDGE('',*,*,#3996,.F.);
#5120=ORIENTED_EDGE('',*,*,#3997,.F.);
#5121=ORIENTED_EDGE('',*,*,#3998,.F.);
#5122=ORIENTED_EDGE('',*,*,#3999,.T.);
#5123=ORIENTED_EDGE('',*,*,#4000,.F.);
#5124=ORIENTED_EDGE('',*,*,#4001,.F.);
#5125=ORIENTED_EDGE('',*,*,#4002,.F.);
#5126=ORIENTED_EDGE('',*,*,#4003,.T.);
#5127=ORIENTED_EDGE('',*,*,#4004,.F.);
#5128=ORIENTED_EDGE('',*,*,#4005,.T.);
#5129=ORIENTED_EDGE('',*,*,#4006,.F.);
#5130=ORIENTED_EDGE('',*,*,#4007,.T.);
#5131=ORIENTED_EDGE('',*,*,#4008,.F.);
#5132=ORIENTED_EDGE('',*,*,#4009,.F.);
#5133=ORIENTED_EDGE('',*,*,#4010,.F.);
#5134=ORIENTED_EDGE('',*,*,#4011,.T.);
#5135=ORIENTED_EDGE('',*,*,#4012,.F.);
#5136=ORIENTED_EDGE('',*,*,#4013,.T.);
#5137=ORIENTED_EDGE('',*,*,#4014,.F.);
#5138=ORIENTED_EDGE('',*,*,#4015,.T.);
#5139=ORIENTED_EDGE('',*,*,#4016,.F.);
#5140=ORIENTED_EDGE('',*,*,#4017,.F.);
#5141=ORIENTED_EDGE('',*,*,#4018,.F.);
#5142=ORIENTED_EDGE('',*,*,#4019,.T.);
#5143=ORIENTED_EDGE('',*,*,#4020,.F.);
#5144=ORIENTED_EDGE('',*,*,#4021,.T.);
#5145=ORIENTED_EDGE('',*,*,#4022,.F.);
#5146=ORIENTED_EDGE('',*,*,#3677,.F.);
#5147=ORIENTED_EDGE('',*,*,#3691,.F.);
#5148=ORIENTED_EDGE('',*,*,#3687,.F.);
#5149=ORIENTED_EDGE('',*,*,#3635,.F.);
#5150=ORIENTED_EDGE('',*,*,#4023,.F.);
#5151=ORIENTED_EDGE('',*,*,#4024,.T.);
#5152=ORIENTED_EDGE('',*,*,#4025,.T.);
#5153=ORIENTED_EDGE('',*,*,#4024,.F.);
#5154=ORIENTED_EDGE('',*,*,#4025,.F.);
#5155=ORIENTED_EDGE('',*,*,#4026,.F.);
#5156=ORIENTED_EDGE('',*,*,#4027,.F.);
#5157=ORIENTED_EDGE('',*,*,#4028,.T.);
#5158=ORIENTED_EDGE('',*,*,#4029,.T.);
#5159=ORIENTED_EDGE('',*,*,#4028,.F.);
#5160=ORIENTED_EDGE('',*,*,#4029,.F.);
#5161=ORIENTED_EDGE('',*,*,#4030,.F.);
#5162=ORIENTED_EDGE('',*,*,#4031,.F.);
#5163=ORIENTED_EDGE('',*,*,#4032,.T.);
#5164=ORIENTED_EDGE('',*,*,#4033,.T.);
#5165=ORIENTED_EDGE('',*,*,#4032,.F.);
#5166=ORIENTED_EDGE('',*,*,#4033,.F.);
#5167=ORIENTED_EDGE('',*,*,#4034,.F.);
#5168=ORIENTED_EDGE('',*,*,#4035,.F.);
#5169=ORIENTED_EDGE('',*,*,#4036,.T.);
#5170=ORIENTED_EDGE('',*,*,#4037,.T.);
#5171=ORIENTED_EDGE('',*,*,#4036,.F.);
#5172=ORIENTED_EDGE('',*,*,#4037,.F.);
#5173=ORIENTED_EDGE('',*,*,#4038,.F.);
#5174=ORIENTED_EDGE('',*,*,#3641,.F.);
#5175=ORIENTED_EDGE('',*,*,#4039,.T.);
#5176=ORIENTED_EDGE('',*,*,#4038,.T.);
#5177=ORIENTED_EDGE('',*,*,#4039,.F.);
#5178=ORIENTED_EDGE('',*,*,#3648,.F.);
#5179=ORIENTED_EDGE('',*,*,#4040,.T.);
#5180=ORIENTED_EDGE('',*,*,#4034,.T.);
#5181=ORIENTED_EDGE('',*,*,#4040,.F.);
#5182=ORIENTED_EDGE('',*,*,#3633,.F.);
#5183=ORIENTED_EDGE('',*,*,#4041,.T.);
#5184=ORIENTED_EDGE('',*,*,#4030,.T.);
#5185=ORIENTED_EDGE('',*,*,#4041,.F.);
#5186=ORIENTED_EDGE('',*,*,#3632,.F.);
#5187=ORIENTED_EDGE('',*,*,#4042,.T.);
#5188=ORIENTED_EDGE('',*,*,#4026,.T.);
#5189=ORIENTED_EDGE('',*,*,#4042,.F.);
#5190=ORIENTED_EDGE('',*,*,#4043,.T.);
#5191=ORIENTED_EDGE('',*,*,#4044,.T.);
#5192=ORIENTED_EDGE('',*,*,#3828,.T.);
#5193=ORIENTED_EDGE('',*,*,#4045,.T.);
#5194=ORIENTED_EDGE('',*,*,#4044,.F.);
#5195=ORIENTED_EDGE('',*,*,#4046,.T.);
#5196=ORIENTED_EDGE('',*,*,#4047,.F.);
#5197=ORIENTED_EDGE('',*,*,#3829,.F.);
#5198=ORIENTED_EDGE('',*,*,#4048,.T.);
#5199=ORIENTED_EDGE('',*,*,#4049,.T.);
#5200=ORIENTED_EDGE('',*,*,#3902,.T.);
#5201=ORIENTED_EDGE('',*,*,#4050,.T.);
#5202=ORIENTED_EDGE('',*,*,#4049,.F.);
#5203=ORIENTED_EDGE('',*,*,#4051,.T.);
#5204=ORIENTED_EDGE('',*,*,#4052,.F.);
#5205=ORIENTED_EDGE('',*,*,#3895,.F.);
#5206=ORIENTED_EDGE('',*,*,#3702,.T.);
#5207=ORIENTED_EDGE('',*,*,#4053,.T.);
#5208=ORIENTED_EDGE('',*,*,#4054,.T.);
#5209=ORIENTED_EDGE('',*,*,#4055,.T.);
#5210=ORIENTED_EDGE('',*,*,#4053,.F.);
#5211=ORIENTED_EDGE('',*,*,#3701,.T.);
#5212=ORIENTED_EDGE('',*,*,#4056,.F.);
#5213=ORIENTED_EDGE('',*,*,#4057,.F.);
#5214=ORIENTED_EDGE('',*,*,#4018,.T.);
#5215=ORIENTED_EDGE('',*,*,#4058,.T.);
#5216=ORIENTED_EDGE('',*,*,#4059,.T.);
#5217=ORIENTED_EDGE('',*,*,#4060,.T.);
#5218=ORIENTED_EDGE('',*,*,#4058,.F.);
#5219=ORIENTED_EDGE('',*,*,#4017,.T.);
#5220=ORIENTED_EDGE('',*,*,#4061,.F.);
#5221=ORIENTED_EDGE('',*,*,#4062,.F.);
#5222=ORIENTED_EDGE('',*,*,#3706,.T.);
#5223=ORIENTED_EDGE('',*,*,#4063,.T.);
#5224=ORIENTED_EDGE('',*,*,#4064,.T.);
#5225=ORIENTED_EDGE('',*,*,#4065,.T.);
#5226=ORIENTED_EDGE('',*,*,#4063,.F.);
#5227=ORIENTED_EDGE('',*,*,#3705,.T.);
#5228=ORIENTED_EDGE('',*,*,#4066,.F.);
#5229=ORIENTED_EDGE('',*,*,#4067,.F.);
#5230=ORIENTED_EDGE('',*,*,#4010,.T.);
#5231=ORIENTED_EDGE('',*,*,#4068,.T.);
#5232=ORIENTED_EDGE('',*,*,#4069,.T.);
#5233=ORIENTED_EDGE('',*,*,#4070,.T.);
#5234=ORIENTED_EDGE('',*,*,#4068,.F.);
#5235=ORIENTED_EDGE('',*,*,#4009,.T.);
#5236=ORIENTED_EDGE('',*,*,#4071,.F.);
#5237=ORIENTED_EDGE('',*,*,#4072,.F.);
#5238=ORIENTED_EDGE('',*,*,#3714,.T.);
#5239=ORIENTED_EDGE('',*,*,#4073,.T.);
#5240=ORIENTED_EDGE('',*,*,#4074,.T.);
#5241=ORIENTED_EDGE('',*,*,#4075,.T.);
#5242=ORIENTED_EDGE('',*,*,#4073,.F.);
#5243=ORIENTED_EDGE('',*,*,#3713,.T.);
#5244=ORIENTED_EDGE('',*,*,#4076,.F.);
#5245=ORIENTED_EDGE('',*,*,#4077,.F.);
#5246=ORIENTED_EDGE('',*,*,#4002,.T.);
#5247=ORIENTED_EDGE('',*,*,#4078,.T.);
#5248=ORIENTED_EDGE('',*,*,#4079,.T.);
#5249=ORIENTED_EDGE('',*,*,#4080,.T.);
#5250=ORIENTED_EDGE('',*,*,#4078,.F.);
#5251=ORIENTED_EDGE('',*,*,#4001,.T.);
#5252=ORIENTED_EDGE('',*,*,#4081,.F.);
#5253=ORIENTED_EDGE('',*,*,#4082,.F.);
#5254=ORIENTED_EDGE('',*,*,#4083,.T.);
#5255=ORIENTED_EDGE('',*,*,#4084,.T.);
#5256=ORIENTED_EDGE('',*,*,#3722,.T.);
#5257=ORIENTED_EDGE('',*,*,#4085,.T.);
#5258=ORIENTED_EDGE('',*,*,#4084,.F.);
#5259=ORIENTED_EDGE('',*,*,#4086,.T.);
#5260=ORIENTED_EDGE('',*,*,#4087,.F.);
#5261=ORIENTED_EDGE('',*,*,#3723,.F.);
#5262=ORIENTED_EDGE('',*,*,#4088,.T.);
#5263=ORIENTED_EDGE('',*,*,#4089,.T.);
#5264=ORIENTED_EDGE('',*,*,#3768,.T.);
#5265=ORIENTED_EDGE('',*,*,#4090,.T.);
#5266=ORIENTED_EDGE('',*,*,#4089,.F.);
#5267=ORIENTED_EDGE('',*,*,#4091,.F.);
#5268=ORIENTED_EDGE('',*,*,#4092,.F.);
#5269=ORIENTED_EDGE('',*,*,#3769,.F.);
#5270=ORIENTED_EDGE('',*,*,#3966,.T.);
#5271=ORIENTED_EDGE('',*,*,#4093,.T.);
#5272=ORIENTED_EDGE('',*,*,#4094,.T.);
#5273=ORIENTED_EDGE('',*,*,#4095,.T.);
#5274=ORIENTED_EDGE('',*,*,#4093,.F.);
#5275=ORIENTED_EDGE('',*,*,#3965,.T.);
#5276=ORIENTED_EDGE('',*,*,#4096,.F.);
#5277=ORIENTED_EDGE('',*,*,#4097,.F.);
#5278=ORIENTED_EDGE('',*,*,#3766,.T.);
#5279=ORIENTED_EDGE('',*,*,#4098,.T.);
#5280=ORIENTED_EDGE('',*,*,#4099,.T.);
#5281=ORIENTED_EDGE('',*,*,#4100,.T.);
#5282=ORIENTED_EDGE('',*,*,#4098,.F.);
#5283=ORIENTED_EDGE('',*,*,#3765,.T.);
#5284=ORIENTED_EDGE('',*,*,#4101,.F.);
#5285=ORIENTED_EDGE('',*,*,#4102,.F.);
#5286=ORIENTED_EDGE('',*,*,#3974,.T.);
#5287=ORIENTED_EDGE('',*,*,#4103,.T.);
#5288=ORIENTED_EDGE('',*,*,#4104,.T.);
#5289=ORIENTED_EDGE('',*,*,#4105,.T.);
#5290=ORIENTED_EDGE('',*,*,#4103,.F.);
#5291=ORIENTED_EDGE('',*,*,#3973,.T.);
#5292=ORIENTED_EDGE('',*,*,#4106,.F.);
#5293=ORIENTED_EDGE('',*,*,#4107,.F.);
#5294=ORIENTED_EDGE('',*,*,#3758,.T.);
#5295=ORIENTED_EDGE('',*,*,#4108,.T.);
#5296=ORIENTED_EDGE('',*,*,#4109,.T.);
#5297=ORIENTED_EDGE('',*,*,#4110,.T.);
#5298=ORIENTED_EDGE('',*,*,#4108,.F.);
#5299=ORIENTED_EDGE('',*,*,#3757,.T.);
#5300=ORIENTED_EDGE('',*,*,#4111,.F.);
#5301=ORIENTED_EDGE('',*,*,#4112,.F.);
#5302=ORIENTED_EDGE('',*,*,#3982,.T.);
#5303=ORIENTED_EDGE('',*,*,#4113,.T.);
#5304=ORIENTED_EDGE('',*,*,#4114,.T.);
#5305=ORIENTED_EDGE('',*,*,#4115,.T.);
#5306=ORIENTED_EDGE('',*,*,#4113,.F.);
#5307=ORIENTED_EDGE('',*,*,#3981,.T.);
#5308=ORIENTED_EDGE('',*,*,#4116,.F.);
#5309=ORIENTED_EDGE('',*,*,#4117,.F.);
#5310=ORIENTED_EDGE('',*,*,#3750,.T.);
#5311=ORIENTED_EDGE('',*,*,#4118,.T.);
#5312=ORIENTED_EDGE('',*,*,#4119,.T.);
#5313=ORIENTED_EDGE('',*,*,#4120,.T.);
#5314=ORIENTED_EDGE('',*,*,#4118,.F.);
#5315=ORIENTED_EDGE('',*,*,#3749,.T.);
#5316=ORIENTED_EDGE('',*,*,#4121,.F.);
#5317=ORIENTED_EDGE('',*,*,#4122,.F.);
#5318=ORIENTED_EDGE('',*,*,#3990,.T.);
#5319=ORIENTED_EDGE('',*,*,#4123,.T.);
#5320=ORIENTED_EDGE('',*,*,#4124,.T.);
#5321=ORIENTED_EDGE('',*,*,#4125,.T.);
#5322=ORIENTED_EDGE('',*,*,#4123,.F.);
#5323=ORIENTED_EDGE('',*,*,#3989,.T.);
#5324=ORIENTED_EDGE('',*,*,#4126,.F.);
#5325=ORIENTED_EDGE('',*,*,#4127,.F.);
#5326=ORIENTED_EDGE('',*,*,#3742,.T.);
#5327=ORIENTED_EDGE('',*,*,#4128,.T.);
#5328=ORIENTED_EDGE('',*,*,#4129,.T.);
#5329=ORIENTED_EDGE('',*,*,#4130,.T.);
#5330=ORIENTED_EDGE('',*,*,#4128,.F.);
#5331=ORIENTED_EDGE('',*,*,#3741,.T.);
#5332=ORIENTED_EDGE('',*,*,#4131,.F.);
#5333=ORIENTED_EDGE('',*,*,#4132,.F.);
#5334=ORIENTED_EDGE('',*,*,#3998,.T.);
#5335=ORIENTED_EDGE('',*,*,#4133,.T.);
#5336=ORIENTED_EDGE('',*,*,#4134,.T.);
#5337=ORIENTED_EDGE('',*,*,#4135,.T.);
#5338=ORIENTED_EDGE('',*,*,#4133,.F.);
#5339=ORIENTED_EDGE('',*,*,#3997,.T.);
#5340=ORIENTED_EDGE('',*,*,#4136,.F.);
#5341=ORIENTED_EDGE('',*,*,#4137,.F.);
#5342=ORIENTED_EDGE('',*,*,#3734,.T.);
#5343=ORIENTED_EDGE('',*,*,#4138,.T.);
#5344=ORIENTED_EDGE('',*,*,#4139,.T.);
#5345=ORIENTED_EDGE('',*,*,#4140,.T.);
#5346=ORIENTED_EDGE('',*,*,#4138,.F.);
#5347=ORIENTED_EDGE('',*,*,#3733,.T.);
#5348=ORIENTED_EDGE('',*,*,#4141,.F.);
#5349=ORIENTED_EDGE('',*,*,#4142,.F.);
#5350=ORIENTED_EDGE('',*,*,#3920,.T.);
#5351=ORIENTED_EDGE('',*,*,#4143,.T.);
#5352=ORIENTED_EDGE('',*,*,#4144,.T.);
#5353=ORIENTED_EDGE('',*,*,#4145,.T.);
#5354=ORIENTED_EDGE('',*,*,#4143,.F.);
#5355=ORIENTED_EDGE('',*,*,#3919,.F.);
#5356=ORIENTED_EDGE('',*,*,#4146,.F.);
#5357=ORIENTED_EDGE('',*,*,#4147,.T.);
#5358=ORIENTED_EDGE('',*,*,#3814,.T.);
#5359=ORIENTED_EDGE('',*,*,#4148,.T.);
#5360=ORIENTED_EDGE('',*,*,#4149,.T.);
#5361=ORIENTED_EDGE('',*,*,#4150,.T.);
#5362=ORIENTED_EDGE('',*,*,#4148,.F.);
#5363=ORIENTED_EDGE('',*,*,#3813,.T.);
#5364=ORIENTED_EDGE('',*,*,#4151,.F.);
#5365=ORIENTED_EDGE('',*,*,#4152,.F.);
#5366=ORIENTED_EDGE('',*,*,#3934,.T.);
#5367=ORIENTED_EDGE('',*,*,#4153,.T.);
#5368=ORIENTED_EDGE('',*,*,#4154,.T.);
#5369=ORIENTED_EDGE('',*,*,#4155,.T.);
#5370=ORIENTED_EDGE('',*,*,#4153,.F.);
#5371=ORIENTED_EDGE('',*,*,#3933,.T.);
#5372=ORIENTED_EDGE('',*,*,#4156,.F.);
#5373=ORIENTED_EDGE('',*,*,#4157,.F.);
#5374=ORIENTED_EDGE('',*,*,#3806,.T.);
#5375=ORIENTED_EDGE('',*,*,#4158,.T.);
#5376=ORIENTED_EDGE('',*,*,#4159,.T.);
#5377=ORIENTED_EDGE('',*,*,#4160,.T.);
#5378=ORIENTED_EDGE('',*,*,#4158,.F.);
#5379=ORIENTED_EDGE('',*,*,#3805,.T.);
#5380=ORIENTED_EDGE('',*,*,#4161,.F.);
#5381=ORIENTED_EDGE('',*,*,#4162,.F.);
#5382=ORIENTED_EDGE('',*,*,#3942,.T.);
#5383=ORIENTED_EDGE('',*,*,#4163,.T.);
#5384=ORIENTED_EDGE('',*,*,#4164,.T.);
#5385=ORIENTED_EDGE('',*,*,#4165,.T.);
#5386=ORIENTED_EDGE('',*,*,#4163,.F.);
#5387=ORIENTED_EDGE('',*,*,#3941,.T.);
#5388=ORIENTED_EDGE('',*,*,#4166,.F.);
#5389=ORIENTED_EDGE('',*,*,#4167,.F.);
#5390=ORIENTED_EDGE('',*,*,#3798,.T.);
#5391=ORIENTED_EDGE('',*,*,#4168,.T.);
#5392=ORIENTED_EDGE('',*,*,#4169,.T.);
#5393=ORIENTED_EDGE('',*,*,#4170,.T.);
#5394=ORIENTED_EDGE('',*,*,#4168,.F.);
#5395=ORIENTED_EDGE('',*,*,#3797,.T.);
#5396=ORIENTED_EDGE('',*,*,#4171,.F.);
#5397=ORIENTED_EDGE('',*,*,#4172,.F.);
#5398=ORIENTED_EDGE('',*,*,#3950,.T.);
#5399=ORIENTED_EDGE('',*,*,#4173,.T.);
#5400=ORIENTED_EDGE('',*,*,#4174,.T.);
#5401=ORIENTED_EDGE('',*,*,#4175,.T.);
#5402=ORIENTED_EDGE('',*,*,#4173,.F.);
#5403=ORIENTED_EDGE('',*,*,#3949,.T.);
#5404=ORIENTED_EDGE('',*,*,#4176,.F.);
#5405=ORIENTED_EDGE('',*,*,#4177,.F.);
#5406=ORIENTED_EDGE('',*,*,#3790,.T.);
#5407=ORIENTED_EDGE('',*,*,#4178,.T.);
#5408=ORIENTED_EDGE('',*,*,#4179,.T.);
#5409=ORIENTED_EDGE('',*,*,#4180,.T.);
#5410=ORIENTED_EDGE('',*,*,#4178,.F.);
#5411=ORIENTED_EDGE('',*,*,#3789,.T.);
#5412=ORIENTED_EDGE('',*,*,#4181,.F.);
#5413=ORIENTED_EDGE('',*,*,#4182,.F.);
#5414=ORIENTED_EDGE('',*,*,#3958,.T.);
#5415=ORIENTED_EDGE('',*,*,#4183,.T.);
#5416=ORIENTED_EDGE('',*,*,#4184,.T.);
#5417=ORIENTED_EDGE('',*,*,#4185,.T.);
#5418=ORIENTED_EDGE('',*,*,#4183,.F.);
#5419=ORIENTED_EDGE('',*,*,#3957,.T.);
#5420=ORIENTED_EDGE('',*,*,#4186,.F.);
#5421=ORIENTED_EDGE('',*,*,#4187,.F.);
#5422=ORIENTED_EDGE('',*,*,#3782,.T.);
#5423=ORIENTED_EDGE('',*,*,#4188,.T.);
#5424=ORIENTED_EDGE('',*,*,#4189,.T.);
#5425=ORIENTED_EDGE('',*,*,#4190,.T.);
#5426=ORIENTED_EDGE('',*,*,#4188,.F.);
#5427=ORIENTED_EDGE('',*,*,#3781,.T.);
#5428=ORIENTED_EDGE('',*,*,#4191,.F.);
#5429=ORIENTED_EDGE('',*,*,#4192,.F.);
#5430=ORIENTED_EDGE('',*,*,#3918,.T.);
#5431=ORIENTED_EDGE('',*,*,#4193,.T.);
#5432=ORIENTED_EDGE('',*,*,#4194,.T.);
#5433=ORIENTED_EDGE('',*,*,#4195,.T.);
#5434=ORIENTED_EDGE('',*,*,#4193,.F.);
#5435=ORIENTED_EDGE('',*,*,#3917,.T.);
#5436=ORIENTED_EDGE('',*,*,#4196,.F.);
#5437=ORIENTED_EDGE('',*,*,#4197,.F.);
#5438=ORIENTED_EDGE('',*,*,#3860,.T.);
#5439=ORIENTED_EDGE('',*,*,#4198,.T.);
#5440=ORIENTED_EDGE('',*,*,#4199,.T.);
#5441=ORIENTED_EDGE('',*,*,#4200,.T.);
#5442=ORIENTED_EDGE('',*,*,#4198,.F.);
#5443=ORIENTED_EDGE('',*,*,#3859,.F.);
#5444=ORIENTED_EDGE('',*,*,#4201,.F.);
#5445=ORIENTED_EDGE('',*,*,#4202,.T.);
#5446=ORIENTED_EDGE('',*,*,#4203,.T.);
#5447=ORIENTED_EDGE('',*,*,#4204,.T.);
#5448=ORIENTED_EDGE('',*,*,#3876,.T.);
#5449=ORIENTED_EDGE('',*,*,#4205,.T.);
#5450=ORIENTED_EDGE('',*,*,#4204,.F.);
#5451=ORIENTED_EDGE('',*,*,#4206,.T.);
#5452=ORIENTED_EDGE('',*,*,#4207,.F.);
#5453=ORIENTED_EDGE('',*,*,#3877,.F.);
#5454=ORIENTED_EDGE('',*,*,#4208,.T.);
#5455=ORIENTED_EDGE('',*,*,#4209,.T.);
#5456=ORIENTED_EDGE('',*,*,#3854,.T.);
#5457=ORIENTED_EDGE('',*,*,#4210,.T.);
#5458=ORIENTED_EDGE('',*,*,#4209,.F.);
#5459=ORIENTED_EDGE('',*,*,#4211,.T.);
#5460=ORIENTED_EDGE('',*,*,#4212,.F.);
#5461=ORIENTED_EDGE('',*,*,#3847,.F.);
#5462=ORIENTED_EDGE('',*,*,#4213,.T.);
#5463=ORIENTED_EDGE('',*,*,#4214,.T.);
#5464=ORIENTED_EDGE('',*,*,#3844,.T.);
#5465=ORIENTED_EDGE('',*,*,#4215,.T.);
#5466=ORIENTED_EDGE('',*,*,#4214,.F.);
#5467=ORIENTED_EDGE('',*,*,#4216,.T.);
#5468=ORIENTED_EDGE('',*,*,#4217,.F.);
#5469=ORIENTED_EDGE('',*,*,#3845,.F.);
#5470=ORIENTED_EDGE('',*,*,#4218,.T.);
#5471=ORIENTED_EDGE('',*,*,#4219,.T.);
#5472=ORIENTED_EDGE('',*,*,#3886,.T.);
#5473=ORIENTED_EDGE('',*,*,#4220,.T.);
#5474=ORIENTED_EDGE('',*,*,#4219,.F.);
#5475=ORIENTED_EDGE('',*,*,#4221,.T.);
#5476=ORIENTED_EDGE('',*,*,#4222,.F.);
#5477=ORIENTED_EDGE('',*,*,#3879,.F.);
#5478=ORIENTED_EDGE('',*,*,#4223,.T.);
#5479=ORIENTED_EDGE('',*,*,#4224,.T.);
#5480=ORIENTED_EDGE('',*,*,#3892,.T.);
#5481=ORIENTED_EDGE('',*,*,#4225,.T.);
#5482=ORIENTED_EDGE('',*,*,#4224,.F.);
#5483=ORIENTED_EDGE('',*,*,#4226,.T.);
#5484=ORIENTED_EDGE('',*,*,#4227,.F.);
#5485=ORIENTED_EDGE('',*,*,#3893,.F.);
#5486=ORIENTED_EDGE('',*,*,#4228,.T.);
#5487=ORIENTED_EDGE('',*,*,#4229,.T.);
#5488=ORIENTED_EDGE('',*,*,#3838,.T.);
#5489=ORIENTED_EDGE('',*,*,#4230,.T.);
#5490=ORIENTED_EDGE('',*,*,#4229,.F.);
#5491=ORIENTED_EDGE('',*,*,#4231,.T.);
#5492=ORIENTED_EDGE('',*,*,#4232,.F.);
#5493=ORIENTED_EDGE('',*,*,#3831,.F.);
#5494=ORIENTED_EDGE('',*,*,#4233,.T.);
#5495=ORIENTED_EDGE('',*,*,#4234,.T.);
#5496=ORIENTED_EDGE('',*,*,#3908,.T.);
#5497=ORIENTED_EDGE('',*,*,#4235,.T.);
#5498=ORIENTED_EDGE('',*,*,#4234,.F.);
#5499=ORIENTED_EDGE('',*,*,#4236,.T.);
#5500=ORIENTED_EDGE('',*,*,#4237,.F.);
#5501=ORIENTED_EDGE('',*,*,#3909,.F.);
#5502=ORIENTED_EDGE('',*,*,#4238,.T.);
#5503=ORIENTED_EDGE('',*,*,#4239,.T.);
#5504=ORIENTED_EDGE('',*,*,#3822,.T.);
#5505=ORIENTED_EDGE('',*,*,#4240,.T.);
#5506=ORIENTED_EDGE('',*,*,#4239,.F.);
#5507=ORIENTED_EDGE('',*,*,#4241,.T.);
#5508=ORIENTED_EDGE('',*,*,#4242,.F.);
#5509=ORIENTED_EDGE('',*,*,#3815,.F.);
#5510=ORIENTED_EDGE('',*,*,#4243,.T.);
#5511=ORIENTED_EDGE('',*,*,#4244,.T.);
#5512=ORIENTED_EDGE('',*,*,#3870,.T.);
#5513=ORIENTED_EDGE('',*,*,#4245,.T.);
#5514=ORIENTED_EDGE('',*,*,#4244,.F.);
#5515=ORIENTED_EDGE('',*,*,#4246,.T.);
#5516=ORIENTED_EDGE('',*,*,#4247,.F.);
#5517=ORIENTED_EDGE('',*,*,#3863,.F.);
#5518=ORIENTED_EDGE('',*,*,#4248,.T.);
#5519=ORIENTED_EDGE('',*,*,#4056,.T.);
#5520=ORIENTED_EDGE('',*,*,#3700,.T.);
#5521=ORIENTED_EDGE('',*,*,#4249,.T.);
#5522=ORIENTED_EDGE('',*,*,#4250,.T.);
#5523=ORIENTED_EDGE('',*,*,#4061,.T.);
#5524=ORIENTED_EDGE('',*,*,#4016,.T.);
#5525=ORIENTED_EDGE('',*,*,#4251,.T.);
#5526=ORIENTED_EDGE('',*,*,#4252,.T.);
#5527=ORIENTED_EDGE('',*,*,#4066,.T.);
#5528=ORIENTED_EDGE('',*,*,#3704,.T.);
#5529=ORIENTED_EDGE('',*,*,#4253,.T.);
#5530=ORIENTED_EDGE('',*,*,#4254,.T.);
#5531=ORIENTED_EDGE('',*,*,#4071,.T.);
#5532=ORIENTED_EDGE('',*,*,#4008,.T.);
#5533=ORIENTED_EDGE('',*,*,#4255,.T.);
#5534=ORIENTED_EDGE('',*,*,#4256,.T.);
#5535=ORIENTED_EDGE('',*,*,#4076,.T.);
#5536=ORIENTED_EDGE('',*,*,#3712,.T.);
#5537=ORIENTED_EDGE('',*,*,#4257,.T.);
#5538=ORIENTED_EDGE('',*,*,#4258,.T.);
#5539=ORIENTED_EDGE('',*,*,#4081,.T.);
#5540=ORIENTED_EDGE('',*,*,#4000,.T.);
#5541=ORIENTED_EDGE('',*,*,#4259,.T.);
#5542=ORIENTED_EDGE('',*,*,#3720,.T.);
#5543=ORIENTED_EDGE('',*,*,#4260,.T.);
#5544=ORIENTED_EDGE('',*,*,#4261,.T.);
#5545=ORIENTED_EDGE('',*,*,#4262,.T.);
#5546=ORIENTED_EDGE('',*,*,#4260,.F.);
#5547=ORIENTED_EDGE('',*,*,#3719,.F.);
#5548=ORIENTED_EDGE('',*,*,#4263,.F.);
#5549=ORIENTED_EDGE('',*,*,#4264,.T.);
#5550=ORIENTED_EDGE('',*,*,#3774,.T.);
#5551=ORIENTED_EDGE('',*,*,#4265,.T.);
#5552=ORIENTED_EDGE('',*,*,#4266,.T.);
#5553=ORIENTED_EDGE('',*,*,#4267,.T.);
#5554=ORIENTED_EDGE('',*,*,#4265,.F.);
#5555=ORIENTED_EDGE('',*,*,#3773,.T.);
#5556=ORIENTED_EDGE('',*,*,#4268,.F.);
#5557=ORIENTED_EDGE('',*,*,#4269,.F.);
#5558=ORIENTED_EDGE('',*,*,#4270,.T.);
#5559=ORIENTED_EDGE('',*,*,#4096,.T.);
#5560=ORIENTED_EDGE('',*,*,#3964,.T.);
#5561=ORIENTED_EDGE('',*,*,#4271,.T.);
#5562=ORIENTED_EDGE('',*,*,#4272,.T.);
#5563=ORIENTED_EDGE('',*,*,#4101,.T.);
#5564=ORIENTED_EDGE('',*,*,#3764,.T.);
#5565=ORIENTED_EDGE('',*,*,#4273,.T.);
#5566=ORIENTED_EDGE('',*,*,#4274,.T.);
#5567=ORIENTED_EDGE('',*,*,#4106,.T.);
#5568=ORIENTED_EDGE('',*,*,#3972,.T.);
#5569=ORIENTED_EDGE('',*,*,#4275,.T.);
#5570=ORIENTED_EDGE('',*,*,#4276,.T.);
#5571=ORIENTED_EDGE('',*,*,#4111,.T.);
#5572=ORIENTED_EDGE('',*,*,#3756,.T.);
#5573=ORIENTED_EDGE('',*,*,#4277,.T.);
#5574=ORIENTED_EDGE('',*,*,#4278,.T.);
#5575=ORIENTED_EDGE('',*,*,#4116,.T.);
#5576=ORIENTED_EDGE('',*,*,#3980,.T.);
#5577=ORIENTED_EDGE('',*,*,#4279,.T.);
#5578=ORIENTED_EDGE('',*,*,#4280,.T.);
#5579=ORIENTED_EDGE('',*,*,#4121,.T.);
#5580=ORIENTED_EDGE('',*,*,#3748,.T.);
#5581=ORIENTED_EDGE('',*,*,#4281,.T.);
#5582=ORIENTED_EDGE('',*,*,#4282,.T.);
#5583=ORIENTED_EDGE('',*,*,#4126,.T.);
#5584=ORIENTED_EDGE('',*,*,#3988,.T.);
#5585=ORIENTED_EDGE('',*,*,#4283,.T.);
#5586=ORIENTED_EDGE('',*,*,#4284,.T.);
#5587=ORIENTED_EDGE('',*,*,#4131,.T.);
#5588=ORIENTED_EDGE('',*,*,#3740,.T.);
#5589=ORIENTED_EDGE('',*,*,#4285,.T.);
#5590=ORIENTED_EDGE('',*,*,#4286,.T.);
#5591=ORIENTED_EDGE('',*,*,#4136,.T.);
#5592=ORIENTED_EDGE('',*,*,#3996,.T.);
#5593=ORIENTED_EDGE('',*,*,#4287,.T.);
#5594=ORIENTED_EDGE('',*,*,#4288,.T.);
#5595=ORIENTED_EDGE('',*,*,#4141,.T.);
#5596=ORIENTED_EDGE('',*,*,#3732,.T.);
#5597=ORIENTED_EDGE('',*,*,#4289,.T.);
#5598=ORIENTED_EDGE('',*,*,#4290,.T.);
#5599=ORIENTED_EDGE('',*,*,#4196,.T.);
#5600=ORIENTED_EDGE('',*,*,#3916,.T.);
#5601=ORIENTED_EDGE('',*,*,#4291,.T.);
#5602=ORIENTED_EDGE('',*,*,#4292,.T.);
#5603=ORIENTED_EDGE('',*,*,#4191,.T.);
#5604=ORIENTED_EDGE('',*,*,#3780,.T.);
#5605=ORIENTED_EDGE('',*,*,#4293,.T.);
#5606=ORIENTED_EDGE('',*,*,#4294,.T.);
#5607=ORIENTED_EDGE('',*,*,#4186,.T.);
#5608=ORIENTED_EDGE('',*,*,#3956,.T.);
#5609=ORIENTED_EDGE('',*,*,#4295,.T.);
#5610=ORIENTED_EDGE('',*,*,#4296,.T.);
#5611=ORIENTED_EDGE('',*,*,#4181,.T.);
#5612=ORIENTED_EDGE('',*,*,#3788,.T.);
#5613=ORIENTED_EDGE('',*,*,#4297,.T.);
#5614=ORIENTED_EDGE('',*,*,#4298,.T.);
#5615=ORIENTED_EDGE('',*,*,#4176,.T.);
#5616=ORIENTED_EDGE('',*,*,#3948,.T.);
#5617=ORIENTED_EDGE('',*,*,#4299,.T.);
#5618=ORIENTED_EDGE('',*,*,#4300,.T.);
#5619=ORIENTED_EDGE('',*,*,#4171,.T.);
#5620=ORIENTED_EDGE('',*,*,#3796,.T.);
#5621=ORIENTED_EDGE('',*,*,#4301,.T.);
#5622=ORIENTED_EDGE('',*,*,#4302,.T.);
#5623=ORIENTED_EDGE('',*,*,#4166,.T.);
#5624=ORIENTED_EDGE('',*,*,#3940,.T.);
#5625=ORIENTED_EDGE('',*,*,#4303,.T.);
#5626=ORIENTED_EDGE('',*,*,#4304,.T.);
#5627=ORIENTED_EDGE('',*,*,#4161,.T.);
#5628=ORIENTED_EDGE('',*,*,#3804,.T.);
#5629=ORIENTED_EDGE('',*,*,#4305,.T.);
#5630=ORIENTED_EDGE('',*,*,#4306,.T.);
#5631=ORIENTED_EDGE('',*,*,#4156,.T.);
#5632=ORIENTED_EDGE('',*,*,#3932,.T.);
#5633=ORIENTED_EDGE('',*,*,#4307,.T.);
#5634=ORIENTED_EDGE('',*,*,#4308,.T.);
#5635=ORIENTED_EDGE('',*,*,#4151,.T.);
#5636=ORIENTED_EDGE('',*,*,#3812,.T.);
#5637=ORIENTED_EDGE('',*,*,#4309,.T.);
#5638=ORIENTED_EDGE('',*,*,#3926,.T.);
#5639=ORIENTED_EDGE('',*,*,#4310,.T.);
#5640=ORIENTED_EDGE('',*,*,#4311,.T.);
#5641=ORIENTED_EDGE('',*,*,#4146,.T.);
#5642=ORIENTED_EDGE('',*,*,#4310,.F.);
#5643=ORIENTED_EDGE('',*,*,#3925,.T.);
#5644=ORIENTED_EDGE('',*,*,#4312,.F.);
#5645=ORIENTED_EDGE('',*,*,#4313,.T.);
#5646=ORIENTED_EDGE('',*,*,#4314,.T.);
#5647=ORIENTED_EDGE('',*,*,#4201,.T.);
#5648=ORIENTED_EDGE('',*,*,#3858,.T.);
#5649=ORIENTED_EDGE('',*,*,#4315,.T.);
#5650=ORIENTED_EDGE('',*,*,#3874,.T.);
#5651=ORIENTED_EDGE('',*,*,#4316,.T.);
#5652=ORIENTED_EDGE('',*,*,#4317,.T.);
#5653=ORIENTED_EDGE('',*,*,#4318,.T.);
#5654=ORIENTED_EDGE('',*,*,#4316,.F.);
#5655=ORIENTED_EDGE('',*,*,#3873,.T.);
#5656=ORIENTED_EDGE('',*,*,#4319,.F.);
#5657=ORIENTED_EDGE('',*,*,#4320,.T.);
#5658=ORIENTED_EDGE('',*,*,#3852,.T.);
#5659=ORIENTED_EDGE('',*,*,#4321,.T.);
#5660=ORIENTED_EDGE('',*,*,#4322,.T.);
#5661=ORIENTED_EDGE('',*,*,#4323,.T.);
#5662=ORIENTED_EDGE('',*,*,#4321,.F.);
#5663=ORIENTED_EDGE('',*,*,#3851,.T.);
#5664=ORIENTED_EDGE('',*,*,#4324,.F.);
#5665=ORIENTED_EDGE('',*,*,#4325,.T.);
#5666=ORIENTED_EDGE('',*,*,#3842,.T.);
#5667=ORIENTED_EDGE('',*,*,#4326,.T.);
#5668=ORIENTED_EDGE('',*,*,#4327,.T.);
#5669=ORIENTED_EDGE('',*,*,#4328,.T.);
#5670=ORIENTED_EDGE('',*,*,#4326,.F.);
#5671=ORIENTED_EDGE('',*,*,#3841,.T.);
#5672=ORIENTED_EDGE('',*,*,#4329,.F.);
#5673=ORIENTED_EDGE('',*,*,#4330,.T.);
#5674=ORIENTED_EDGE('',*,*,#3884,.T.);
#5675=ORIENTED_EDGE('',*,*,#4331,.T.);
#5676=ORIENTED_EDGE('',*,*,#4332,.T.);
#5677=ORIENTED_EDGE('',*,*,#4333,.T.);
#5678=ORIENTED_EDGE('',*,*,#4331,.F.);
#5679=ORIENTED_EDGE('',*,*,#3883,.T.);
#5680=ORIENTED_EDGE('',*,*,#4334,.F.);
#5681=ORIENTED_EDGE('',*,*,#4335,.T.);
#5682=ORIENTED_EDGE('',*,*,#3890,.T.);
#5683=ORIENTED_EDGE('',*,*,#4336,.T.);
#5684=ORIENTED_EDGE('',*,*,#4337,.T.);
#5685=ORIENTED_EDGE('',*,*,#4338,.T.);
#5686=ORIENTED_EDGE('',*,*,#4336,.F.);
#5687=ORIENTED_EDGE('',*,*,#3889,.T.);
#5688=ORIENTED_EDGE('',*,*,#4339,.F.);
#5689=ORIENTED_EDGE('',*,*,#4340,.T.);
#5690=ORIENTED_EDGE('',*,*,#3836,.T.);
#5691=ORIENTED_EDGE('',*,*,#4341,.T.);
#5692=ORIENTED_EDGE('',*,*,#4342,.T.);
#5693=ORIENTED_EDGE('',*,*,#4343,.T.);
#5694=ORIENTED_EDGE('',*,*,#4341,.F.);
#5695=ORIENTED_EDGE('',*,*,#3835,.T.);
#5696=ORIENTED_EDGE('',*,*,#4344,.F.);
#5697=ORIENTED_EDGE('',*,*,#4345,.T.);
#5698=ORIENTED_EDGE('',*,*,#3826,.T.);
#5699=ORIENTED_EDGE('',*,*,#4346,.T.);
#5700=ORIENTED_EDGE('',*,*,#4347,.T.);
#5701=ORIENTED_EDGE('',*,*,#4348,.T.);
#5702=ORIENTED_EDGE('',*,*,#4346,.F.);
#5703=ORIENTED_EDGE('',*,*,#3825,.T.);
#5704=ORIENTED_EDGE('',*,*,#4349,.F.);
#5705=ORIENTED_EDGE('',*,*,#4350,.T.);
#5706=ORIENTED_EDGE('',*,*,#3900,.T.);
#5707=ORIENTED_EDGE('',*,*,#4351,.T.);
#5708=ORIENTED_EDGE('',*,*,#4352,.T.);
#5709=ORIENTED_EDGE('',*,*,#4353,.T.);
#5710=ORIENTED_EDGE('',*,*,#4351,.F.);
#5711=ORIENTED_EDGE('',*,*,#3899,.T.);
#5712=ORIENTED_EDGE('',*,*,#4354,.F.);
#5713=ORIENTED_EDGE('',*,*,#4355,.T.);
#5714=ORIENTED_EDGE('',*,*,#3906,.T.);
#5715=ORIENTED_EDGE('',*,*,#4356,.T.);
#5716=ORIENTED_EDGE('',*,*,#4357,.T.);
#5717=ORIENTED_EDGE('',*,*,#4358,.T.);
#5718=ORIENTED_EDGE('',*,*,#4356,.F.);
#5719=ORIENTED_EDGE('',*,*,#3905,.T.);
#5720=ORIENTED_EDGE('',*,*,#4359,.F.);
#5721=ORIENTED_EDGE('',*,*,#4360,.T.);
#5722=ORIENTED_EDGE('',*,*,#3820,.T.);
#5723=ORIENTED_EDGE('',*,*,#4361,.T.);
#5724=ORIENTED_EDGE('',*,*,#4362,.T.);
#5725=ORIENTED_EDGE('',*,*,#4363,.T.);
#5726=ORIENTED_EDGE('',*,*,#4361,.F.);
#5727=ORIENTED_EDGE('',*,*,#3819,.T.);
#5728=ORIENTED_EDGE('',*,*,#4364,.F.);
#5729=ORIENTED_EDGE('',*,*,#4365,.T.);
#5730=ORIENTED_EDGE('',*,*,#3868,.T.);
#5731=ORIENTED_EDGE('',*,*,#4366,.T.);
#5732=ORIENTED_EDGE('',*,*,#4367,.T.);
#5733=ORIENTED_EDGE('',*,*,#4368,.T.);
#5734=ORIENTED_EDGE('',*,*,#4366,.F.);
#5735=ORIENTED_EDGE('',*,*,#3867,.T.);
#5736=ORIENTED_EDGE('',*,*,#4369,.F.);
#5737=ORIENTED_EDGE('',*,*,#4370,.T.);
#5738=ORIENTED_EDGE('',*,*,#3698,.T.);
#5739=ORIENTED_EDGE('',*,*,#4371,.T.);
#5740=ORIENTED_EDGE('',*,*,#4372,.T.);
#5741=ORIENTED_EDGE('',*,*,#4373,.T.);
#5742=ORIENTED_EDGE('',*,*,#4371,.F.);
#5743=ORIENTED_EDGE('',*,*,#3697,.F.);
#5744=ORIENTED_EDGE('',*,*,#4374,.F.);
#5745=ORIENTED_EDGE('',*,*,#4375,.T.);
#5746=ORIENTED_EDGE('',*,*,#4022,.T.);
#5747=ORIENTED_EDGE('',*,*,#4376,.T.);
#5748=ORIENTED_EDGE('',*,*,#4377,.T.);
#5749=ORIENTED_EDGE('',*,*,#4378,.T.);
#5750=ORIENTED_EDGE('',*,*,#4376,.F.);
#5751=ORIENTED_EDGE('',*,*,#4021,.F.);
#5752=ORIENTED_EDGE('',*,*,#4379,.F.);
#5753=ORIENTED_EDGE('',*,*,#4380,.T.);
#5754=ORIENTED_EDGE('',*,*,#3710,.T.);
#5755=ORIENTED_EDGE('',*,*,#4381,.T.);
#5756=ORIENTED_EDGE('',*,*,#4382,.T.);
#5757=ORIENTED_EDGE('',*,*,#4383,.T.);
#5758=ORIENTED_EDGE('',*,*,#4381,.F.);
#5759=ORIENTED_EDGE('',*,*,#3709,.F.);
#5760=ORIENTED_EDGE('',*,*,#4384,.F.);
#5761=ORIENTED_EDGE('',*,*,#4385,.T.);
#5762=ORIENTED_EDGE('',*,*,#4014,.T.);
#5763=ORIENTED_EDGE('',*,*,#4386,.T.);
#5764=ORIENTED_EDGE('',*,*,#4387,.T.);
#5765=ORIENTED_EDGE('',*,*,#4388,.T.);
#5766=ORIENTED_EDGE('',*,*,#4386,.F.);
#5767=ORIENTED_EDGE('',*,*,#4013,.F.);
#5768=ORIENTED_EDGE('',*,*,#4389,.F.);
#5769=ORIENTED_EDGE('',*,*,#4390,.T.);
#5770=ORIENTED_EDGE('',*,*,#3718,.T.);
#5771=ORIENTED_EDGE('',*,*,#4391,.T.);
#5772=ORIENTED_EDGE('',*,*,#4392,.T.);
#5773=ORIENTED_EDGE('',*,*,#4393,.T.);
#5774=ORIENTED_EDGE('',*,*,#4391,.F.);
#5775=ORIENTED_EDGE('',*,*,#3717,.F.);
#5776=ORIENTED_EDGE('',*,*,#4394,.F.);
#5777=ORIENTED_EDGE('',*,*,#4395,.T.);
#5778=ORIENTED_EDGE('',*,*,#4006,.T.);
#5779=ORIENTED_EDGE('',*,*,#4396,.T.);
#5780=ORIENTED_EDGE('',*,*,#4397,.T.);
#5781=ORIENTED_EDGE('',*,*,#4398,.T.);
#5782=ORIENTED_EDGE('',*,*,#4396,.F.);
#5783=ORIENTED_EDGE('',*,*,#4005,.F.);
#5784=ORIENTED_EDGE('',*,*,#4399,.F.);
#5785=ORIENTED_EDGE('',*,*,#4400,.T.);
#5786=ORIENTED_EDGE('',*,*,#3726,.T.);
#5787=ORIENTED_EDGE('',*,*,#4401,.T.);
#5788=ORIENTED_EDGE('',*,*,#4402,.T.);
#5789=ORIENTED_EDGE('',*,*,#4263,.T.);
#5790=ORIENTED_EDGE('',*,*,#4401,.F.);
#5791=ORIENTED_EDGE('',*,*,#3725,.F.);
#5792=ORIENTED_EDGE('',*,*,#4403,.F.);
#5793=ORIENTED_EDGE('',*,*,#4404,.T.);
#5794=ORIENTED_EDGE('',*,*,#3772,.T.);
#5795=ORIENTED_EDGE('',*,*,#4405,.T.);
#5796=ORIENTED_EDGE('',*,*,#4406,.T.);
#5797=ORIENTED_EDGE('',*,*,#4268,.T.);
#5798=ORIENTED_EDGE('',*,*,#4405,.F.);
#5799=ORIENTED_EDGE('',*,*,#3771,.F.);
#5800=ORIENTED_EDGE('',*,*,#4407,.F.);
#5801=ORIENTED_EDGE('',*,*,#4408,.T.);
#5802=ORIENTED_EDGE('',*,*,#3962,.T.);
#5803=ORIENTED_EDGE('',*,*,#4409,.T.);
#5804=ORIENTED_EDGE('',*,*,#4410,.T.);
#5805=ORIENTED_EDGE('',*,*,#4411,.T.);
#5806=ORIENTED_EDGE('',*,*,#4409,.F.);
#5807=ORIENTED_EDGE('',*,*,#3961,.F.);
#5808=ORIENTED_EDGE('',*,*,#4412,.F.);
#5809=ORIENTED_EDGE('',*,*,#4413,.T.);
#5810=ORIENTED_EDGE('',*,*,#3762,.T.);
#5811=ORIENTED_EDGE('',*,*,#4414,.T.);
#5812=ORIENTED_EDGE('',*,*,#4415,.T.);
#5813=ORIENTED_EDGE('',*,*,#4416,.T.);
#5814=ORIENTED_EDGE('',*,*,#4414,.F.);
#5815=ORIENTED_EDGE('',*,*,#3761,.F.);
#5816=ORIENTED_EDGE('',*,*,#4417,.F.);
#5817=ORIENTED_EDGE('',*,*,#4418,.T.);
#5818=ORIENTED_EDGE('',*,*,#3970,.T.);
#5819=ORIENTED_EDGE('',*,*,#4419,.T.);
#5820=ORIENTED_EDGE('',*,*,#4420,.T.);
#5821=ORIENTED_EDGE('',*,*,#4421,.T.);
#5822=ORIENTED_EDGE('',*,*,#4419,.F.);
#5823=ORIENTED_EDGE('',*,*,#3969,.F.);
#5824=ORIENTED_EDGE('',*,*,#4422,.F.);
#5825=ORIENTED_EDGE('',*,*,#4423,.T.);
#5826=ORIENTED_EDGE('',*,*,#3754,.T.);
#5827=ORIENTED_EDGE('',*,*,#4424,.T.);
#5828=ORIENTED_EDGE('',*,*,#4425,.T.);
#5829=ORIENTED_EDGE('',*,*,#4426,.T.);
#5830=ORIENTED_EDGE('',*,*,#4424,.F.);
#5831=ORIENTED_EDGE('',*,*,#3753,.F.);
#5832=ORIENTED_EDGE('',*,*,#4427,.F.);
#5833=ORIENTED_EDGE('',*,*,#4428,.T.);
#5834=ORIENTED_EDGE('',*,*,#3978,.T.);
#5835=ORIENTED_EDGE('',*,*,#4429,.T.);
#5836=ORIENTED_EDGE('',*,*,#4430,.T.);
#5837=ORIENTED_EDGE('',*,*,#4431,.T.);
#5838=ORIENTED_EDGE('',*,*,#4429,.F.);
#5839=ORIENTED_EDGE('',*,*,#3977,.F.);
#5840=ORIENTED_EDGE('',*,*,#4432,.F.);
#5841=ORIENTED_EDGE('',*,*,#4433,.T.);
#5842=ORIENTED_EDGE('',*,*,#3746,.T.);
#5843=ORIENTED_EDGE('',*,*,#4434,.T.);
#5844=ORIENTED_EDGE('',*,*,#4435,.T.);
#5845=ORIENTED_EDGE('',*,*,#4436,.T.);
#5846=ORIENTED_EDGE('',*,*,#4434,.F.);
#5847=ORIENTED_EDGE('',*,*,#3745,.F.);
#5848=ORIENTED_EDGE('',*,*,#4437,.F.);
#5849=ORIENTED_EDGE('',*,*,#4438,.T.);
#5850=ORIENTED_EDGE('',*,*,#3986,.T.);
#5851=ORIENTED_EDGE('',*,*,#4439,.T.);
#5852=ORIENTED_EDGE('',*,*,#4440,.T.);
#5853=ORIENTED_EDGE('',*,*,#4441,.T.);
#5854=ORIENTED_EDGE('',*,*,#4439,.F.);
#5855=ORIENTED_EDGE('',*,*,#3985,.F.);
#5856=ORIENTED_EDGE('',*,*,#4442,.F.);
#5857=ORIENTED_EDGE('',*,*,#4443,.T.);
#5858=ORIENTED_EDGE('',*,*,#3738,.T.);
#5859=ORIENTED_EDGE('',*,*,#4444,.T.);
#5860=ORIENTED_EDGE('',*,*,#4445,.T.);
#5861=ORIENTED_EDGE('',*,*,#4446,.T.);
#5862=ORIENTED_EDGE('',*,*,#4444,.F.);
#5863=ORIENTED_EDGE('',*,*,#3737,.F.);
#5864=ORIENTED_EDGE('',*,*,#4447,.F.);
#5865=ORIENTED_EDGE('',*,*,#4448,.T.);
#5866=ORIENTED_EDGE('',*,*,#3994,.T.);
#5867=ORIENTED_EDGE('',*,*,#4449,.T.);
#5868=ORIENTED_EDGE('',*,*,#4450,.T.);
#5869=ORIENTED_EDGE('',*,*,#4451,.T.);
#5870=ORIENTED_EDGE('',*,*,#4449,.F.);
#5871=ORIENTED_EDGE('',*,*,#3993,.F.);
#5872=ORIENTED_EDGE('',*,*,#4452,.F.);
#5873=ORIENTED_EDGE('',*,*,#4453,.T.);
#5874=ORIENTED_EDGE('',*,*,#4454,.T.);
#5875=ORIENTED_EDGE('',*,*,#4455,.T.);
#5876=ORIENTED_EDGE('',*,*,#3730,.T.);
#5877=ORIENTED_EDGE('',*,*,#4456,.T.);
#5878=ORIENTED_EDGE('',*,*,#4289,.F.);
#5879=ORIENTED_EDGE('',*,*,#3731,.T.);
#5880=ORIENTED_EDGE('',*,*,#4455,.F.);
#5881=ORIENTED_EDGE('',*,*,#4457,.F.);
#5882=ORIENTED_EDGE('',*,*,#3914,.T.);
#5883=ORIENTED_EDGE('',*,*,#4458,.T.);
#5884=ORIENTED_EDGE('',*,*,#4459,.T.);
#5885=ORIENTED_EDGE('',*,*,#4460,.T.);
#5886=ORIENTED_EDGE('',*,*,#4458,.F.);
#5887=ORIENTED_EDGE('',*,*,#3913,.F.);
#5888=ORIENTED_EDGE('',*,*,#4461,.F.);
#5889=ORIENTED_EDGE('',*,*,#4462,.T.);
#5890=ORIENTED_EDGE('',*,*,#3778,.T.);
#5891=ORIENTED_EDGE('',*,*,#4463,.T.);
#5892=ORIENTED_EDGE('',*,*,#4464,.T.);
#5893=ORIENTED_EDGE('',*,*,#4465,.T.);
#5894=ORIENTED_EDGE('',*,*,#4463,.F.);
#5895=ORIENTED_EDGE('',*,*,#3777,.F.);
#5896=ORIENTED_EDGE('',*,*,#4466,.F.);
#5897=ORIENTED_EDGE('',*,*,#4467,.T.);
#5898=ORIENTED_EDGE('',*,*,#3954,.T.);
#5899=ORIENTED_EDGE('',*,*,#4468,.T.);
#5900=ORIENTED_EDGE('',*,*,#4469,.T.);
#5901=ORIENTED_EDGE('',*,*,#4470,.T.);
#5902=ORIENTED_EDGE('',*,*,#4468,.F.);
#5903=ORIENTED_EDGE('',*,*,#3953,.F.);
#5904=ORIENTED_EDGE('',*,*,#4471,.F.);
#5905=ORIENTED_EDGE('',*,*,#4472,.T.);
#5906=ORIENTED_EDGE('',*,*,#3786,.T.);
#5907=ORIENTED_EDGE('',*,*,#4473,.T.);
#5908=ORIENTED_EDGE('',*,*,#4474,.T.);
#5909=ORIENTED_EDGE('',*,*,#4475,.T.);
#5910=ORIENTED_EDGE('',*,*,#4473,.F.);
#5911=ORIENTED_EDGE('',*,*,#3785,.F.);
#5912=ORIENTED_EDGE('',*,*,#4476,.F.);
#5913=ORIENTED_EDGE('',*,*,#4477,.T.);
#5914=ORIENTED_EDGE('',*,*,#3946,.T.);
#5915=ORIENTED_EDGE('',*,*,#4478,.T.);
#5916=ORIENTED_EDGE('',*,*,#4479,.T.);
#5917=ORIENTED_EDGE('',*,*,#4480,.T.);
#5918=ORIENTED_EDGE('',*,*,#4478,.F.);
#5919=ORIENTED_EDGE('',*,*,#3945,.F.);
#5920=ORIENTED_EDGE('',*,*,#4481,.F.);
#5921=ORIENTED_EDGE('',*,*,#4482,.T.);
#5922=ORIENTED_EDGE('',*,*,#3794,.T.);
#5923=ORIENTED_EDGE('',*,*,#4483,.T.);
#5924=ORIENTED_EDGE('',*,*,#4484,.T.);
#5925=ORIENTED_EDGE('',*,*,#4485,.T.);
#5926=ORIENTED_EDGE('',*,*,#4483,.F.);
#5927=ORIENTED_EDGE('',*,*,#3793,.F.);
#5928=ORIENTED_EDGE('',*,*,#4486,.F.);
#5929=ORIENTED_EDGE('',*,*,#4487,.T.);
#5930=ORIENTED_EDGE('',*,*,#3938,.T.);
#5931=ORIENTED_EDGE('',*,*,#4488,.T.);
#5932=ORIENTED_EDGE('',*,*,#4489,.T.);
#5933=ORIENTED_EDGE('',*,*,#4490,.T.);
#5934=ORIENTED_EDGE('',*,*,#4488,.F.);
#5935=ORIENTED_EDGE('',*,*,#3937,.F.);
#5936=ORIENTED_EDGE('',*,*,#4491,.F.);
#5937=ORIENTED_EDGE('',*,*,#4492,.T.);
#5938=ORIENTED_EDGE('',*,*,#3802,.T.);
#5939=ORIENTED_EDGE('',*,*,#4493,.T.);
#5940=ORIENTED_EDGE('',*,*,#4494,.T.);
#5941=ORIENTED_EDGE('',*,*,#4495,.T.);
#5942=ORIENTED_EDGE('',*,*,#4493,.F.);
#5943=ORIENTED_EDGE('',*,*,#3801,.F.);
#5944=ORIENTED_EDGE('',*,*,#4496,.F.);
#5945=ORIENTED_EDGE('',*,*,#4497,.T.);
#5946=ORIENTED_EDGE('',*,*,#3930,.T.);
#5947=ORIENTED_EDGE('',*,*,#4498,.T.);
#5948=ORIENTED_EDGE('',*,*,#4499,.T.);
#5949=ORIENTED_EDGE('',*,*,#4500,.T.);
#5950=ORIENTED_EDGE('',*,*,#4498,.F.);
#5951=ORIENTED_EDGE('',*,*,#3929,.F.);
#5952=ORIENTED_EDGE('',*,*,#4501,.F.);
#5953=ORIENTED_EDGE('',*,*,#4502,.T.);
#5954=ORIENTED_EDGE('',*,*,#3810,.T.);
#5955=ORIENTED_EDGE('',*,*,#4503,.T.);
#5956=ORIENTED_EDGE('',*,*,#4504,.T.);
#5957=ORIENTED_EDGE('',*,*,#4505,.T.);
#5958=ORIENTED_EDGE('',*,*,#4503,.F.);
#5959=ORIENTED_EDGE('',*,*,#3809,.F.);
#5960=ORIENTED_EDGE('',*,*,#4506,.F.);
#5961=ORIENTED_EDGE('',*,*,#4507,.T.);
#5962=ORIENTED_EDGE('',*,*,#3924,.T.);
#5963=ORIENTED_EDGE('',*,*,#4508,.T.);
#5964=ORIENTED_EDGE('',*,*,#4509,.T.);
#5965=ORIENTED_EDGE('',*,*,#4312,.T.);
#5966=ORIENTED_EDGE('',*,*,#4508,.F.);
#5967=ORIENTED_EDGE('',*,*,#3923,.F.);
#5968=ORIENTED_EDGE('',*,*,#4510,.F.);
#5969=ORIENTED_EDGE('',*,*,#4511,.T.);
#5970=ORIENTED_EDGE('',*,*,#4512,.T.);
#5971=ORIENTED_EDGE('',*,*,#4513,.T.);
#5972=ORIENTED_EDGE('',*,*,#3856,.T.);
#5973=ORIENTED_EDGE('',*,*,#4514,.T.);
#5974=ORIENTED_EDGE('',*,*,#4315,.F.);
#5975=ORIENTED_EDGE('',*,*,#3857,.T.);
#5976=ORIENTED_EDGE('',*,*,#4513,.F.);
#5977=ORIENTED_EDGE('',*,*,#4515,.T.);
#5978=ORIENTED_EDGE('',*,*,#4516,.T.);
#5979=ORIENTED_EDGE('',*,*,#4319,.T.);
#5980=ORIENTED_EDGE('',*,*,#3872,.T.);
#5981=ORIENTED_EDGE('',*,*,#4517,.T.);
#5982=ORIENTED_EDGE('',*,*,#4518,.T.);
#5983=ORIENTED_EDGE('',*,*,#4324,.T.);
#5984=ORIENTED_EDGE('',*,*,#3850,.T.);
#5985=ORIENTED_EDGE('',*,*,#4519,.T.);
#5986=ORIENTED_EDGE('',*,*,#4520,.T.);
#5987=ORIENTED_EDGE('',*,*,#4329,.T.);
#5988=ORIENTED_EDGE('',*,*,#3840,.T.);
#5989=ORIENTED_EDGE('',*,*,#4521,.T.);
#5990=ORIENTED_EDGE('',*,*,#4522,.T.);
#5991=ORIENTED_EDGE('',*,*,#4334,.T.);
#5992=ORIENTED_EDGE('',*,*,#3882,.T.);
#5993=ORIENTED_EDGE('',*,*,#4523,.T.);
#5994=ORIENTED_EDGE('',*,*,#4524,.T.);
#5995=ORIENTED_EDGE('',*,*,#4339,.T.);
#5996=ORIENTED_EDGE('',*,*,#3888,.T.);
#5997=ORIENTED_EDGE('',*,*,#4525,.T.);
#5998=ORIENTED_EDGE('',*,*,#4526,.T.);
#5999=ORIENTED_EDGE('',*,*,#4344,.T.);
#6000=ORIENTED_EDGE('',*,*,#3834,.T.);
#6001=ORIENTED_EDGE('',*,*,#4527,.T.);
#6002=ORIENTED_EDGE('',*,*,#4528,.T.);
#6003=ORIENTED_EDGE('',*,*,#4349,.T.);
#6004=ORIENTED_EDGE('',*,*,#3824,.T.);
#6005=ORIENTED_EDGE('',*,*,#4529,.T.);
#6006=ORIENTED_EDGE('',*,*,#4530,.T.);
#6007=ORIENTED_EDGE('',*,*,#4354,.T.);
#6008=ORIENTED_EDGE('',*,*,#3898,.T.);
#6009=ORIENTED_EDGE('',*,*,#4531,.T.);
#6010=ORIENTED_EDGE('',*,*,#4532,.T.);
#6011=ORIENTED_EDGE('',*,*,#4359,.T.);
#6012=ORIENTED_EDGE('',*,*,#3904,.T.);
#6013=ORIENTED_EDGE('',*,*,#4533,.T.);
#6014=ORIENTED_EDGE('',*,*,#4534,.T.);
#6015=ORIENTED_EDGE('',*,*,#4364,.T.);
#6016=ORIENTED_EDGE('',*,*,#3818,.T.);
#6017=ORIENTED_EDGE('',*,*,#4535,.T.);
#6018=ORIENTED_EDGE('',*,*,#3866,.T.);
#6019=ORIENTED_EDGE('',*,*,#4536,.T.);
#6020=ORIENTED_EDGE('',*,*,#4537,.T.);
#6021=ORIENTED_EDGE('',*,*,#4369,.T.);
#6022=ORIENTED_EDGE('',*,*,#4536,.F.);
#6023=ORIENTED_EDGE('',*,*,#3865,.F.);
#6024=ORIENTED_EDGE('',*,*,#4538,.F.);
#6025=ORIENTED_EDGE('',*,*,#4539,.T.);
#6026=ORIENTED_EDGE('',*,*,#3696,.T.);
#6027=ORIENTED_EDGE('',*,*,#4540,.T.);
#6028=ORIENTED_EDGE('',*,*,#4541,.T.);
#6029=ORIENTED_EDGE('',*,*,#4374,.T.);
#6030=ORIENTED_EDGE('',*,*,#4055,.F.);
#6031=ORIENTED_EDGE('',*,*,#4542,.T.);
#6032=ORIENTED_EDGE('',*,*,#4540,.F.);
#6033=ORIENTED_EDGE('',*,*,#3695,.F.);
#6034=ORIENTED_EDGE('',*,*,#4543,.T.);
#6035=ORIENTED_EDGE('',*,*,#4379,.T.);
#6036=ORIENTED_EDGE('',*,*,#4020,.T.);
#6037=ORIENTED_EDGE('',*,*,#4544,.T.);
#6038=ORIENTED_EDGE('',*,*,#4545,.T.);
#6039=ORIENTED_EDGE('',*,*,#4384,.T.);
#6040=ORIENTED_EDGE('',*,*,#3708,.T.);
#6041=ORIENTED_EDGE('',*,*,#4546,.T.);
#6042=ORIENTED_EDGE('',*,*,#4547,.T.);
#6043=ORIENTED_EDGE('',*,*,#4389,.T.);
#6044=ORIENTED_EDGE('',*,*,#4012,.T.);
#6045=ORIENTED_EDGE('',*,*,#4548,.T.);
#6046=ORIENTED_EDGE('',*,*,#4549,.T.);
#6047=ORIENTED_EDGE('',*,*,#4394,.T.);
#6048=ORIENTED_EDGE('',*,*,#3716,.T.);
#6049=ORIENTED_EDGE('',*,*,#4550,.T.);
#6050=ORIENTED_EDGE('',*,*,#4551,.T.);
#6051=ORIENTED_EDGE('',*,*,#4399,.T.);
#6052=ORIENTED_EDGE('',*,*,#4004,.T.);
#6053=ORIENTED_EDGE('',*,*,#4552,.T.);
#6054=ORIENTED_EDGE('',*,*,#4553,.T.);
#6055=ORIENTED_EDGE('',*,*,#4403,.T.);
#6056=ORIENTED_EDGE('',*,*,#3724,.T.);
#6057=ORIENTED_EDGE('',*,*,#4087,.T.);
#6058=ORIENTED_EDGE('',*,*,#3728,.T.);
#6059=ORIENTED_EDGE('',*,*,#4554,.T.);
#6060=ORIENTED_EDGE('',*,*,#4555,.T.);
#6061=ORIENTED_EDGE('',*,*,#4556,.T.);
#6062=ORIENTED_EDGE('',*,*,#4140,.F.);
#6063=ORIENTED_EDGE('',*,*,#4557,.F.);
#6064=ORIENTED_EDGE('',*,*,#4554,.F.);
#6065=ORIENTED_EDGE('',*,*,#3727,.F.);
#6066=ORIENTED_EDGE('',*,*,#4558,.T.);
#6067=ORIENTED_EDGE('',*,*,#4452,.T.);
#6068=ORIENTED_EDGE('',*,*,#3992,.T.);
#6069=ORIENTED_EDGE('',*,*,#4559,.T.);
#6070=ORIENTED_EDGE('',*,*,#4560,.T.);
#6071=ORIENTED_EDGE('',*,*,#4447,.T.);
#6072=ORIENTED_EDGE('',*,*,#3736,.T.);
#6073=ORIENTED_EDGE('',*,*,#4561,.T.);
#6074=ORIENTED_EDGE('',*,*,#4562,.T.);
#6075=ORIENTED_EDGE('',*,*,#4442,.T.);
#6076=ORIENTED_EDGE('',*,*,#3984,.T.);
#6077=ORIENTED_EDGE('',*,*,#4563,.T.);
#6078=ORIENTED_EDGE('',*,*,#4564,.T.);
#6079=ORIENTED_EDGE('',*,*,#4437,.T.);
#6080=ORIENTED_EDGE('',*,*,#3744,.T.);
#6081=ORIENTED_EDGE('',*,*,#4565,.T.);
#6082=ORIENTED_EDGE('',*,*,#4566,.T.);
#6083=ORIENTED_EDGE('',*,*,#4432,.T.);
#6084=ORIENTED_EDGE('',*,*,#3976,.T.);
#6085=ORIENTED_EDGE('',*,*,#4567,.T.);
#6086=ORIENTED_EDGE('',*,*,#4568,.T.);
#6087=ORIENTED_EDGE('',*,*,#4427,.T.);
#6088=ORIENTED_EDGE('',*,*,#3752,.T.);
#6089=ORIENTED_EDGE('',*,*,#4569,.T.);
#6090=ORIENTED_EDGE('',*,*,#4570,.T.);
#6091=ORIENTED_EDGE('',*,*,#4422,.T.);
#6092=ORIENTED_EDGE('',*,*,#3968,.T.);
#6093=ORIENTED_EDGE('',*,*,#4571,.T.);
#6094=ORIENTED_EDGE('',*,*,#4572,.T.);
#6095=ORIENTED_EDGE('',*,*,#4417,.T.);
#6096=ORIENTED_EDGE('',*,*,#3760,.T.);
#6097=ORIENTED_EDGE('',*,*,#4573,.T.);
#6098=ORIENTED_EDGE('',*,*,#4574,.T.);
#6099=ORIENTED_EDGE('',*,*,#4412,.T.);
#6100=ORIENTED_EDGE('',*,*,#3960,.T.);
#6101=ORIENTED_EDGE('',*,*,#4575,.T.);
#6102=ORIENTED_EDGE('',*,*,#4576,.T.);
#6103=ORIENTED_EDGE('',*,*,#4407,.T.);
#6104=ORIENTED_EDGE('',*,*,#3770,.T.);
#6105=ORIENTED_EDGE('',*,*,#4092,.T.);
#6106=ORIENTED_EDGE('',*,*,#4577,.T.);
#6107=ORIENTED_EDGE('',*,*,#4461,.T.);
#6108=ORIENTED_EDGE('',*,*,#3912,.T.);
#6109=ORIENTED_EDGE('',*,*,#4578,.T.);
#6110=ORIENTED_EDGE('',*,*,#4579,.T.);
#6111=ORIENTED_EDGE('',*,*,#4466,.T.);
#6112=ORIENTED_EDGE('',*,*,#3776,.T.);
#6113=ORIENTED_EDGE('',*,*,#4580,.T.);
#6114=ORIENTED_EDGE('',*,*,#4581,.T.);
#6115=ORIENTED_EDGE('',*,*,#4471,.T.);
#6116=ORIENTED_EDGE('',*,*,#3952,.T.);
#6117=ORIENTED_EDGE('',*,*,#4582,.T.);
#6118=ORIENTED_EDGE('',*,*,#4583,.T.);
#6119=ORIENTED_EDGE('',*,*,#4476,.T.);
#6120=ORIENTED_EDGE('',*,*,#3784,.T.);
#6121=ORIENTED_EDGE('',*,*,#4584,.T.);
#6122=ORIENTED_EDGE('',*,*,#4585,.T.);
#6123=ORIENTED_EDGE('',*,*,#4481,.T.);
#6124=ORIENTED_EDGE('',*,*,#3944,.T.);
#6125=ORIENTED_EDGE('',*,*,#4586,.T.);
#6126=ORIENTED_EDGE('',*,*,#4587,.T.);
#6127=ORIENTED_EDGE('',*,*,#4486,.T.);
#6128=ORIENTED_EDGE('',*,*,#3792,.T.);
#6129=ORIENTED_EDGE('',*,*,#4588,.T.);
#6130=ORIENTED_EDGE('',*,*,#4589,.T.);
#6131=ORIENTED_EDGE('',*,*,#4491,.T.);
#6132=ORIENTED_EDGE('',*,*,#3936,.T.);
#6133=ORIENTED_EDGE('',*,*,#4590,.T.);
#6134=ORIENTED_EDGE('',*,*,#4591,.T.);
#6135=ORIENTED_EDGE('',*,*,#4496,.T.);
#6136=ORIENTED_EDGE('',*,*,#3800,.T.);
#6137=ORIENTED_EDGE('',*,*,#4592,.T.);
#6138=ORIENTED_EDGE('',*,*,#4593,.T.);
#6139=ORIENTED_EDGE('',*,*,#4501,.T.);
#6140=ORIENTED_EDGE('',*,*,#3928,.T.);
#6141=ORIENTED_EDGE('',*,*,#4594,.T.);
#6142=ORIENTED_EDGE('',*,*,#4595,.T.);
#6143=ORIENTED_EDGE('',*,*,#4506,.T.);
#6144=ORIENTED_EDGE('',*,*,#3808,.T.);
#6145=ORIENTED_EDGE('',*,*,#4596,.T.);
#6146=ORIENTED_EDGE('',*,*,#4597,.T.);
#6147=ORIENTED_EDGE('',*,*,#4510,.T.);
#6148=ORIENTED_EDGE('',*,*,#3922,.T.);
#6149=ORIENTED_EDGE('',*,*,#4598,.T.);
#6150=ORIENTED_EDGE('',*,*,#3896,.T.);
#6151=ORIENTED_EDGE('',*,*,#4052,.T.);
#6152=ORIENTED_EDGE('',*,*,#4599,.T.);
#6153=ORIENTED_EDGE('',*,*,#4600,.T.);
#6154=ORIENTED_EDGE('',*,*,#3830,.T.);
#6155=ORIENTED_EDGE('',*,*,#4047,.T.);
#6156=ORIENTED_EDGE('',*,*,#4601,.T.);
#6157=ORIENTED_EDGE('',*,*,#4602,.T.);
#6158=ORIENTED_EDGE('',*,*,#3832,.T.);
#6159=ORIENTED_EDGE('',*,*,#4232,.T.);
#6160=ORIENTED_EDGE('',*,*,#4603,.T.);
#6161=ORIENTED_EDGE('',*,*,#4604,.T.);
#6162=ORIENTED_EDGE('',*,*,#3894,.T.);
#6163=ORIENTED_EDGE('',*,*,#4227,.T.);
#6164=ORIENTED_EDGE('',*,*,#4605,.T.);
#6165=ORIENTED_EDGE('',*,*,#4606,.T.);
#6166=ORIENTED_EDGE('',*,*,#3880,.T.);
#6167=ORIENTED_EDGE('',*,*,#4222,.T.);
#6168=ORIENTED_EDGE('',*,*,#4607,.T.);
#6169=ORIENTED_EDGE('',*,*,#4608,.T.);
#6170=ORIENTED_EDGE('',*,*,#3846,.T.);
#6171=ORIENTED_EDGE('',*,*,#4217,.T.);
#6172=ORIENTED_EDGE('',*,*,#4609,.T.);
#6173=ORIENTED_EDGE('',*,*,#4610,.T.);
#6174=ORIENTED_EDGE('',*,*,#3848,.T.);
#6175=ORIENTED_EDGE('',*,*,#4212,.T.);
#6176=ORIENTED_EDGE('',*,*,#4611,.T.);
#6177=ORIENTED_EDGE('',*,*,#4612,.T.);
#6178=ORIENTED_EDGE('',*,*,#3878,.T.);
#6179=ORIENTED_EDGE('',*,*,#4207,.T.);
#6180=ORIENTED_EDGE('',*,*,#4613,.T.);
#6181=ORIENTED_EDGE('',*,*,#4614,.T.);
#6182=ORIENTED_EDGE('',*,*,#3862,.T.);
#6183=ORIENTED_EDGE('',*,*,#4615,.T.);
#6184=ORIENTED_EDGE('',*,*,#4616,.T.);
#6185=ORIENTED_EDGE('',*,*,#4617,.T.);
#6186=ORIENTED_EDGE('',*,*,#4200,.F.);
#6187=ORIENTED_EDGE('',*,*,#4618,.T.);
#6188=ORIENTED_EDGE('',*,*,#4615,.F.);
#6189=ORIENTED_EDGE('',*,*,#3861,.F.);
#6190=ORIENTED_EDGE('',*,*,#3910,.T.);
#6191=ORIENTED_EDGE('',*,*,#4237,.T.);
#6192=ORIENTED_EDGE('',*,*,#4619,.T.);
#6193=ORIENTED_EDGE('',*,*,#4620,.T.);
#6194=ORIENTED_EDGE('',*,*,#3816,.T.);
#6195=ORIENTED_EDGE('',*,*,#4242,.T.);
#6196=ORIENTED_EDGE('',*,*,#4621,.T.);
#6197=ORIENTED_EDGE('',*,*,#4622,.T.);
#6198=ORIENTED_EDGE('',*,*,#3864,.T.);
#6199=ORIENTED_EDGE('',*,*,#4247,.T.);
#6200=ORIENTED_EDGE('',*,*,#4623,.T.);
#6201=ORIENTED_EDGE('',*,*,#4538,.T.);
#6202=ORIENTED_EDGE('',*,*,#3674,.F.);
#6203=ORIENTED_EDGE('',*,*,#4624,.T.);
#6204=ORIENTED_EDGE('',*,*,#4625,.T.);
#6205=ORIENTED_EDGE('',*,*,#3630,.F.);
#6206=ORIENTED_EDGE('',*,*,#3673,.F.);
#6207=ORIENTED_EDGE('',*,*,#4626,.F.);
#6208=ORIENTED_EDGE('',*,*,#3680,.F.);
#6209=ORIENTED_EDGE('',*,*,#4627,.F.);
#6210=ORIENTED_EDGE('',*,*,#3654,.F.);
#6211=ORIENTED_EDGE('',*,*,#4628,.F.);
#6212=ORIENTED_EDGE('',*,*,#4629,.F.);
#6213=ORIENTED_EDGE('',*,*,#4624,.F.);
#6214=ORIENTED_EDGE('',*,*,#4023,.T.);
#6215=ORIENTED_EDGE('',*,*,#4027,.T.);
#6216=ORIENTED_EDGE('',*,*,#4031,.T.);
#6217=ORIENTED_EDGE('',*,*,#4035,.T.);
#6218=ORIENTED_EDGE('',*,*,#4375,.F.);
#6219=ORIENTED_EDGE('',*,*,#4541,.F.);
#6220=ORIENTED_EDGE('',*,*,#4542,.F.);
#6221=ORIENTED_EDGE('',*,*,#4054,.F.);
#6222=ORIENTED_EDGE('',*,*,#4057,.T.);
#6223=ORIENTED_EDGE('',*,*,#4248,.F.);
#6224=ORIENTED_EDGE('',*,*,#4630,.F.);
#6225=ORIENTED_EDGE('',*,*,#4372,.F.);
#6226=ORIENTED_EDGE('',*,*,#4059,.F.);
#6227=ORIENTED_EDGE('',*,*,#4062,.T.);
#6228=ORIENTED_EDGE('',*,*,#4250,.F.);
#6229=ORIENTED_EDGE('',*,*,#4631,.F.);
#6230=ORIENTED_EDGE('',*,*,#4377,.F.);
#6231=ORIENTED_EDGE('',*,*,#4380,.F.);
#6232=ORIENTED_EDGE('',*,*,#4543,.F.);
#6233=ORIENTED_EDGE('',*,*,#4632,.F.);
#6234=ORIENTED_EDGE('',*,*,#4064,.F.);
#6235=ORIENTED_EDGE('',*,*,#4067,.T.);
#6236=ORIENTED_EDGE('',*,*,#4252,.F.);
#6237=ORIENTED_EDGE('',*,*,#4633,.F.);
#6238=ORIENTED_EDGE('',*,*,#4382,.F.);
#6239=ORIENTED_EDGE('',*,*,#4385,.F.);
#6240=ORIENTED_EDGE('',*,*,#4545,.F.);
#6241=ORIENTED_EDGE('',*,*,#4634,.F.);
#6242=ORIENTED_EDGE('',*,*,#4069,.F.);
#6243=ORIENTED_EDGE('',*,*,#4072,.T.);
#6244=ORIENTED_EDGE('',*,*,#4254,.F.);
#6245=ORIENTED_EDGE('',*,*,#4635,.F.);
#6246=ORIENTED_EDGE('',*,*,#4387,.F.);
#6247=ORIENTED_EDGE('',*,*,#4390,.F.);
#6248=ORIENTED_EDGE('',*,*,#4547,.F.);
#6249=ORIENTED_EDGE('',*,*,#4636,.F.);
#6250=ORIENTED_EDGE('',*,*,#4074,.F.);
#6251=ORIENTED_EDGE('',*,*,#4077,.T.);
#6252=ORIENTED_EDGE('',*,*,#4256,.F.);
#6253=ORIENTED_EDGE('',*,*,#4637,.F.);
#6254=ORIENTED_EDGE('',*,*,#4392,.F.);
#6255=ORIENTED_EDGE('',*,*,#4395,.F.);
#6256=ORIENTED_EDGE('',*,*,#4549,.F.);
#6257=ORIENTED_EDGE('',*,*,#4638,.F.);
#6258=ORIENTED_EDGE('',*,*,#4079,.F.);
#6259=ORIENTED_EDGE('',*,*,#4082,.T.);
#6260=ORIENTED_EDGE('',*,*,#4258,.F.);
#6261=ORIENTED_EDGE('',*,*,#4639,.F.);
#6262=ORIENTED_EDGE('',*,*,#4397,.F.);
#6263=ORIENTED_EDGE('',*,*,#4400,.F.);
#6264=ORIENTED_EDGE('',*,*,#4551,.F.);
#6265=ORIENTED_EDGE('',*,*,#4640,.F.);
#6266=ORIENTED_EDGE('',*,*,#4641,.F.);
#6267=ORIENTED_EDGE('',*,*,#4261,.F.);
#6268=ORIENTED_EDGE('',*,*,#4264,.F.);
#6269=ORIENTED_EDGE('',*,*,#4402,.F.);
#6270=ORIENTED_EDGE('',*,*,#4404,.F.);
#6271=ORIENTED_EDGE('',*,*,#4553,.F.);
#6272=ORIENTED_EDGE('',*,*,#4086,.F.);
#6273=ORIENTED_EDGE('',*,*,#4083,.F.);
#6274=ORIENTED_EDGE('',*,*,#4457,.T.);
#6275=ORIENTED_EDGE('',*,*,#4454,.F.);
#6276=ORIENTED_EDGE('',*,*,#4642,.F.);
#6277=ORIENTED_EDGE('',*,*,#4555,.F.);
#6278=ORIENTED_EDGE('',*,*,#4557,.T.);
#6279=ORIENTED_EDGE('',*,*,#4139,.F.);
#6280=ORIENTED_EDGE('',*,*,#4142,.T.);
#6281=ORIENTED_EDGE('',*,*,#4288,.F.);
#6282=ORIENTED_EDGE('',*,*,#4643,.T.);
#6283=ORIENTED_EDGE('',*,*,#4134,.F.);
#6284=ORIENTED_EDGE('',*,*,#4137,.T.);
#6285=ORIENTED_EDGE('',*,*,#4286,.F.);
#6286=ORIENTED_EDGE('',*,*,#4644,.T.);
#6287=ORIENTED_EDGE('',*,*,#4450,.F.);
#6288=ORIENTED_EDGE('',*,*,#4453,.F.);
#6289=ORIENTED_EDGE('',*,*,#4558,.F.);
#6290=ORIENTED_EDGE('',*,*,#4645,.T.);
#6291=ORIENTED_EDGE('',*,*,#4129,.F.);
#6292=ORIENTED_EDGE('',*,*,#4132,.T.);
#6293=ORIENTED_EDGE('',*,*,#4284,.F.);
#6294=ORIENTED_EDGE('',*,*,#4646,.T.);
#6295=ORIENTED_EDGE('',*,*,#4445,.F.);
#6296=ORIENTED_EDGE('',*,*,#4448,.F.);
#6297=ORIENTED_EDGE('',*,*,#4560,.F.);
#6298=ORIENTED_EDGE('',*,*,#4647,.T.);
#6299=ORIENTED_EDGE('',*,*,#4124,.F.);
#6300=ORIENTED_EDGE('',*,*,#4127,.T.);
#6301=ORIENTED_EDGE('',*,*,#4282,.F.);
#6302=ORIENTED_EDGE('',*,*,#4648,.T.);
#6303=ORIENTED_EDGE('',*,*,#4440,.F.);
#6304=ORIENTED_EDGE('',*,*,#4443,.F.);
#6305=ORIENTED_EDGE('',*,*,#4562,.F.);
#6306=ORIENTED_EDGE('',*,*,#4649,.T.);
#6307=ORIENTED_EDGE('',*,*,#4119,.F.);
#6308=ORIENTED_EDGE('',*,*,#4122,.T.);
#6309=ORIENTED_EDGE('',*,*,#4280,.F.);
#6310=ORIENTED_EDGE('',*,*,#4650,.T.);
#6311=ORIENTED_EDGE('',*,*,#4435,.F.);
#6312=ORIENTED_EDGE('',*,*,#4438,.F.);
#6313=ORIENTED_EDGE('',*,*,#4564,.F.);
#6314=ORIENTED_EDGE('',*,*,#4651,.T.);
#6315=ORIENTED_EDGE('',*,*,#4114,.F.);
#6316=ORIENTED_EDGE('',*,*,#4117,.T.);
#6317=ORIENTED_EDGE('',*,*,#4278,.F.);
#6318=ORIENTED_EDGE('',*,*,#4652,.T.);
#6319=ORIENTED_EDGE('',*,*,#4430,.F.);
#6320=ORIENTED_EDGE('',*,*,#4433,.F.);
#6321=ORIENTED_EDGE('',*,*,#4566,.F.);
#6322=ORIENTED_EDGE('',*,*,#4653,.T.);
#6323=ORIENTED_EDGE('',*,*,#4109,.F.);
#6324=ORIENTED_EDGE('',*,*,#4112,.T.);
#6325=ORIENTED_EDGE('',*,*,#4276,.F.);
#6326=ORIENTED_EDGE('',*,*,#4654,.T.);
#6327=ORIENTED_EDGE('',*,*,#4425,.F.);
#6328=ORIENTED_EDGE('',*,*,#4428,.F.);
#6329=ORIENTED_EDGE('',*,*,#4568,.F.);
#6330=ORIENTED_EDGE('',*,*,#4655,.T.);
#6331=ORIENTED_EDGE('',*,*,#4104,.F.);
#6332=ORIENTED_EDGE('',*,*,#4107,.T.);
#6333=ORIENTED_EDGE('',*,*,#4274,.F.);
#6334=ORIENTED_EDGE('',*,*,#4656,.T.);
#6335=ORIENTED_EDGE('',*,*,#4420,.F.);
#6336=ORIENTED_EDGE('',*,*,#4423,.F.);
#6337=ORIENTED_EDGE('',*,*,#4570,.F.);
#6338=ORIENTED_EDGE('',*,*,#4657,.T.);
#6339=ORIENTED_EDGE('',*,*,#4099,.F.);
#6340=ORIENTED_EDGE('',*,*,#4102,.T.);
#6341=ORIENTED_EDGE('',*,*,#4272,.F.);
#6342=ORIENTED_EDGE('',*,*,#4658,.T.);
#6343=ORIENTED_EDGE('',*,*,#4415,.F.);
#6344=ORIENTED_EDGE('',*,*,#4418,.F.);
#6345=ORIENTED_EDGE('',*,*,#4572,.F.);
#6346=ORIENTED_EDGE('',*,*,#4659,.T.);
#6347=ORIENTED_EDGE('',*,*,#4094,.F.);
#6348=ORIENTED_EDGE('',*,*,#4097,.T.);
#6349=ORIENTED_EDGE('',*,*,#4270,.F.);
#6350=ORIENTED_EDGE('',*,*,#4660,.T.);
#6351=ORIENTED_EDGE('',*,*,#4410,.F.);
#6352=ORIENTED_EDGE('',*,*,#4413,.F.);
#6353=ORIENTED_EDGE('',*,*,#4574,.F.);
#6354=ORIENTED_EDGE('',*,*,#4091,.T.);
#6355=ORIENTED_EDGE('',*,*,#4088,.F.);
#6356=ORIENTED_EDGE('',*,*,#4661,.F.);
#6357=ORIENTED_EDGE('',*,*,#4266,.F.);
#6358=ORIENTED_EDGE('',*,*,#4269,.T.);
#6359=ORIENTED_EDGE('',*,*,#4406,.F.);
#6360=ORIENTED_EDGE('',*,*,#4408,.F.);
#6361=ORIENTED_EDGE('',*,*,#4576,.F.);
#6362=ORIENTED_EDGE('',*,*,#4464,.F.);
#6363=ORIENTED_EDGE('',*,*,#4467,.F.);
#6364=ORIENTED_EDGE('',*,*,#4579,.F.);
#6365=ORIENTED_EDGE('',*,*,#4662,.T.);
#6366=ORIENTED_EDGE('',*,*,#4189,.F.);
#6367=ORIENTED_EDGE('',*,*,#4192,.T.);
#6368=ORIENTED_EDGE('',*,*,#4292,.F.);
#6369=ORIENTED_EDGE('',*,*,#4663,.F.);
#6370=ORIENTED_EDGE('',*,*,#4664,.T.);
#6371=ORIENTED_EDGE('',*,*,#4184,.F.);
#6372=ORIENTED_EDGE('',*,*,#4187,.T.);
#6373=ORIENTED_EDGE('',*,*,#4294,.F.);
#6374=ORIENTED_EDGE('',*,*,#4665,.F.);
#6375=ORIENTED_EDGE('',*,*,#4469,.F.);
#6376=ORIENTED_EDGE('',*,*,#4472,.F.);
#6377=ORIENTED_EDGE('',*,*,#4581,.F.);
#6378=ORIENTED_EDGE('',*,*,#4666,.T.);
#6379=ORIENTED_EDGE('',*,*,#4179,.F.);
#6380=ORIENTED_EDGE('',*,*,#4182,.T.);
#6381=ORIENTED_EDGE('',*,*,#4296,.F.);
#6382=ORIENTED_EDGE('',*,*,#4667,.F.);
#6383=ORIENTED_EDGE('',*,*,#4474,.F.);
#6384=ORIENTED_EDGE('',*,*,#4477,.F.);
#6385=ORIENTED_EDGE('',*,*,#4583,.F.);
#6386=ORIENTED_EDGE('',*,*,#4668,.T.);
#6387=ORIENTED_EDGE('',*,*,#4174,.F.);
#6388=ORIENTED_EDGE('',*,*,#4177,.T.);
#6389=ORIENTED_EDGE('',*,*,#4298,.F.);
#6390=ORIENTED_EDGE('',*,*,#4669,.F.);
#6391=ORIENTED_EDGE('',*,*,#4479,.F.);
#6392=ORIENTED_EDGE('',*,*,#4482,.F.);
#6393=ORIENTED_EDGE('',*,*,#4585,.F.);
#6394=ORIENTED_EDGE('',*,*,#4670,.T.);
#6395=ORIENTED_EDGE('',*,*,#4169,.F.);
#6396=ORIENTED_EDGE('',*,*,#4172,.T.);
#6397=ORIENTED_EDGE('',*,*,#4300,.F.);
#6398=ORIENTED_EDGE('',*,*,#4671,.F.);
#6399=ORIENTED_EDGE('',*,*,#4484,.F.);
#6400=ORIENTED_EDGE('',*,*,#4487,.F.);
#6401=ORIENTED_EDGE('',*,*,#4587,.F.);
#6402=ORIENTED_EDGE('',*,*,#4672,.T.);
#6403=ORIENTED_EDGE('',*,*,#4164,.F.);
#6404=ORIENTED_EDGE('',*,*,#4167,.T.);
#6405=ORIENTED_EDGE('',*,*,#4302,.F.);
#6406=ORIENTED_EDGE('',*,*,#4673,.F.);
#6407=ORIENTED_EDGE('',*,*,#4489,.F.);
#6408=ORIENTED_EDGE('',*,*,#4492,.F.);
#6409=ORIENTED_EDGE('',*,*,#4589,.F.);
#6410=ORIENTED_EDGE('',*,*,#4674,.T.);
#6411=ORIENTED_EDGE('',*,*,#4159,.F.);
#6412=ORIENTED_EDGE('',*,*,#4162,.T.);
#6413=ORIENTED_EDGE('',*,*,#4304,.F.);
#6414=ORIENTED_EDGE('',*,*,#4675,.F.);
#6415=ORIENTED_EDGE('',*,*,#4494,.F.);
#6416=ORIENTED_EDGE('',*,*,#4497,.F.);
#6417=ORIENTED_EDGE('',*,*,#4591,.F.);
#6418=ORIENTED_EDGE('',*,*,#4676,.T.);
#6419=ORIENTED_EDGE('',*,*,#4154,.F.);
#6420=ORIENTED_EDGE('',*,*,#4157,.T.);
#6421=ORIENTED_EDGE('',*,*,#4306,.F.);
#6422=ORIENTED_EDGE('',*,*,#4677,.F.);
#6423=ORIENTED_EDGE('',*,*,#4499,.F.);
#6424=ORIENTED_EDGE('',*,*,#4502,.F.);
#6425=ORIENTED_EDGE('',*,*,#4593,.F.);
#6426=ORIENTED_EDGE('',*,*,#4678,.T.);
#6427=ORIENTED_EDGE('',*,*,#4149,.F.);
#6428=ORIENTED_EDGE('',*,*,#4152,.T.);
#6429=ORIENTED_EDGE('',*,*,#4308,.F.);
#6430=ORIENTED_EDGE('',*,*,#4679,.F.);
#6431=ORIENTED_EDGE('',*,*,#4504,.F.);
#6432=ORIENTED_EDGE('',*,*,#4507,.F.);
#6433=ORIENTED_EDGE('',*,*,#4595,.F.);
#6434=ORIENTED_EDGE('',*,*,#4680,.T.);
#6435=ORIENTED_EDGE('',*,*,#4144,.F.);
#6436=ORIENTED_EDGE('',*,*,#4147,.F.);
#6437=ORIENTED_EDGE('',*,*,#4311,.F.);
#6438=ORIENTED_EDGE('',*,*,#4313,.F.);
#6439=ORIENTED_EDGE('',*,*,#4509,.F.);
#6440=ORIENTED_EDGE('',*,*,#4511,.F.);
#6441=ORIENTED_EDGE('',*,*,#4597,.F.);
#6442=ORIENTED_EDGE('',*,*,#4459,.F.);
#6443=ORIENTED_EDGE('',*,*,#4462,.F.);
#6444=ORIENTED_EDGE('',*,*,#4577,.F.);
#6445=ORIENTED_EDGE('',*,*,#4681,.T.);
#6446=ORIENTED_EDGE('',*,*,#4194,.F.);
#6447=ORIENTED_EDGE('',*,*,#4197,.T.);
#6448=ORIENTED_EDGE('',*,*,#4290,.F.);
#6449=ORIENTED_EDGE('',*,*,#4682,.F.);
#6450=ORIENTED_EDGE('',*,*,#4683,.T.);
#6451=ORIENTED_EDGE('',*,*,#4362,.F.);
#6452=ORIENTED_EDGE('',*,*,#4365,.F.);
#6453=ORIENTED_EDGE('',*,*,#4534,.F.);
#6454=ORIENTED_EDGE('',*,*,#4684,.F.);
#6455=ORIENTED_EDGE('',*,*,#4621,.F.);
#6456=ORIENTED_EDGE('',*,*,#4241,.F.);
#6457=ORIENTED_EDGE('',*,*,#4238,.F.);
#6458=ORIENTED_EDGE('',*,*,#4685,.T.);
#6459=ORIENTED_EDGE('',*,*,#4347,.F.);
#6460=ORIENTED_EDGE('',*,*,#4350,.F.);
#6461=ORIENTED_EDGE('',*,*,#4528,.F.);
#6462=ORIENTED_EDGE('',*,*,#4686,.F.);
#6463=ORIENTED_EDGE('',*,*,#4601,.F.);
#6464=ORIENTED_EDGE('',*,*,#4046,.F.);
#6465=ORIENTED_EDGE('',*,*,#4043,.F.);
#6466=ORIENTED_EDGE('',*,*,#4687,.T.);
#6467=ORIENTED_EDGE('',*,*,#4342,.F.);
#6468=ORIENTED_EDGE('',*,*,#4345,.F.);
#6469=ORIENTED_EDGE('',*,*,#4526,.F.);
#6470=ORIENTED_EDGE('',*,*,#4688,.F.);
#6471=ORIENTED_EDGE('',*,*,#4603,.F.);
#6472=ORIENTED_EDGE('',*,*,#4231,.F.);
#6473=ORIENTED_EDGE('',*,*,#4228,.F.);
#6474=ORIENTED_EDGE('',*,*,#4689,.T.);
#6475=ORIENTED_EDGE('',*,*,#4327,.F.);
#6476=ORIENTED_EDGE('',*,*,#4330,.F.);
#6477=ORIENTED_EDGE('',*,*,#4520,.F.);
#6478=ORIENTED_EDGE('',*,*,#4690,.F.);
#6479=ORIENTED_EDGE('',*,*,#4609,.F.);
#6480=ORIENTED_EDGE('',*,*,#4216,.F.);
#6481=ORIENTED_EDGE('',*,*,#4213,.F.);
#6482=ORIENTED_EDGE('',*,*,#4691,.T.);
#6483=ORIENTED_EDGE('',*,*,#4322,.F.);
#6484=ORIENTED_EDGE('',*,*,#4325,.F.);
#6485=ORIENTED_EDGE('',*,*,#4518,.F.);
#6486=ORIENTED_EDGE('',*,*,#4692,.F.);
#6487=ORIENTED_EDGE('',*,*,#4611,.F.);
#6488=ORIENTED_EDGE('',*,*,#4211,.F.);
#6489=ORIENTED_EDGE('',*,*,#4208,.F.);
#6490=ORIENTED_EDGE('',*,*,#4199,.F.);
#6491=ORIENTED_EDGE('',*,*,#4202,.F.);
#6492=ORIENTED_EDGE('',*,*,#4314,.F.);
#6493=ORIENTED_EDGE('',*,*,#4515,.F.);
#6494=ORIENTED_EDGE('',*,*,#4512,.F.);
#6495=ORIENTED_EDGE('',*,*,#4693,.F.);
#6496=ORIENTED_EDGE('',*,*,#4616,.F.);
#6497=ORIENTED_EDGE('',*,*,#4618,.F.);
#6498=ORIENTED_EDGE('',*,*,#4694,.T.);
#6499=ORIENTED_EDGE('',*,*,#4367,.F.);
#6500=ORIENTED_EDGE('',*,*,#4370,.F.);
#6501=ORIENTED_EDGE('',*,*,#4537,.F.);
#6502=ORIENTED_EDGE('',*,*,#4539,.F.);
#6503=ORIENTED_EDGE('',*,*,#4623,.F.);
#6504=ORIENTED_EDGE('',*,*,#4246,.F.);
#6505=ORIENTED_EDGE('',*,*,#4243,.F.);
#6506=ORIENTED_EDGE('',*,*,#4695,.T.);
#6507=ORIENTED_EDGE('',*,*,#4317,.F.);
#6508=ORIENTED_EDGE('',*,*,#4320,.F.);
#6509=ORIENTED_EDGE('',*,*,#4516,.F.);
#6510=ORIENTED_EDGE('',*,*,#4696,.F.);
#6511=ORIENTED_EDGE('',*,*,#4613,.F.);
#6512=ORIENTED_EDGE('',*,*,#4206,.F.);
#6513=ORIENTED_EDGE('',*,*,#4203,.F.);
#6514=ORIENTED_EDGE('',*,*,#4697,.T.);
#6515=ORIENTED_EDGE('',*,*,#4332,.F.);
#6516=ORIENTED_EDGE('',*,*,#4335,.F.);
#6517=ORIENTED_EDGE('',*,*,#4522,.F.);
#6518=ORIENTED_EDGE('',*,*,#4698,.F.);
#6519=ORIENTED_EDGE('',*,*,#4607,.F.);
#6520=ORIENTED_EDGE('',*,*,#4221,.F.);
#6521=ORIENTED_EDGE('',*,*,#4218,.F.);
#6522=ORIENTED_EDGE('',*,*,#4699,.T.);
#6523=ORIENTED_EDGE('',*,*,#4337,.F.);
#6524=ORIENTED_EDGE('',*,*,#4340,.F.);
#6525=ORIENTED_EDGE('',*,*,#4524,.F.);
#6526=ORIENTED_EDGE('',*,*,#4700,.F.);
#6527=ORIENTED_EDGE('',*,*,#4605,.F.);
#6528=ORIENTED_EDGE('',*,*,#4226,.F.);
#6529=ORIENTED_EDGE('',*,*,#4223,.F.);
#6530=ORIENTED_EDGE('',*,*,#4701,.T.);
#6531=ORIENTED_EDGE('',*,*,#4352,.F.);
#6532=ORIENTED_EDGE('',*,*,#4355,.F.);
#6533=ORIENTED_EDGE('',*,*,#4530,.F.);
#6534=ORIENTED_EDGE('',*,*,#4702,.F.);
#6535=ORIENTED_EDGE('',*,*,#4599,.F.);
#6536=ORIENTED_EDGE('',*,*,#4051,.F.);
#6537=ORIENTED_EDGE('',*,*,#4048,.F.);
#6538=ORIENTED_EDGE('',*,*,#4703,.T.);
#6539=ORIENTED_EDGE('',*,*,#4357,.F.);
#6540=ORIENTED_EDGE('',*,*,#4360,.F.);
#6541=ORIENTED_EDGE('',*,*,#4532,.F.);
#6542=ORIENTED_EDGE('',*,*,#4704,.F.);
#6543=ORIENTED_EDGE('',*,*,#4619,.F.);
#6544=ORIENTED_EDGE('',*,*,#4236,.F.);
#6545=ORIENTED_EDGE('',*,*,#4233,.F.);
#6546=ORIENTED_EDGE('',*,*,#3690,.T.);
#6547=ORIENTED_EDGE('',*,*,#3655,.F.);
#6548=ORIENTED_EDGE('',*,*,#4627,.T.);
#6549=ORIENTED_EDGE('',*,*,#3679,.T.);
#6550=ORIENTED_EDGE('',*,*,#3639,.F.);
#6551=ORIENTED_EDGE('',*,*,#3684,.F.);
#6552=ORIENTED_EDGE('',*,*,#3664,.F.);
#6553=ORIENTED_EDGE('',*,*,#3631,.F.);
#6554=ORIENTED_EDGE('',*,*,#4625,.F.);
#6555=ORIENTED_EDGE('',*,*,#4629,.T.);
#6556=ORIENTED_EDGE('',*,*,#4705,.T.);
#6557=ORIENTED_EDGE('',*,*,#3693,.F.);
#6558=ORIENTED_EDGE('',*,*,#4251,.F.);
#6559=ORIENTED_EDGE('',*,*,#4015,.F.);
#6560=ORIENTED_EDGE('',*,*,#4378,.F.);
#6561=ORIENTED_EDGE('',*,*,#4631,.T.);
#6562=ORIENTED_EDGE('',*,*,#4060,.F.);
#6563=ORIENTED_EDGE('',*,*,#4632,.T.);
#6564=ORIENTED_EDGE('',*,*,#4544,.F.);
#6565=ORIENTED_EDGE('',*,*,#4019,.F.);
#6566=ORIENTED_EDGE('',*,*,#4253,.F.);
#6567=ORIENTED_EDGE('',*,*,#3703,.F.);
#6568=ORIENTED_EDGE('',*,*,#4383,.F.);
#6569=ORIENTED_EDGE('',*,*,#4633,.T.);
#6570=ORIENTED_EDGE('',*,*,#4249,.F.);
#6571=ORIENTED_EDGE('',*,*,#3699,.F.);
#6572=ORIENTED_EDGE('',*,*,#4373,.F.);
#6573=ORIENTED_EDGE('',*,*,#4630,.T.);
#6574=ORIENTED_EDGE('',*,*,#4065,.F.);
#6575=ORIENTED_EDGE('',*,*,#4634,.T.);
#6576=ORIENTED_EDGE('',*,*,#4546,.F.);
#6577=ORIENTED_EDGE('',*,*,#3707,.F.);
#6578=ORIENTED_EDGE('',*,*,#4255,.F.);
#6579=ORIENTED_EDGE('',*,*,#4007,.F.);
#6580=ORIENTED_EDGE('',*,*,#4388,.F.);
#6581=ORIENTED_EDGE('',*,*,#4635,.T.);
#6582=ORIENTED_EDGE('',*,*,#4070,.F.);
#6583=ORIENTED_EDGE('',*,*,#4636,.T.);
#6584=ORIENTED_EDGE('',*,*,#4548,.F.);
#6585=ORIENTED_EDGE('',*,*,#4011,.F.);
#6586=ORIENTED_EDGE('',*,*,#4257,.F.);
#6587=ORIENTED_EDGE('',*,*,#3711,.F.);
#6588=ORIENTED_EDGE('',*,*,#4393,.F.);
#6589=ORIENTED_EDGE('',*,*,#4637,.T.);
#6590=ORIENTED_EDGE('',*,*,#4075,.F.);
#6591=ORIENTED_EDGE('',*,*,#4638,.T.);
#6592=ORIENTED_EDGE('',*,*,#4550,.F.);
#6593=ORIENTED_EDGE('',*,*,#3715,.F.);
#6594=ORIENTED_EDGE('',*,*,#4259,.F.);
#6595=ORIENTED_EDGE('',*,*,#3999,.F.);
#6596=ORIENTED_EDGE('',*,*,#4398,.F.);
#6597=ORIENTED_EDGE('',*,*,#4639,.T.);
#6598=ORIENTED_EDGE('',*,*,#4080,.F.);
#6599=ORIENTED_EDGE('',*,*,#4640,.T.);
#6600=ORIENTED_EDGE('',*,*,#4552,.F.);
#6601=ORIENTED_EDGE('',*,*,#4003,.F.);
#6602=ORIENTED_EDGE('',*,*,#4287,.F.);
#6603=ORIENTED_EDGE('',*,*,#3995,.T.);
#6604=ORIENTED_EDGE('',*,*,#4451,.F.);
#6605=ORIENTED_EDGE('',*,*,#4644,.F.);
#6606=ORIENTED_EDGE('',*,*,#4135,.F.);
#6607=ORIENTED_EDGE('',*,*,#4643,.F.);
#6608=ORIENTED_EDGE('',*,*,#4559,.F.);
#6609=ORIENTED_EDGE('',*,*,#3991,.F.);
#6610=ORIENTED_EDGE('',*,*,#4285,.F.);
#6611=ORIENTED_EDGE('',*,*,#3739,.T.);
#6612=ORIENTED_EDGE('',*,*,#4446,.F.);
#6613=ORIENTED_EDGE('',*,*,#4646,.F.);
#6614=ORIENTED_EDGE('',*,*,#4130,.F.);
#6615=ORIENTED_EDGE('',*,*,#4645,.F.);
#6616=ORIENTED_EDGE('',*,*,#4561,.F.);
#6617=ORIENTED_EDGE('',*,*,#3735,.F.);
#6618=ORIENTED_EDGE('',*,*,#4283,.F.);
#6619=ORIENTED_EDGE('',*,*,#3987,.T.);
#6620=ORIENTED_EDGE('',*,*,#4441,.F.);
#6621=ORIENTED_EDGE('',*,*,#4648,.F.);
#6622=ORIENTED_EDGE('',*,*,#4125,.F.);
#6623=ORIENTED_EDGE('',*,*,#4647,.F.);
#6624=ORIENTED_EDGE('',*,*,#4563,.F.);
#6625=ORIENTED_EDGE('',*,*,#3983,.F.);
#6626=ORIENTED_EDGE('',*,*,#4281,.F.);
#6627=ORIENTED_EDGE('',*,*,#3747,.T.);
#6628=ORIENTED_EDGE('',*,*,#4436,.F.);
#6629=ORIENTED_EDGE('',*,*,#4650,.F.);
#6630=ORIENTED_EDGE('',*,*,#4120,.F.);
#6631=ORIENTED_EDGE('',*,*,#4649,.F.);
#6632=ORIENTED_EDGE('',*,*,#4565,.F.);
#6633=ORIENTED_EDGE('',*,*,#3743,.F.);
#6634=ORIENTED_EDGE('',*,*,#4279,.F.);
#6635=ORIENTED_EDGE('',*,*,#3979,.T.);
#6636=ORIENTED_EDGE('',*,*,#4431,.F.);
#6637=ORIENTED_EDGE('',*,*,#4652,.F.);
#6638=ORIENTED_EDGE('',*,*,#4115,.F.);
#6639=ORIENTED_EDGE('',*,*,#4651,.F.);
#6640=ORIENTED_EDGE('',*,*,#4567,.F.);
#6641=ORIENTED_EDGE('',*,*,#3975,.F.);
#6642=ORIENTED_EDGE('',*,*,#4277,.F.);
#6643=ORIENTED_EDGE('',*,*,#3755,.T.);
#6644=ORIENTED_EDGE('',*,*,#4426,.F.);
#6645=ORIENTED_EDGE('',*,*,#4654,.F.);
#6646=ORIENTED_EDGE('',*,*,#4110,.F.);
#6647=ORIENTED_EDGE('',*,*,#4653,.F.);
#6648=ORIENTED_EDGE('',*,*,#4569,.F.);
#6649=ORIENTED_EDGE('',*,*,#3751,.F.);
#6650=ORIENTED_EDGE('',*,*,#4275,.F.);
#6651=ORIENTED_EDGE('',*,*,#3971,.T.);
#6652=ORIENTED_EDGE('',*,*,#4421,.F.);
#6653=ORIENTED_EDGE('',*,*,#4656,.F.);
#6654=ORIENTED_EDGE('',*,*,#4105,.F.);
#6655=ORIENTED_EDGE('',*,*,#4655,.F.);
#6656=ORIENTED_EDGE('',*,*,#4571,.F.);
#6657=ORIENTED_EDGE('',*,*,#3967,.F.);
#6658=ORIENTED_EDGE('',*,*,#4273,.F.);
#6659=ORIENTED_EDGE('',*,*,#3763,.T.);
#6660=ORIENTED_EDGE('',*,*,#4416,.F.);
#6661=ORIENTED_EDGE('',*,*,#4658,.F.);
#6662=ORIENTED_EDGE('',*,*,#4100,.F.);
#6663=ORIENTED_EDGE('',*,*,#4657,.F.);
#6664=ORIENTED_EDGE('',*,*,#4573,.F.);
#6665=ORIENTED_EDGE('',*,*,#3759,.F.);
#6666=ORIENTED_EDGE('',*,*,#4271,.F.);
#6667=ORIENTED_EDGE('',*,*,#3963,.T.);
#6668=ORIENTED_EDGE('',*,*,#4411,.F.);
#6669=ORIENTED_EDGE('',*,*,#4660,.F.);
#6670=ORIENTED_EDGE('',*,*,#4095,.F.);
#6671=ORIENTED_EDGE('',*,*,#4659,.F.);
#6672=ORIENTED_EDGE('',*,*,#4575,.F.);
#6673=ORIENTED_EDGE('',*,*,#3959,.F.);
#6674=ORIENTED_EDGE('',*,*,#4295,.F.);
#6675=ORIENTED_EDGE('',*,*,#3955,.T.);
#6676=ORIENTED_EDGE('',*,*,#4470,.F.);
#6677=ORIENTED_EDGE('',*,*,#4665,.T.);
#6678=ORIENTED_EDGE('',*,*,#4185,.F.);
#6679=ORIENTED_EDGE('',*,*,#4664,.F.);
#6680=ORIENTED_EDGE('',*,*,#4582,.F.);
#6681=ORIENTED_EDGE('',*,*,#3951,.F.);
#6682=ORIENTED_EDGE('',*,*,#4297,.F.);
#6683=ORIENTED_EDGE('',*,*,#3787,.T.);
#6684=ORIENTED_EDGE('',*,*,#4475,.F.);
#6685=ORIENTED_EDGE('',*,*,#4667,.T.);
#6686=ORIENTED_EDGE('',*,*,#4293,.F.);
#6687=ORIENTED_EDGE('',*,*,#3779,.T.);
#6688=ORIENTED_EDGE('',*,*,#4465,.F.);
#6689=ORIENTED_EDGE('',*,*,#4663,.T.);
#6690=ORIENTED_EDGE('',*,*,#4180,.F.);
#6691=ORIENTED_EDGE('',*,*,#4666,.F.);
#6692=ORIENTED_EDGE('',*,*,#4584,.F.);
#6693=ORIENTED_EDGE('',*,*,#3783,.F.);
#6694=ORIENTED_EDGE('',*,*,#4299,.F.);
#6695=ORIENTED_EDGE('',*,*,#3947,.T.);
#6696=ORIENTED_EDGE('',*,*,#4480,.F.);
#6697=ORIENTED_EDGE('',*,*,#4669,.T.);
#6698=ORIENTED_EDGE('',*,*,#4175,.F.);
#6699=ORIENTED_EDGE('',*,*,#4668,.F.);
#6700=ORIENTED_EDGE('',*,*,#4586,.F.);
#6701=ORIENTED_EDGE('',*,*,#3943,.F.);
#6702=ORIENTED_EDGE('',*,*,#4301,.F.);
#6703=ORIENTED_EDGE('',*,*,#3795,.T.);
#6704=ORIENTED_EDGE('',*,*,#4485,.F.);
#6705=ORIENTED_EDGE('',*,*,#4671,.T.);
#6706=ORIENTED_EDGE('',*,*,#4170,.F.);
#6707=ORIENTED_EDGE('',*,*,#4670,.F.);
#6708=ORIENTED_EDGE('',*,*,#4588,.F.);
#6709=ORIENTED_EDGE('',*,*,#3791,.F.);
#6710=ORIENTED_EDGE('',*,*,#4303,.F.);
#6711=ORIENTED_EDGE('',*,*,#3939,.T.);
#6712=ORIENTED_EDGE('',*,*,#4490,.F.);
#6713=ORIENTED_EDGE('',*,*,#4673,.T.);
#6714=ORIENTED_EDGE('',*,*,#4165,.F.);
#6715=ORIENTED_EDGE('',*,*,#4672,.F.);
#6716=ORIENTED_EDGE('',*,*,#4590,.F.);
#6717=ORIENTED_EDGE('',*,*,#3935,.F.);
#6718=ORIENTED_EDGE('',*,*,#4305,.F.);
#6719=ORIENTED_EDGE('',*,*,#3803,.T.);
#6720=ORIENTED_EDGE('',*,*,#4495,.F.);
#6721=ORIENTED_EDGE('',*,*,#4675,.T.);
#6722=ORIENTED_EDGE('',*,*,#4160,.F.);
#6723=ORIENTED_EDGE('',*,*,#4674,.F.);
#6724=ORIENTED_EDGE('',*,*,#4592,.F.);
#6725=ORIENTED_EDGE('',*,*,#3799,.F.);
#6726=ORIENTED_EDGE('',*,*,#4307,.F.);
#6727=ORIENTED_EDGE('',*,*,#3931,.T.);
#6728=ORIENTED_EDGE('',*,*,#4500,.F.);
#6729=ORIENTED_EDGE('',*,*,#4677,.T.);
#6730=ORIENTED_EDGE('',*,*,#4155,.F.);
#6731=ORIENTED_EDGE('',*,*,#4676,.F.);
#6732=ORIENTED_EDGE('',*,*,#4594,.F.);
#6733=ORIENTED_EDGE('',*,*,#3927,.F.);
#6734=ORIENTED_EDGE('',*,*,#4309,.F.);
#6735=ORIENTED_EDGE('',*,*,#3811,.T.);
#6736=ORIENTED_EDGE('',*,*,#4505,.F.);
#6737=ORIENTED_EDGE('',*,*,#4679,.T.);
#6738=ORIENTED_EDGE('',*,*,#4150,.F.);
#6739=ORIENTED_EDGE('',*,*,#4678,.F.);
#6740=ORIENTED_EDGE('',*,*,#4596,.F.);
#6741=ORIENTED_EDGE('',*,*,#3807,.F.);
#6742=ORIENTED_EDGE('',*,*,#4145,.F.);
#6743=ORIENTED_EDGE('',*,*,#4680,.F.);
#6744=ORIENTED_EDGE('',*,*,#4598,.F.);
#6745=ORIENTED_EDGE('',*,*,#3921,.F.);
#6746=ORIENTED_EDGE('',*,*,#4291,.F.);
#6747=ORIENTED_EDGE('',*,*,#3915,.T.);
#6748=ORIENTED_EDGE('',*,*,#4460,.F.);
#6749=ORIENTED_EDGE('',*,*,#4682,.T.);
#6750=ORIENTED_EDGE('',*,*,#4190,.F.);
#6751=ORIENTED_EDGE('',*,*,#4662,.F.);
#6752=ORIENTED_EDGE('',*,*,#4580,.F.);
#6753=ORIENTED_EDGE('',*,*,#3775,.F.);
#6754=ORIENTED_EDGE('',*,*,#4456,.F.);
#6755=ORIENTED_EDGE('',*,*,#3729,.F.);
#6756=ORIENTED_EDGE('',*,*,#4556,.F.);
#6757=ORIENTED_EDGE('',*,*,#4642,.T.);
#6758=ORIENTED_EDGE('',*,*,#4085,.F.);
#6759=ORIENTED_EDGE('',*,*,#3721,.F.);
#6760=ORIENTED_EDGE('',*,*,#4262,.F.);
#6761=ORIENTED_EDGE('',*,*,#4641,.T.);
#6762=ORIENTED_EDGE('',*,*,#3653,.F.);
#6763=ORIENTED_EDGE('',*,*,#3694,.T.);
#6764=ORIENTED_EDGE('',*,*,#4705,.F.);
#6765=ORIENTED_EDGE('',*,*,#4628,.T.);
#6766=ORIENTED_EDGE('',*,*,#4090,.F.);
#6767=ORIENTED_EDGE('',*,*,#3767,.F.);
#6768=ORIENTED_EDGE('',*,*,#4267,.F.);
#6769=ORIENTED_EDGE('',*,*,#4661,.T.);
#6770=ORIENTED_EDGE('',*,*,#3672,.F.);
#6771=ORIENTED_EDGE('',*,*,#3692,.T.);
#6772=ORIENTED_EDGE('',*,*,#3681,.F.);
#6773=ORIENTED_EDGE('',*,*,#4626,.T.);
#6774=ORIENTED_EDGE('',*,*,#4195,.F.);
#6775=ORIENTED_EDGE('',*,*,#4681,.F.);
#6776=ORIENTED_EDGE('',*,*,#4578,.F.);
#6777=ORIENTED_EDGE('',*,*,#3911,.F.);
#6778=ORIENTED_EDGE('',*,*,#4245,.F.);
#6779=ORIENTED_EDGE('',*,*,#3869,.T.);
#6780=ORIENTED_EDGE('',*,*,#4368,.F.);
#6781=ORIENTED_EDGE('',*,*,#4694,.F.);
#6782=ORIENTED_EDGE('',*,*,#4535,.F.);
#6783=ORIENTED_EDGE('',*,*,#3817,.F.);
#6784=ORIENTED_EDGE('',*,*,#4622,.F.);
#6785=ORIENTED_EDGE('',*,*,#4684,.T.);
#6786=ORIENTED_EDGE('',*,*,#4235,.F.);
#6787=ORIENTED_EDGE('',*,*,#3907,.T.);
#6788=ORIENTED_EDGE('',*,*,#4358,.F.);
#6789=ORIENTED_EDGE('',*,*,#4703,.F.);
#6790=ORIENTED_EDGE('',*,*,#4531,.F.);
#6791=ORIENTED_EDGE('',*,*,#3897,.F.);
#6792=ORIENTED_EDGE('',*,*,#4600,.F.);
#6793=ORIENTED_EDGE('',*,*,#4702,.T.);
#6794=ORIENTED_EDGE('',*,*,#4045,.F.);
#6795=ORIENTED_EDGE('',*,*,#3827,.T.);
#6796=ORIENTED_EDGE('',*,*,#4348,.F.);
#6797=ORIENTED_EDGE('',*,*,#4685,.F.);
#6798=ORIENTED_EDGE('',*,*,#4527,.F.);
#6799=ORIENTED_EDGE('',*,*,#3833,.F.);
#6800=ORIENTED_EDGE('',*,*,#4604,.F.);
#6801=ORIENTED_EDGE('',*,*,#4688,.T.);
#6802=ORIENTED_EDGE('',*,*,#4225,.F.);
#6803=ORIENTED_EDGE('',*,*,#3891,.T.);
#6804=ORIENTED_EDGE('',*,*,#4338,.F.);
#6805=ORIENTED_EDGE('',*,*,#4699,.F.);
#6806=ORIENTED_EDGE('',*,*,#4523,.F.);
#6807=ORIENTED_EDGE('',*,*,#3881,.F.);
#6808=ORIENTED_EDGE('',*,*,#4608,.F.);
#6809=ORIENTED_EDGE('',*,*,#4698,.T.);
#6810=ORIENTED_EDGE('',*,*,#4215,.F.);
#6811=ORIENTED_EDGE('',*,*,#3843,.T.);
#6812=ORIENTED_EDGE('',*,*,#4328,.F.);
#6813=ORIENTED_EDGE('',*,*,#4689,.F.);
#6814=ORIENTED_EDGE('',*,*,#4519,.F.);
#6815=ORIENTED_EDGE('',*,*,#3849,.F.);
#6816=ORIENTED_EDGE('',*,*,#4612,.F.);
#6817=ORIENTED_EDGE('',*,*,#4692,.T.);
#6818=ORIENTED_EDGE('',*,*,#4205,.F.);
#6819=ORIENTED_EDGE('',*,*,#3875,.T.);
#6820=ORIENTED_EDGE('',*,*,#4318,.F.);
#6821=ORIENTED_EDGE('',*,*,#4695,.F.);
#6822=ORIENTED_EDGE('',*,*,#4514,.F.);
#6823=ORIENTED_EDGE('',*,*,#3855,.F.);
#6824=ORIENTED_EDGE('',*,*,#4617,.F.);
#6825=ORIENTED_EDGE('',*,*,#4693,.T.);
#6826=ORIENTED_EDGE('',*,*,#4210,.F.);
#6827=ORIENTED_EDGE('',*,*,#3853,.T.);
#6828=ORIENTED_EDGE('',*,*,#4323,.F.);
#6829=ORIENTED_EDGE('',*,*,#4691,.F.);
#6830=ORIENTED_EDGE('',*,*,#4517,.F.);
#6831=ORIENTED_EDGE('',*,*,#3871,.F.);
#6832=ORIENTED_EDGE('',*,*,#4614,.F.);
#6833=ORIENTED_EDGE('',*,*,#4696,.T.);
#6834=ORIENTED_EDGE('',*,*,#4220,.F.);
#6835=ORIENTED_EDGE('',*,*,#3885,.T.);
#6836=ORIENTED_EDGE('',*,*,#4333,.F.);
#6837=ORIENTED_EDGE('',*,*,#4697,.F.);
#6838=ORIENTED_EDGE('',*,*,#4521,.F.);
#6839=ORIENTED_EDGE('',*,*,#3839,.F.);
#6840=ORIENTED_EDGE('',*,*,#4610,.F.);
#6841=ORIENTED_EDGE('',*,*,#4690,.T.);
#6842=ORIENTED_EDGE('',*,*,#4230,.F.);
#6843=ORIENTED_EDGE('',*,*,#3837,.T.);
#6844=ORIENTED_EDGE('',*,*,#4343,.F.);
#6845=ORIENTED_EDGE('',*,*,#4687,.F.);
#6846=ORIENTED_EDGE('',*,*,#4525,.F.);
#6847=ORIENTED_EDGE('',*,*,#3887,.F.);
#6848=ORIENTED_EDGE('',*,*,#4606,.F.);
#6849=ORIENTED_EDGE('',*,*,#4700,.T.);
#6850=ORIENTED_EDGE('',*,*,#4050,.F.);
#6851=ORIENTED_EDGE('',*,*,#3901,.T.);
#6852=ORIENTED_EDGE('',*,*,#4353,.F.);
#6853=ORIENTED_EDGE('',*,*,#4701,.F.);
#6854=ORIENTED_EDGE('',*,*,#4529,.F.);
#6855=ORIENTED_EDGE('',*,*,#3823,.F.);
#6856=ORIENTED_EDGE('',*,*,#4602,.F.);
#6857=ORIENTED_EDGE('',*,*,#4686,.T.);
#6858=ORIENTED_EDGE('',*,*,#4240,.F.);
#6859=ORIENTED_EDGE('',*,*,#3821,.T.);
#6860=ORIENTED_EDGE('',*,*,#4363,.F.);
#6861=ORIENTED_EDGE('',*,*,#4683,.F.);
#6862=ORIENTED_EDGE('',*,*,#4533,.F.);
#6863=ORIENTED_EDGE('',*,*,#3903,.F.);
#6864=ORIENTED_EDGE('',*,*,#4620,.F.);
#6865=ORIENTED_EDGE('',*,*,#4704,.T.);
#6866=PLANE('',#7428);
#6867=PLANE('',#7435);
#6868=PLANE('',#7441);
#6869=PLANE('',#7457);
#6870=PLANE('',#7460);
#6871=PLANE('',#7473);
#6872=PLANE('',#7476);
#6873=PLANE('',#7477);
#6874=PLANE('',#7643);
#6875=PLANE('',#7647);
#6876=PLANE('',#7652);
#6877=PLANE('',#7657);
#6878=PLANE('',#7662);
#6879=PLANE('',#7670);
#6880=PLANE('',#7673);
#6881=PLANE('',#7676);
#6882=PLANE('',#7679);
#6883=PLANE('',#7682);
#6884=PLANE('',#7685);
#6885=PLANE('',#7688);
#6886=PLANE('',#7691);
#6887=PLANE('',#7694);
#6888=PLANE('',#7697);
#6889=PLANE('',#7700);
#6890=PLANE('',#7703);
#6891=PLANE('',#7706);
#6892=PLANE('',#7709);
#6893=PLANE('',#7712);
#6894=PLANE('',#7715);
#6895=PLANE('',#7718);
#6896=PLANE('',#7721);
#6897=PLANE('',#7724);
#6898=PLANE('',#7727);
#6899=PLANE('',#7730);
#6900=PLANE('',#7733);
#6901=PLANE('',#7736);
#6902=PLANE('',#7739);
#6903=PLANE('',#7742);
#6904=PLANE('',#7745);
#6905=PLANE('',#7748);
#6906=PLANE('',#7751);
#6907=PLANE('',#7754);
#6908=PLANE('',#7757);
#6909=PLANE('',#7760);
#6910=PLANE('',#7763);
#6911=PLANE('',#7766);
#6912=PLANE('',#7769);
#6913=PLANE('',#7772);
#6914=PLANE('',#7775);
#6915=PLANE('',#7778);
#6916=PLANE('',#7781);
#6917=PLANE('',#7784);
#6918=PLANE('',#7787);
#6919=PLANE('',#7790);
#6920=PLANE('',#7805);
#6921=PLANE('',#7808);
#6922=PLANE('',#7851);
#6923=PLANE('',#7856);
#6924=PLANE('',#7859);
#6925=PLANE('',#7862);
#6926=PLANE('',#7865);
#6927=PLANE('',#7868);
#6928=PLANE('',#7871);
#6929=PLANE('',#7874);
#6930=PLANE('',#7877);
#6931=PLANE('',#7880);
#6932=PLANE('',#7883);
#6933=PLANE('',#7886);
#6934=PLANE('',#7889);
#6935=PLANE('',#7892);
#6936=PLANE('',#7895);
#6937=PLANE('',#7898);
#6938=PLANE('',#7901);
#6939=PLANE('',#7904);
#6940=PLANE('',#7907);
#6941=PLANE('',#7910);
#6942=PLANE('',#7913);
#6943=PLANE('',#7916);
#6944=PLANE('',#7919);
#6945=PLANE('',#7922);
#6946=PLANE('',#7925);
#6947=PLANE('',#7928);
#6948=PLANE('',#7931);
#6949=PLANE('',#7934);
#6950=PLANE('',#7937);
#6951=PLANE('',#7940);
#6952=PLANE('',#7943);
#6953=PLANE('',#7946);
#6954=PLANE('',#7949);
#6955=PLANE('',#7952);
#6956=PLANE('',#7955);
#6957=PLANE('',#7958);
#6958=PLANE('',#7961);
#6959=PLANE('',#7964);
#6960=PLANE('',#7967);
#6961=PLANE('',#7970);
#6962=PLANE('',#7973);
#6963=PLANE('',#7976);
#6964=PLANE('',#7999);
#6965=PLANE('',#8002);
#6966=PLANE('',#8017);
#6967=PLANE('',#8078);
#6968=PLANE('',#8085);
#6969=PLANE('',#8086);
#6970=PLANE('',#8088);
#6971=PLANE('',#8090);
#6972=PLANE('',#8091);
#6973=PLANE('',#8092);
#6974=PLANE('',#8093);
#6975=PLANE('',#8094);
#6976=PLANE('',#8095);
#6977=PLANE('',#8096);
#6978=PLANE('',#8097);
#6979=PLANE('',#8098);
#6980=PLANE('',#8099);
#6981=PLANE('',#8100);
#6982=PLANE('',#8101);
#6983=PLANE('',#8102);
#6984=PLANE('',#8103);
#6985=PLANE('',#8104);
#6986=PLANE('',#8105);
#6987=PLANE('',#8106);
#6988=PLANE('',#8107);
#6989=PLANE('',#8108);
#6990=PLANE('',#8109);
#6991=PLANE('',#8110);
#6992=PLANE('',#8111);
#6993=PLANE('',#8112);
#6994=PLANE('',#8113);
#6995=PLANE('',#8114);
#6996=PLANE('',#8115);
#6997=PLANE('',#8116);
#6998=PLANE('',#8117);
#6999=PLANE('',#8118);
#7000=PLANE('',#8119);
#7001=PLANE('',#8120);
#7002=PLANE('',#8121);
#7003=PLANE('',#8122);
#7004=PLANE('',#8123);
#7005=PLANE('',#8124);
#7006=PLANE('',#8125);
#7007=PLANE('',#8126);
#7008=PLANE('',#8127);
#7009=PLANE('',#8128);
#7010=PLANE('',#8129);
#7011=PLANE('',#8130);
#7012=PLANE('',#8131);
#7013=PLANE('',#8132);
#7014=PLANE('',#8133);
#7015=PLANE('',#8134);
#7016=PLANE('',#8135);
#7017=PLANE('',#8136);
#7018=PLANE('',#8137);
#7019=PLANE('',#8138);
#7020=PLANE('',#8139);
#7021=PLANE('',#8140);
#7022=PLANE('',#8141);
#7023=PLANE('',#8142);
#7024=PLANE('',#8143);
#7025=PLANE('',#8144);
#7026=PLANE('',#8145);
#7027=PLANE('',#8146);
#7028=PLANE('',#8147);
#7029=PLANE('',#8148);
#7030=PLANE('',#8149);
#7031=PLANE('',#8150);
#7032=PLANE('',#8151);
#7033=PLANE('',#8152);
#7034=PLANE('',#8153);
#7035=PLANE('',#8154);
#7036=PLANE('',#8155);
#7037=PLANE('',#8156);
#7038=PLANE('',#8157);
#7039=PLANE('',#8158);
#7040=PLANE('',#8159);
#7041=PLANE('',#8160);
#7042=PLANE('',#8161);
#7043=PLANE('',#8162);
#7044=PLANE('',#8163);
#7045=PLANE('',#8164);
#7046=PLANE('',#8165);
#7047=PLANE('',#8166);
#7048=ADVANCED_FACE('',(#293,#199,#200),#6866,.T.);
#7049=ADVANCED_FACE('',(#294,#201),#6867,.T.);
#7050=ADVANCED_FACE('',(#295,#202),#6868,.T.);
#7051=ADVANCED_FACE('',(#296),#15,.T.);
#7052=ADVANCED_FACE('',(#297),#16,.T.);
#7053=ADVANCED_FACE('',(#298),#17,.T.);
#7054=ADVANCED_FACE('',(#299),#18,.T.);
#7055=ADVANCED_FACE('',(#300),#6869,.T.);
#7056=ADVANCED_FACE('',(#301),#19,.T.);
#7057=ADVANCED_FACE('',(#302),#6870,.T.);
#7058=ADVANCED_FACE('',(#303),#20,.T.);
#7059=ADVANCED_FACE('',(#304),#21,.T.);
#7060=ADVANCED_FACE('',(#305),#22,.T.);
#7061=ADVANCED_FACE('',(#306),#23,.T.);
#7062=ADVANCED_FACE('',(#307),#24,.T.);
#7063=ADVANCED_FACE('',(#308),#6871,.T.);
#7064=ADVANCED_FACE('',(#309),#25,.T.);
#7065=ADVANCED_FACE('',(#310),#6872,.T.);
#7066=ADVANCED_FACE('',(#311,#203,#204,#205,#206,#207,#208,#209,#210,#211,
#212,#213,#214,#215,#216,#217,#218,#219,#220,#221,#222,#223,#224,#225,#226,
#227,#228,#229,#230,#231,#232,#233,#234,#235,#236,#237,#238,#239,#240,#241,
#242,#243),#6873,.F.);
#7067=ADVANCED_FACE('',(#312),#6874,.T.);
#7068=ADVANCED_FACE('',(#313),#26,.F.);
#7069=ADVANCED_FACE('',(#314,#244),#6875,.T.);
#7070=ADVANCED_FACE('',(#315),#27,.F.);
#7071=ADVANCED_FACE('',(#316,#245),#6876,.T.);
#7072=ADVANCED_FACE('',(#317),#28,.F.);
#7073=ADVANCED_FACE('',(#318,#246),#6877,.T.);
#7074=ADVANCED_FACE('',(#319),#29,.F.);
#7075=ADVANCED_FACE('',(#320,#247),#6878,.T.);
#7076=ADVANCED_FACE('',(#321),#30,.F.);
#7077=ADVANCED_FACE('',(#322),#31,.F.);
#7078=ADVANCED_FACE('',(#323),#32,.F.);
#7079=ADVANCED_FACE('',(#324),#33,.F.);
#7080=ADVANCED_FACE('',(#325),#34,.F.);
#7081=ADVANCED_FACE('',(#326),#6879,.F.);
#7082=ADVANCED_FACE('',(#327),#35,.F.);
#7083=ADVANCED_FACE('',(#328),#6880,.F.);
#7084=ADVANCED_FACE('',(#329),#36,.F.);
#7085=ADVANCED_FACE('',(#330),#6881,.T.);
#7086=ADVANCED_FACE('',(#331),#37,.F.);
#7087=ADVANCED_FACE('',(#332),#6882,.T.);
#7088=ADVANCED_FACE('',(#333),#38,.F.);
#7089=ADVANCED_FACE('',(#334),#6883,.T.);
#7090=ADVANCED_FACE('',(#335),#39,.F.);
#7091=ADVANCED_FACE('',(#336),#6884,.T.);
#7092=ADVANCED_FACE('',(#337),#40,.F.);
#7093=ADVANCED_FACE('',(#338),#6885,.T.);
#7094=ADVANCED_FACE('',(#339),#41,.F.);
#7095=ADVANCED_FACE('',(#340),#6886,.T.);
#7096=ADVANCED_FACE('',(#341),#42,.F.);
#7097=ADVANCED_FACE('',(#342),#6887,.F.);
#7098=ADVANCED_FACE('',(#343),#43,.F.);
#7099=ADVANCED_FACE('',(#344),#6888,.T.);
#7100=ADVANCED_FACE('',(#345),#44,.F.);
#7101=ADVANCED_FACE('',(#346),#6889,.T.);
#7102=ADVANCED_FACE('',(#347),#45,.F.);
#7103=ADVANCED_FACE('',(#348),#6890,.T.);
#7104=ADVANCED_FACE('',(#349),#46,.F.);
#7105=ADVANCED_FACE('',(#350),#6891,.T.);
#7106=ADVANCED_FACE('',(#351),#47,.F.);
#7107=ADVANCED_FACE('',(#352),#6892,.T.);
#7108=ADVANCED_FACE('',(#353),#48,.F.);
#7109=ADVANCED_FACE('',(#354),#6893,.T.);
#7110=ADVANCED_FACE('',(#355),#49,.F.);
#7111=ADVANCED_FACE('',(#356),#6894,.T.);
#7112=ADVANCED_FACE('',(#357),#50,.F.);
#7113=ADVANCED_FACE('',(#358),#6895,.T.);
#7114=ADVANCED_FACE('',(#359),#51,.F.);
#7115=ADVANCED_FACE('',(#360),#6896,.T.);
#7116=ADVANCED_FACE('',(#361),#52,.F.);
#7117=ADVANCED_FACE('',(#362),#6897,.T.);
#7118=ADVANCED_FACE('',(#363),#53,.F.);
#7119=ADVANCED_FACE('',(#364),#6898,.T.);
#7120=ADVANCED_FACE('',(#365),#54,.F.);
#7121=ADVANCED_FACE('',(#366),#6899,.F.);
#7122=ADVANCED_FACE('',(#367),#55,.F.);
#7123=ADVANCED_FACE('',(#368),#6900,.T.);
#7124=ADVANCED_FACE('',(#369),#56,.F.);
#7125=ADVANCED_FACE('',(#370),#6901,.T.);
#7126=ADVANCED_FACE('',(#371),#57,.F.);
#7127=ADVANCED_FACE('',(#372),#6902,.T.);
#7128=ADVANCED_FACE('',(#373),#58,.F.);
#7129=ADVANCED_FACE('',(#374),#6903,.T.);
#7130=ADVANCED_FACE('',(#375),#59,.F.);
#7131=ADVANCED_FACE('',(#376),#6904,.T.);
#7132=ADVANCED_FACE('',(#377),#60,.F.);
#7133=ADVANCED_FACE('',(#378),#6905,.T.);
#7134=ADVANCED_FACE('',(#379),#61,.F.);
#7135=ADVANCED_FACE('',(#380),#6906,.T.);
#7136=ADVANCED_FACE('',(#381),#62,.F.);
#7137=ADVANCED_FACE('',(#382),#6907,.T.);
#7138=ADVANCED_FACE('',(#383),#63,.F.);
#7139=ADVANCED_FACE('',(#384),#6908,.T.);
#7140=ADVANCED_FACE('',(#385),#64,.F.);
#7141=ADVANCED_FACE('',(#386),#6909,.T.);
#7142=ADVANCED_FACE('',(#387),#65,.F.);
#7143=ADVANCED_FACE('',(#388),#6910,.F.);
#7144=ADVANCED_FACE('',(#389),#66,.F.);
#7145=ADVANCED_FACE('',(#390),#6911,.F.);
#7146=ADVANCED_FACE('',(#391),#67,.F.);
#7147=ADVANCED_FACE('',(#392),#6912,.F.);
#7148=ADVANCED_FACE('',(#393),#68,.F.);
#7149=ADVANCED_FACE('',(#394),#6913,.F.);
#7150=ADVANCED_FACE('',(#395),#69,.F.);
#7151=ADVANCED_FACE('',(#396),#6914,.F.);
#7152=ADVANCED_FACE('',(#397),#70,.F.);
#7153=ADVANCED_FACE('',(#398),#6915,.F.);
#7154=ADVANCED_FACE('',(#399),#71,.F.);
#7155=ADVANCED_FACE('',(#400),#6916,.F.);
#7156=ADVANCED_FACE('',(#401),#72,.F.);
#7157=ADVANCED_FACE('',(#402),#6917,.F.);
#7158=ADVANCED_FACE('',(#403),#73,.F.);
#7159=ADVANCED_FACE('',(#404),#6918,.F.);
#7160=ADVANCED_FACE('',(#405),#74,.F.);
#7161=ADVANCED_FACE('',(#406),#6919,.F.);
#7162=ADVANCED_FACE('',(#407),#75,.F.);
#7163=ADVANCED_FACE('',(#408),#76,.F.);
#7164=ADVANCED_FACE('',(#409),#77,.F.);
#7165=ADVANCED_FACE('',(#410),#78,.F.);
#7166=ADVANCED_FACE('',(#411),#79,.F.);
#7167=ADVANCED_FACE('',(#412),#80,.F.);
#7168=ADVANCED_FACE('',(#413),#81,.F.);
#7169=ADVANCED_FACE('',(#414),#6920,.F.);
#7170=ADVANCED_FACE('',(#415),#82,.F.);
#7171=ADVANCED_FACE('',(#416),#6921,.T.);
#7172=ADVANCED_FACE('',(#417),#83,.F.);
#7173=ADVANCED_FACE('',(#418),#84,.F.);
#7174=ADVANCED_FACE('',(#419),#85,.F.);
#7175=ADVANCED_FACE('',(#420),#86,.F.);
#7176=ADVANCED_FACE('',(#421),#87,.F.);
#7177=ADVANCED_FACE('',(#422),#88,.F.);
#7178=ADVANCED_FACE('',(#423),#89,.F.);
#7179=ADVANCED_FACE('',(#424),#90,.F.);
#7180=ADVANCED_FACE('',(#425),#91,.F.);
#7181=ADVANCED_FACE('',(#426),#92,.F.);
#7182=ADVANCED_FACE('',(#427),#93,.F.);
#7183=ADVANCED_FACE('',(#428),#94,.F.);
#7184=ADVANCED_FACE('',(#429),#95,.F.);
#7185=ADVANCED_FACE('',(#430),#96,.F.);
#7186=ADVANCED_FACE('',(#431),#97,.F.);
#7187=ADVANCED_FACE('',(#432),#98,.F.);
#7188=ADVANCED_FACE('',(#433),#99,.F.);
#7189=ADVANCED_FACE('',(#434),#100,.F.);
#7190=ADVANCED_FACE('',(#435),#101,.F.);
#7191=ADVANCED_FACE('',(#436),#102,.F.);
#7192=ADVANCED_FACE('',(#437),#103,.F.);
#7193=ADVANCED_FACE('',(#438),#6922,.F.);
#7194=ADVANCED_FACE('',(#439),#104,.F.);
#7195=ADVANCED_FACE('',(#440),#105,.F.);
#7196=ADVANCED_FACE('',(#441),#6923,.F.);
#7197=ADVANCED_FACE('',(#442),#106,.F.);
#7198=ADVANCED_FACE('',(#443),#6924,.F.);
#7199=ADVANCED_FACE('',(#444),#107,.F.);
#7200=ADVANCED_FACE('',(#445),#6925,.F.);
#7201=ADVANCED_FACE('',(#446),#108,.F.);
#7202=ADVANCED_FACE('',(#447),#6926,.F.);
#7203=ADVANCED_FACE('',(#448),#109,.F.);
#7204=ADVANCED_FACE('',(#449),#6927,.F.);
#7205=ADVANCED_FACE('',(#450),#110,.F.);
#7206=ADVANCED_FACE('',(#451),#6928,.F.);
#7207=ADVANCED_FACE('',(#452),#111,.F.);
#7208=ADVANCED_FACE('',(#453),#6929,.F.);
#7209=ADVANCED_FACE('',(#454),#112,.F.);
#7210=ADVANCED_FACE('',(#455),#6930,.F.);
#7211=ADVANCED_FACE('',(#456),#113,.F.);
#7212=ADVANCED_FACE('',(#457),#6931,.F.);
#7213=ADVANCED_FACE('',(#458),#114,.F.);
#7214=ADVANCED_FACE('',(#459),#6932,.F.);
#7215=ADVANCED_FACE('',(#460),#115,.F.);
#7216=ADVANCED_FACE('',(#461),#6933,.F.);
#7217=ADVANCED_FACE('',(#462),#116,.F.);
#7218=ADVANCED_FACE('',(#463),#6934,.F.);
#7219=ADVANCED_FACE('',(#464),#117,.F.);
#7220=ADVANCED_FACE('',(#465),#6935,.F.);
#7221=ADVANCED_FACE('',(#466),#118,.F.);
#7222=ADVANCED_FACE('',(#467),#6936,.F.);
#7223=ADVANCED_FACE('',(#468),#119,.F.);
#7224=ADVANCED_FACE('',(#469),#6937,.F.);
#7225=ADVANCED_FACE('',(#470),#120,.F.);
#7226=ADVANCED_FACE('',(#471),#6938,.F.);
#7227=ADVANCED_FACE('',(#472),#121,.F.);
#7228=ADVANCED_FACE('',(#473),#6939,.F.);
#7229=ADVANCED_FACE('',(#474),#122,.F.);
#7230=ADVANCED_FACE('',(#475),#6940,.F.);
#7231=ADVANCED_FACE('',(#476),#123,.F.);
#7232=ADVANCED_FACE('',(#477),#6941,.F.);
#7233=ADVANCED_FACE('',(#478),#124,.F.);
#7234=ADVANCED_FACE('',(#479),#6942,.F.);
#7235=ADVANCED_FACE('',(#480),#125,.F.);
#7236=ADVANCED_FACE('',(#481),#6943,.F.);
#7237=ADVANCED_FACE('',(#482),#126,.F.);
#7238=ADVANCED_FACE('',(#483),#6944,.F.);
#7239=ADVANCED_FACE('',(#484),#127,.F.);
#7240=ADVANCED_FACE('',(#485),#6945,.F.);
#7241=ADVANCED_FACE('',(#486),#128,.F.);
#7242=ADVANCED_FACE('',(#487),#6946,.F.);
#7243=ADVANCED_FACE('',(#488),#129,.F.);
#7244=ADVANCED_FACE('',(#489),#6947,.F.);
#7245=ADVANCED_FACE('',(#490),#130,.F.);
#7246=ADVANCED_FACE('',(#491),#6948,.F.);
#7247=ADVANCED_FACE('',(#492),#131,.F.);
#7248=ADVANCED_FACE('',(#493),#6949,.F.);
#7249=ADVANCED_FACE('',(#494),#132,.F.);
#7250=ADVANCED_FACE('',(#495),#6950,.F.);
#7251=ADVANCED_FACE('',(#496),#133,.F.);
#7252=ADVANCED_FACE('',(#497),#6951,.T.);
#7253=ADVANCED_FACE('',(#498),#134,.F.);
#7254=ADVANCED_FACE('',(#499),#6952,.F.);
#7255=ADVANCED_FACE('',(#500),#135,.F.);
#7256=ADVANCED_FACE('',(#501),#6953,.F.);
#7257=ADVANCED_FACE('',(#502),#136,.F.);
#7258=ADVANCED_FACE('',(#503),#6954,.F.);
#7259=ADVANCED_FACE('',(#504),#137,.F.);
#7260=ADVANCED_FACE('',(#505),#6955,.F.);
#7261=ADVANCED_FACE('',(#506),#138,.F.);
#7262=ADVANCED_FACE('',(#507),#6956,.F.);
#7263=ADVANCED_FACE('',(#508),#139,.F.);
#7264=ADVANCED_FACE('',(#509),#6957,.F.);
#7265=ADVANCED_FACE('',(#510),#140,.F.);
#7266=ADVANCED_FACE('',(#511),#6958,.F.);
#7267=ADVANCED_FACE('',(#512),#141,.F.);
#7268=ADVANCED_FACE('',(#513),#6959,.F.);
#7269=ADVANCED_FACE('',(#514),#142,.F.);
#7270=ADVANCED_FACE('',(#515),#6960,.F.);
#7271=ADVANCED_FACE('',(#516),#143,.F.);
#7272=ADVANCED_FACE('',(#517),#6961,.F.);
#7273=ADVANCED_FACE('',(#518),#144,.F.);
#7274=ADVANCED_FACE('',(#519),#6962,.F.);
#7275=ADVANCED_FACE('',(#520),#145,.F.);
#7276=ADVANCED_FACE('',(#521),#6963,.F.);
#7277=ADVANCED_FACE('',(#522),#146,.F.);
#7278=ADVANCED_FACE('',(#523),#147,.F.);
#7279=ADVANCED_FACE('',(#524),#148,.F.);
#7280=ADVANCED_FACE('',(#525),#149,.F.);
#7281=ADVANCED_FACE('',(#526),#150,.F.);
#7282=ADVANCED_FACE('',(#527),#151,.F.);
#7283=ADVANCED_FACE('',(#528),#152,.F.);
#7284=ADVANCED_FACE('',(#529),#153,.F.);
#7285=ADVANCED_FACE('',(#530),#154,.F.);
#7286=ADVANCED_FACE('',(#531),#155,.F.);
#7287=ADVANCED_FACE('',(#532),#156,.F.);
#7288=ADVANCED_FACE('',(#533),#6964,.F.);
#7289=ADVANCED_FACE('',(#534),#157,.F.);
#7290=ADVANCED_FACE('',(#535),#6965,.F.);
#7291=ADVANCED_FACE('',(#536),#158,.F.);
#7292=ADVANCED_FACE('',(#537),#159,.F.);
#7293=ADVANCED_FACE('',(#538),#160,.F.);
#7294=ADVANCED_FACE('',(#539),#161,.F.);
#7295=ADVANCED_FACE('',(#540),#162,.F.);
#7296=ADVANCED_FACE('',(#541),#163,.F.);
#7297=ADVANCED_FACE('',(#542),#164,.F.);
#7298=ADVANCED_FACE('',(#543),#6966,.T.);
#7299=ADVANCED_FACE('',(#544),#165,.F.);
#7300=ADVANCED_FACE('',(#545),#166,.F.);
#7301=ADVANCED_FACE('',(#546),#167,.F.);
#7302=ADVANCED_FACE('',(#547),#168,.F.);
#7303=ADVANCED_FACE('',(#548),#169,.F.);
#7304=ADVANCED_FACE('',(#549),#170,.F.);
#7305=ADVANCED_FACE('',(#550),#171,.F.);
#7306=ADVANCED_FACE('',(#551),#172,.F.);
#7307=ADVANCED_FACE('',(#552),#173,.F.);
#7308=ADVANCED_FACE('',(#553),#174,.F.);
#7309=ADVANCED_FACE('',(#554),#175,.F.);
#7310=ADVANCED_FACE('',(#555),#176,.F.);
#7311=ADVANCED_FACE('',(#556),#177,.F.);
#7312=ADVANCED_FACE('',(#557),#178,.F.);
#7313=ADVANCED_FACE('',(#558),#179,.F.);
#7314=ADVANCED_FACE('',(#559),#180,.F.);
#7315=ADVANCED_FACE('',(#560),#181,.F.);
#7316=ADVANCED_FACE('',(#561),#182,.F.);
#7317=ADVANCED_FACE('',(#562),#183,.F.);
#7318=ADVANCED_FACE('',(#563),#184,.F.);
#7319=ADVANCED_FACE('',(#564),#185,.F.);
#7320=ADVANCED_FACE('',(#565),#186,.F.);
#7321=ADVANCED_FACE('',(#566),#187,.F.);
#7322=ADVANCED_FACE('',(#567),#188,.F.);
#7323=ADVANCED_FACE('',(#568),#189,.F.);
#7324=ADVANCED_FACE('',(#569),#190,.F.);
#7325=ADVANCED_FACE('',(#570),#191,.F.);
#7326=ADVANCED_FACE('',(#571),#192,.F.);
#7327=ADVANCED_FACE('',(#572),#193,.F.);
#7328=ADVANCED_FACE('',(#573),#194,.F.);
#7329=ADVANCED_FACE('',(#574),#6967,.F.);
#7330=ADVANCED_FACE('',(#575),#195,.F.);
#7331=ADVANCED_FACE('',(#576),#196,.F.);
#7332=ADVANCED_FACE('',(#577),#197,.F.);
#7333=ADVANCED_FACE('',(#578),#6968,.T.);
#7334=ADVANCED_FACE('',(#579,#248,#249,#250,#251,#252,#253,#254,#255,#256,
#257,#258,#259,#260,#261,#262,#263,#264,#265,#266,#267,#268,#269,#270,#271,
#272,#273,#274,#275,#276,#277,#278,#279,#280,#281,#282,#283,#284,#285,#286,
#287,#288,#289,#290,#291,#292),#6969,.F.);
#7335=ADVANCED_FACE('',(#580),#6970,.T.);
#7336=ADVANCED_FACE('',(#581),#198,.T.);
#7337=ADVANCED_FACE('',(#582),#6971,.F.);
#7338=ADVANCED_FACE('',(#583),#6972,.F.);
#7339=ADVANCED_FACE('',(#584),#6973,.F.);
#7340=ADVANCED_FACE('',(#585),#6974,.F.);
#7341=ADVANCED_FACE('',(#586),#6975,.F.);
#7342=ADVANCED_FACE('',(#587),#6976,.F.);
#7343=ADVANCED_FACE('',(#588),#6977,.F.);
#7344=ADVANCED_FACE('',(#589),#6978,.F.);
#7345=ADVANCED_FACE('',(#590),#6979,.F.);
#7346=ADVANCED_FACE('',(#591),#6980,.F.);
#7347=ADVANCED_FACE('',(#592),#6981,.F.);
#7348=ADVANCED_FACE('',(#593),#6982,.T.);
#7349=ADVANCED_FACE('',(#594),#6983,.T.);
#7350=ADVANCED_FACE('',(#595),#6984,.T.);
#7351=ADVANCED_FACE('',(#596),#6985,.T.);
#7352=ADVANCED_FACE('',(#597),#6986,.T.);
#7353=ADVANCED_FACE('',(#598),#6987,.T.);
#7354=ADVANCED_FACE('',(#599),#6988,.T.);
#7355=ADVANCED_FACE('',(#600),#6989,.T.);
#7356=ADVANCED_FACE('',(#601),#6990,.T.);
#7357=ADVANCED_FACE('',(#602),#6991,.T.);
#7358=ADVANCED_FACE('',(#603),#6992,.T.);
#7359=ADVANCED_FACE('',(#604),#6993,.T.);
#7360=ADVANCED_FACE('',(#605),#6994,.T.);
#7361=ADVANCED_FACE('',(#606),#6995,.T.);
#7362=ADVANCED_FACE('',(#607),#6996,.T.);
#7363=ADVANCED_FACE('',(#608),#6997,.T.);
#7364=ADVANCED_FACE('',(#609),#6998,.T.);
#7365=ADVANCED_FACE('',(#610),#6999,.T.);
#7366=ADVANCED_FACE('',(#611),#7000,.F.);
#7367=ADVANCED_FACE('',(#612),#7001,.T.);
#7368=ADVANCED_FACE('',(#613),#7002,.F.);
#7369=ADVANCED_FACE('',(#614),#7003,.F.);
#7370=ADVANCED_FACE('',(#615),#7004,.T.);
#7371=ADVANCED_FACE('',(#616),#7005,.F.);
#7372=ADVANCED_FACE('',(#617),#7006,.T.);
#7373=ADVANCED_FACE('',(#618),#7007,.F.);
#7374=ADVANCED_FACE('',(#619),#7008,.T.);
#7375=ADVANCED_FACE('',(#620),#7009,.F.);
#7376=ADVANCED_FACE('',(#621),#7010,.T.);
#7377=ADVANCED_FACE('',(#622),#7011,.F.);
#7378=ADVANCED_FACE('',(#623),#7012,.T.);
#7379=ADVANCED_FACE('',(#624),#7013,.F.);
#7380=ADVANCED_FACE('',(#625),#7014,.T.);
#7381=ADVANCED_FACE('',(#626),#7015,.F.);
#7382=ADVANCED_FACE('',(#627),#7016,.T.);
#7383=ADVANCED_FACE('',(#628),#7017,.T.);
#7384=ADVANCED_FACE('',(#629),#7018,.F.);
#7385=ADVANCED_FACE('',(#630),#7019,.T.);
#7386=ADVANCED_FACE('',(#631),#7020,.F.);
#7387=ADVANCED_FACE('',(#632),#7021,.F.);
#7388=ADVANCED_FACE('',(#633),#7022,.T.);
#7389=ADVANCED_FACE('',(#634),#7023,.F.);
#7390=ADVANCED_FACE('',(#635),#7024,.T.);
#7391=ADVANCED_FACE('',(#636),#7025,.T.);
#7392=ADVANCED_FACE('',(#637),#7026,.T.);
#7393=ADVANCED_FACE('',(#638),#7027,.F.);
#7394=ADVANCED_FACE('',(#639),#7028,.T.);
#7395=ADVANCED_FACE('',(#640),#7029,.F.);
#7396=ADVANCED_FACE('',(#641),#7030,.T.);
#7397=ADVANCED_FACE('',(#642),#7031,.F.);
#7398=ADVANCED_FACE('',(#643),#7032,.T.);
#7399=ADVANCED_FACE('',(#644),#7033,.F.);
#7400=ADVANCED_FACE('',(#645),#7034,.T.);
#7401=ADVANCED_FACE('',(#646),#7035,.F.);
#7402=ADVANCED_FACE('',(#647),#7036,.T.);
#7403=ADVANCED_FACE('',(#648),#7037,.F.);
#7404=ADVANCED_FACE('',(#649),#7038,.T.);
#7405=ADVANCED_FACE('',(#650),#7039,.F.);
#7406=ADVANCED_FACE('',(#651),#7040,.T.);
#7407=ADVANCED_FACE('',(#652),#7041,.F.);
#7408=ADVANCED_FACE('',(#653),#7042,.T.);
#7409=ADVANCED_FACE('',(#654),#7043,.F.);
#7410=ADVANCED_FACE('',(#655),#7044,.T.);
#7411=ADVANCED_FACE('',(#656),#7045,.F.);
#7412=ADVANCED_FACE('',(#657),#7046,.T.);
#7413=ADVANCED_FACE('',(#658),#7047,.F.);
#7414=CLOSED_SHELL('',(#7048,#7049,#7050,#7051,#7052,#7053,#7054,#7055,
#7056,#7057,#7058,#7059,#7060,#7061,#7062,#7063,#7064,#7065,#7066,#7067,
#7068,#7069,#7070,#7071,#7072,#7073,#7074,#7075,#7076,#7077,#7078,#7079,
#7080,#7081,#7082,#7083,#7084,#7085,#7086,#7087,#7088,#7089,#7090,#7091,
#7092,#7093,#7094,#7095,#7096,#7097,#7098,#7099,#7100,#7101,#7102,#7103,
#7104,#7105,#7106,#7107,#7108,#7109,#7110,#7111,#7112,#7113,#7114,#7115,
#7116,#7117,#7118,#7119,#7120,#7121,#7122,#7123,#7124,#7125,#7126,#7127,
#7128,#7129,#7130,#7131,#7132,#7133,#7134,#7135,#7136,#7137,#7138,#7139,
#7140,#7141,#7142,#7143,#7144,#7145,#7146,#7147,#7148,#7149,#7150,#7151,
#7152,#7153,#7154,#7155,#7156,#7157,#7158,#7159,#7160,#7161,#7162,#7163,
#7164,#7165,#7166,#7167,#7168,#7169,#7170,#7171,#7172,#7173,#7174,#7175,
#7176,#7177,#7178,#7179,#7180,#7181,#7182,#7183,#7184,#7185,#7186,#7187,
#7188,#7189,#7190,#7191,#7192,#7193,#7194,#7195,#7196,#7197,#7198,#7199,
#7200,#7201,#7202,#7203,#7204,#7205,#7206,#7207,#7208,#7209,#7210,#7211,
#7212,#7213,#7214,#7215,#7216,#7217,#7218,#7219,#7220,#7221,#7222,#7223,
#7224,#7225,#7226,#7227,#7228,#7229,#7230,#7231,#7232,#7233,#7234,#7235,
#7236,#7237,#7238,#7239,#7240,#7241,#7242,#7243,#7244,#7245,#7246,#7247,
#7248,#7249,#7250,#7251,#7252,#7253,#7254,#7255,#7256,#7257,#7258,#7259,
#7260,#7261,#7262,#7263,#7264,#7265,#7266,#7267,#7268,#7269,#7270,#7271,
#7272,#7273,#7274,#7275,#7276,#7277,#7278,#7279,#7280,#7281,#7282,#7283,
#7284,#7285,#7286,#7287,#7288,#7289,#7290,#7291,#7292,#7293,#7294,#7295,
#7296,#7297,#7298,#7299,#7300,#7301,#7302,#7303,#7304,#7305,#7306,#7307,
#7308,#7309,#7310,#7311,#7312,#7313,#7314,#7315,#7316,#7317,#7318,#7319,
#7320,#7321,#7322,#7323,#7324,#7325,#7326,#7327,#7328,#7329,#7330,#7331,
#7332,#7333,#7334,#7335,#7336,#7337,#7338,#7339,#7340,#7341,#7342,#7343,
#7344,#7345,#7346,#7347,#7348,#7349,#7350,#7351,#7352,#7353,#7354,#7355,
#7356,#7357,#7358,#7359,#7360,#7361,#7362,#7363,#7364,#7365,#7366,#7367,
#7368,#7369,#7370,#7371,#7372,#7373,#7374,#7375,#7376,#7377,#7378,#7379,
#7380,#7381,#7382,#7383,#7384,#7385,#7386,#7387,#7388,#7389,#7390,#7391,
#7392,#7393,#7394,#7395,#7396,#7397,#7398,#7399,#7400,#7401,#7402,#7403,
#7404,#7405,#7406,#7407,#7408,#7409,#7410,#7411,#7412,#7413));
#7415=DERIVED_UNIT_ELEMENT(#7417,1.);
#7416=DERIVED_UNIT_ELEMENT(#12526,-3.);
#7417=(
MASS_UNIT()
NAMED_UNIT(*)
SI_UNIT(.KILO.,.GRAM.)
);
#7418=DERIVED_UNIT((#7415,#7416));
#7419=MEASURE_REPRESENTATION_ITEM('density measure',
POSITIVE_RATIO_MEASURE(7850.),#7418);
#7420=PROPERTY_DEFINITION_REPRESENTATION(#7425,#7422);
#7421=PROPERTY_DEFINITION_REPRESENTATION(#7426,#7423);
#7422=REPRESENTATION('material name',(#7424),#12523);
#7423=REPRESENTATION('density',(#7419),#12523);
#7424=DESCRIPTIVE_REPRESENTATION_ITEM('Steel','Steel');
#7425=PROPERTY_DEFINITION('material property','material name',#12533);
#7426=PROPERTY_DEFINITION('material property','density of part',#12533);
#7427=AXIS2_PLACEMENT_3D('',#10354,#8167,#8168);
#7428=AXIS2_PLACEMENT_3D('',#10355,#8169,#8170);
#7429=AXIS2_PLACEMENT_3D('',#10358,#8171,#8172);
#7430=AXIS2_PLACEMENT_3D('',#10362,#8174,#8175);
#7431=AXIS2_PLACEMENT_3D('',#10364,#8176,#8177);
#7432=AXIS2_PLACEMENT_3D('',#10367,#8179,#8180);
#7433=AXIS2_PLACEMENT_3D('',#10369,#8181,#8182);
#7434=AXIS2_PLACEMENT_3D('',#10371,#8183,#8184);
#7435=AXIS2_PLACEMENT_3D('',#10372,#8185,#8186);
#7436=AXIS2_PLACEMENT_3D('',#10375,#8187,#8188);
#7437=AXIS2_PLACEMENT_3D('',#10379,#8190,#8191);
#7438=AXIS2_PLACEMENT_3D('',#10383,#8193,#8194);
#7439=AXIS2_PLACEMENT_3D('',#10386,#8196,#8197);
#7440=AXIS2_PLACEMENT_3D('',#10388,#8198,#8199);
#7441=AXIS2_PLACEMENT_3D('',#10389,#8200,#8201);
#7442=AXIS2_PLACEMENT_3D('',#10392,#8202,#8203);
#7443=AXIS2_PLACEMENT_3D('',#10394,#8204,#8205);
#7444=AXIS2_PLACEMENT_3D('',#10396,#8206,#8207);
#7445=AXIS2_PLACEMENT_3D('',#10400,#8209,#8210);
#7446=AXIS2_PLACEMENT_3D('',#10403,#8212,#8213);
#7447=AXIS2_PLACEMENT_3D('',#10404,#8214,#8215);
#7448=AXIS2_PLACEMENT_3D('',#10408,#8217,#8218);
#7449=AXIS2_PLACEMENT_3D('',#10410,#8220,#8221);
#7450=AXIS2_PLACEMENT_3D('',#10412,#8222,#8223);
#7451=AXIS2_PLACEMENT_3D('',#10416,#8225,#8226);
#7452=AXIS2_PLACEMENT_3D('',#10420,#8228,#8229);
#7453=AXIS2_PLACEMENT_3D('',#10422,#8231,#8232);
#7454=AXIS2_PLACEMENT_3D('',#10424,#8233,#8234);
#7455=AXIS2_PLACEMENT_3D('',#10426,#8236,#8237);
#7456=AXIS2_PLACEMENT_3D('',#10430,#8239,#8240);
#7457=AXIS2_PLACEMENT_3D('',#10432,#8242,#8243);
#7458=AXIS2_PLACEMENT_3D('',#10434,#8245,#8246);
#7459=AXIS2_PLACEMENT_3D('',#10438,#8248,#8249);
#7460=AXIS2_PLACEMENT_3D('',#10440,#8251,#8252);
#7461=AXIS2_PLACEMENT_3D('',#10444,#8255,#8256);
#7462=AXIS2_PLACEMENT_3D('',#10446,#8257,#8258);
#7463=AXIS2_PLACEMENT_3D('',#10448,#8260,#8261);
#7464=AXIS2_PLACEMENT_3D('',#10450,#8262,#8263);
#7465=AXIS2_PLACEMENT_3D('',#10454,#8265,#8266);
#7466=AXIS2_PLACEMENT_3D('',#10456,#8268,#8269);
#7467=AXIS2_PLACEMENT_3D('',#10460,#8271,#8272);
#7468=AXIS2_PLACEMENT_3D('',#10462,#8274,#8275);
#7469=AXIS2_PLACEMENT_3D('',#10464,#8276,#8277);
#7470=AXIS2_PLACEMENT_3D('',#10468,#8279,#8280);
#7471=AXIS2_PLACEMENT_3D('',#10470,#8282,#8283);
#7472=AXIS2_PLACEMENT_3D('',#10474,#8285,#8286);
#7473=AXIS2_PLACEMENT_3D('',#10476,#8288,#8289);
#7474=AXIS2_PLACEMENT_3D('',#10480,#8292,#8293);
#7475=AXIS2_PLACEMENT_3D('',#10483,#8295,#8296);
#7476=AXIS2_PLACEMENT_3D('',#10484,#8297,#8298);
#7477=AXIS2_PLACEMENT_3D('',#10486,#8300,#8301);
#7478=AXIS2_PLACEMENT_3D('',#10491,#8305,#8306);
#7479=AXIS2_PLACEMENT_3D('',#10497,#8309,#8310);
#7480=AXIS2_PLACEMENT_3D('',#10501,#8312,#8313);
#7481=AXIS2_PLACEMENT_3D('',#10505,#8315,#8316);
#7482=AXIS2_PLACEMENT_3D('',#10508,#8318,#8319);
#7483=AXIS2_PLACEMENT_3D('',#10513,#8321,#8322);
#7484=AXIS2_PLACEMENT_3D('',#10517,#8324,#8325);
#7485=AXIS2_PLACEMENT_3D('',#10521,#8327,#8328);
#7486=AXIS2_PLACEMENT_3D('',#10524,#8330,#8331);
#7487=AXIS2_PLACEMENT_3D('',#10529,#8333,#8334);
#7488=AXIS2_PLACEMENT_3D('',#10533,#8336,#8337);
#7489=AXIS2_PLACEMENT_3D('',#10537,#8339,#8340);
#7490=AXIS2_PLACEMENT_3D('',#10540,#8342,#8343);
#7491=AXIS2_PLACEMENT_3D('',#10545,#8345,#8346);
#7492=AXIS2_PLACEMENT_3D('',#10549,#8348,#8349);
#7493=AXIS2_PLACEMENT_3D('',#10553,#8351,#8352);
#7494=AXIS2_PLACEMENT_3D('',#10556,#8354,#8355);
#7495=AXIS2_PLACEMENT_3D('',#10561,#8357,#8358);
#7496=AXIS2_PLACEMENT_3D('',#10565,#8360,#8361);
#7497=AXIS2_PLACEMENT_3D('',#10569,#8363,#8364);
#7498=AXIS2_PLACEMENT_3D('',#10572,#8366,#8367);
#7499=AXIS2_PLACEMENT_3D('',#10577,#8369,#8370);
#7500=AXIS2_PLACEMENT_3D('',#10581,#8372,#8373);
#7501=AXIS2_PLACEMENT_3D('',#10585,#8375,#8376);
#7502=AXIS2_PLACEMENT_3D('',#10588,#8378,#8379);
#7503=AXIS2_PLACEMENT_3D('',#10593,#8381,#8382);
#7504=AXIS2_PLACEMENT_3D('',#10597,#8384,#8385);
#7505=AXIS2_PLACEMENT_3D('',#10601,#8387,#8388);
#7506=AXIS2_PLACEMENT_3D('',#10604,#8390,#8391);
#7507=AXIS2_PLACEMENT_3D('',#10609,#8393,#8394);
#7508=AXIS2_PLACEMENT_3D('',#10613,#8396,#8397);
#7509=AXIS2_PLACEMENT_3D('',#10617,#8399,#8400);
#7510=AXIS2_PLACEMENT_3D('',#10620,#8402,#8403);
#7511=AXIS2_PLACEMENT_3D('',#10625,#8405,#8406);
#7512=AXIS2_PLACEMENT_3D('',#10629,#8408,#8409);
#7513=AXIS2_PLACEMENT_3D('',#10633,#8411,#8412);
#7514=AXIS2_PLACEMENT_3D('',#10636,#8414,#8415);
#7515=AXIS2_PLACEMENT_3D('',#10641,#8417,#8418);
#7516=AXIS2_PLACEMENT_3D('',#10645,#8420,#8421);
#7517=AXIS2_PLACEMENT_3D('',#10649,#8423,#8424);
#7518=AXIS2_PLACEMENT_3D('',#10652,#8426,#8427);
#7519=AXIS2_PLACEMENT_3D('',#10657,#8429,#8430);
#7520=AXIS2_PLACEMENT_3D('',#10661,#8432,#8433);
#7521=AXIS2_PLACEMENT_3D('',#10665,#8435,#8436);
#7522=AXIS2_PLACEMENT_3D('',#10668,#8438,#8439);
#7523=AXIS2_PLACEMENT_3D('',#10673,#8441,#8442);
#7524=AXIS2_PLACEMENT_3D('',#10677,#8444,#8445);
#7525=AXIS2_PLACEMENT_3D('',#10681,#8447,#8448);
#7526=AXIS2_PLACEMENT_3D('',#10684,#8450,#8451);
#7527=AXIS2_PLACEMENT_3D('',#10689,#8453,#8454);
#7528=AXIS2_PLACEMENT_3D('',#10693,#8456,#8457);
#7529=AXIS2_PLACEMENT_3D('',#10697,#8459,#8460);
#7530=AXIS2_PLACEMENT_3D('',#10700,#8462,#8463);
#7531=AXIS2_PLACEMENT_3D('',#10705,#8465,#8466);
#7532=AXIS2_PLACEMENT_3D('',#10709,#8468,#8469);
#7533=AXIS2_PLACEMENT_3D('',#10713,#8471,#8472);
#7534=AXIS2_PLACEMENT_3D('',#10716,#8474,#8475);
#7535=AXIS2_PLACEMENT_3D('',#10721,#8477,#8478);
#7536=AXIS2_PLACEMENT_3D('',#10725,#8480,#8481);
#7537=AXIS2_PLACEMENT_3D('',#10729,#8483,#8484);
#7538=AXIS2_PLACEMENT_3D('',#10732,#8486,#8487);
#7539=AXIS2_PLACEMENT_3D('',#10737,#8489,#8490);
#7540=AXIS2_PLACEMENT_3D('',#10741,#8492,#8493);
#7541=AXIS2_PLACEMENT_3D('',#10745,#8495,#8496);
#7542=AXIS2_PLACEMENT_3D('',#10748,#8498,#8499);
#7543=AXIS2_PLACEMENT_3D('',#10753,#8501,#8502);
#7544=AXIS2_PLACEMENT_3D('',#10757,#8504,#8505);
#7545=AXIS2_PLACEMENT_3D('',#10761,#8507,#8508);
#7546=AXIS2_PLACEMENT_3D('',#10764,#8510,#8511);
#7547=AXIS2_PLACEMENT_3D('',#10769,#8513,#8514);
#7548=AXIS2_PLACEMENT_3D('',#10773,#8516,#8517);
#7549=AXIS2_PLACEMENT_3D('',#10777,#8519,#8520);
#7550=AXIS2_PLACEMENT_3D('',#10780,#8522,#8523);
#7551=AXIS2_PLACEMENT_3D('',#10785,#8525,#8526);
#7552=AXIS2_PLACEMENT_3D('',#10789,#8528,#8529);
#7553=AXIS2_PLACEMENT_3D('',#10793,#8531,#8532);
#7554=AXIS2_PLACEMENT_3D('',#10796,#8534,#8535);
#7555=AXIS2_PLACEMENT_3D('',#10801,#8537,#8538);
#7556=AXIS2_PLACEMENT_3D('',#10805,#8540,#8541);
#7557=AXIS2_PLACEMENT_3D('',#10809,#8543,#8544);
#7558=AXIS2_PLACEMENT_3D('',#10812,#8546,#8547);
#7559=AXIS2_PLACEMENT_3D('',#10817,#8549,#8550);
#7560=AXIS2_PLACEMENT_3D('',#10821,#8552,#8553);
#7561=AXIS2_PLACEMENT_3D('',#10825,#8555,#8556);
#7562=AXIS2_PLACEMENT_3D('',#10828,#8558,#8559);
#7563=AXIS2_PLACEMENT_3D('',#10833,#8561,#8562);
#7564=AXIS2_PLACEMENT_3D('',#10837,#8564,#8565);
#7565=AXIS2_PLACEMENT_3D('',#10841,#8567,#8568);
#7566=AXIS2_PLACEMENT_3D('',#10844,#8570,#8571);
#7567=AXIS2_PLACEMENT_3D('',#10849,#8573,#8574);
#7568=AXIS2_PLACEMENT_3D('',#10853,#8576,#8577);
#7569=AXIS2_PLACEMENT_3D('',#10857,#8579,#8580);
#7570=AXIS2_PLACEMENT_3D('',#10860,#8582,#8583);
#7571=AXIS2_PLACEMENT_3D('',#10865,#8585,#8586);
#7572=AXIS2_PLACEMENT_3D('',#10869,#8588,#8589);
#7573=AXIS2_PLACEMENT_3D('',#10873,#8591,#8592);
#7574=AXIS2_PLACEMENT_3D('',#10876,#8594,#8595);
#7575=AXIS2_PLACEMENT_3D('',#10881,#8597,#8598);
#7576=AXIS2_PLACEMENT_3D('',#10885,#8600,#8601);
#7577=AXIS2_PLACEMENT_3D('',#10889,#8603,#8604);
#7578=AXIS2_PLACEMENT_3D('',#10892,#8606,#8607);
#7579=AXIS2_PLACEMENT_3D('',#10897,#8609,#8610);
#7580=AXIS2_PLACEMENT_3D('',#10901,#8612,#8613);
#7581=AXIS2_PLACEMENT_3D('',#10905,#8615,#8616);
#7582=AXIS2_PLACEMENT_3D('',#10908,#8618,#8619);
#7583=AXIS2_PLACEMENT_3D('',#10913,#8621,#8622);
#7584=AXIS2_PLACEMENT_3D('',#10917,#8624,#8625);
#7585=AXIS2_PLACEMENT_3D('',#10921,#8627,#8628);
#7586=AXIS2_PLACEMENT_3D('',#10924,#8630,#8631);
#7587=AXIS2_PLACEMENT_3D('',#10929,#8633,#8634);
#7588=AXIS2_PLACEMENT_3D('',#10933,#8636,#8637);
#7589=AXIS2_PLACEMENT_3D('',#10937,#8639,#8640);
#7590=AXIS2_PLACEMENT_3D('',#10940,#8642,#8643);
#7591=AXIS2_PLACEMENT_3D('',#10945,#8645,#8646);
#7592=AXIS2_PLACEMENT_3D('',#10949,#8648,#8649);
#7593=AXIS2_PLACEMENT_3D('',#10953,#8651,#8652);
#7594=AXIS2_PLACEMENT_3D('',#10956,#8654,#8655);
#7595=AXIS2_PLACEMENT_3D('',#10961,#8657,#8658);
#7596=AXIS2_PLACEMENT_3D('',#10965,#8660,#8661);
#7597=AXIS2_PLACEMENT_3D('',#10969,#8663,#8664);
#7598=AXIS2_PLACEMENT_3D('',#10972,#8666,#8667);
#7599=AXIS2_PLACEMENT_3D('',#10977,#8669,#8670);
#7600=AXIS2_PLACEMENT_3D('',#10981,#8672,#8673);
#7601=AXIS2_PLACEMENT_3D('',#10985,#8675,#8676);
#7602=AXIS2_PLACEMENT_3D('',#10988,#8678,#8679);
#7603=AXIS2_PLACEMENT_3D('',#10993,#8681,#8682);
#7604=AXIS2_PLACEMENT_3D('',#10997,#8684,#8685);
#7605=AXIS2_PLACEMENT_3D('',#11001,#8687,#8688);
#7606=AXIS2_PLACEMENT_3D('',#11004,#8690,#8691);
#7607=AXIS2_PLACEMENT_3D('',#11009,#8693,#8694);
#7608=AXIS2_PLACEMENT_3D('',#11013,#8696,#8697);
#7609=AXIS2_PLACEMENT_3D('',#11017,#8699,#8700);
#7610=AXIS2_PLACEMENT_3D('',#11020,#8702,#8703);
#7611=AXIS2_PLACEMENT_3D('',#11025,#8705,#8706);
#7612=AXIS2_PLACEMENT_3D('',#11029,#8708,#8709);
#7613=AXIS2_PLACEMENT_3D('',#11033,#8711,#8712);
#7614=AXIS2_PLACEMENT_3D('',#11036,#8714,#8715);
#7615=AXIS2_PLACEMENT_3D('',#11041,#8717,#8718);
#7616=AXIS2_PLACEMENT_3D('',#11045,#8720,#8721);
#7617=AXIS2_PLACEMENT_3D('',#11049,#8723,#8724);
#7618=AXIS2_PLACEMENT_3D('',#11052,#8726,#8727);
#7619=AXIS2_PLACEMENT_3D('',#11057,#8729,#8730);
#7620=AXIS2_PLACEMENT_3D('',#11061,#8732,#8733);
#7621=AXIS2_PLACEMENT_3D('',#11065,#8735,#8736);
#7622=AXIS2_PLACEMENT_3D('',#11068,#8738,#8739);
#7623=AXIS2_PLACEMENT_3D('',#11073,#8741,#8742);
#7624=AXIS2_PLACEMENT_3D('',#11077,#8744,#8745);
#7625=AXIS2_PLACEMENT_3D('',#11081,#8747,#8748);
#7626=AXIS2_PLACEMENT_3D('',#11084,#8750,#8751);
#7627=AXIS2_PLACEMENT_3D('',#11089,#8753,#8754);
#7628=AXIS2_PLACEMENT_3D('',#11093,#8756,#8757);
#7629=AXIS2_PLACEMENT_3D('',#11097,#8759,#8760);
#7630=AXIS2_PLACEMENT_3D('',#11100,#8762,#8763);
#7631=AXIS2_PLACEMENT_3D('',#11105,#8765,#8766);
#7632=AXIS2_PLACEMENT_3D('',#11109,#8768,#8769);
#7633=AXIS2_PLACEMENT_3D('',#11113,#8771,#8772);
#7634=AXIS2_PLACEMENT_3D('',#11116,#8774,#8775);
#7635=AXIS2_PLACEMENT_3D('',#11121,#8777,#8778);
#7636=AXIS2_PLACEMENT_3D('',#11125,#8780,#8781);
#7637=AXIS2_PLACEMENT_3D('',#11129,#8783,#8784);
#7638=AXIS2_PLACEMENT_3D('',#11132,#8786,#8787);
#7639=AXIS2_PLACEMENT_3D('',#11137,#8789,#8790);
#7640=AXIS2_PLACEMENT_3D('',#11141,#8792,#8793);
#7641=AXIS2_PLACEMENT_3D('',#11145,#8795,#8796);
#7642=AXIS2_PLACEMENT_3D('',#11148,#8798,#8799);
#7643=AXIS2_PLACEMENT_3D('',#11149,#8800,#8801);
#7644=AXIS2_PLACEMENT_3D('',#11150,#8802,#8803);
#7645=AXIS2_PLACEMENT_3D('',#11152,#8804,#8805);
#7646=AXIS2_PLACEMENT_3D('',#11155,#8807,#8808);
#7647=AXIS2_PLACEMENT_3D('',#11156,#8809,#8810);
#7648=AXIS2_PLACEMENT_3D('',#11158,#8811,#8812);
#7649=AXIS2_PLACEMENT_3D('',#11159,#8813,#8814);
#7650=AXIS2_PLACEMENT_3D('',#11161,#8815,#8816);
#7651=AXIS2_PLACEMENT_3D('',#11164,#8818,#8819);
#7652=AXIS2_PLACEMENT_3D('',#11165,#8820,#8821);
#7653=AXIS2_PLACEMENT_3D('',#11167,#8822,#8823);
#7654=AXIS2_PLACEMENT_3D('',#11168,#8824,#8825);
#7655=AXIS2_PLACEMENT_3D('',#11170,#8826,#8827);
#7656=AXIS2_PLACEMENT_3D('',#11173,#8829,#8830);
#7657=AXIS2_PLACEMENT_3D('',#11174,#8831,#8832);
#7658=AXIS2_PLACEMENT_3D('',#11176,#8833,#8834);
#7659=AXIS2_PLACEMENT_3D('',#11177,#8835,#8836);
#7660=AXIS2_PLACEMENT_3D('',#11179,#8837,#8838);
#7661=AXIS2_PLACEMENT_3D('',#11182,#8840,#8841);
#7662=AXIS2_PLACEMENT_3D('',#11183,#8842,#8843);
#7663=AXIS2_PLACEMENT_3D('',#11185,#8844,#8845);
#7664=AXIS2_PLACEMENT_3D('',#11186,#8846,#8847);
#7665=AXIS2_PLACEMENT_3D('',#11188,#8849,#8850);
#7666=AXIS2_PLACEMENT_3D('',#11190,#8852,#8853);
#7667=AXIS2_PLACEMENT_3D('',#11192,#8855,#8856);
#7668=AXIS2_PLACEMENT_3D('',#11194,#8858,#8859);
#7669=AXIS2_PLACEMENT_3D('',#11197,#8860,#8861);
#7670=AXIS2_PLACEMENT_3D('',#11200,#8864,#8865);
#7671=AXIS2_PLACEMENT_3D('',#11204,#8868,#8869);
#7672=AXIS2_PLACEMENT_3D('',#11207,#8870,#8871);
#7673=AXIS2_PLACEMENT_3D('',#11210,#8874,#8875);
#7674=AXIS2_PLACEMENT_3D('',#11214,#8878,#8879);
#7675=AXIS2_PLACEMENT_3D('',#11218,#8881,#8882);
#7676=AXIS2_PLACEMENT_3D('',#11220,#8884,#8885);
#7677=AXIS2_PLACEMENT_3D('',#11224,#8888,#8889);
#7678=AXIS2_PLACEMENT_3D('',#11228,#8891,#8892);
#7679=AXIS2_PLACEMENT_3D('',#11230,#8894,#8895);
#7680=AXIS2_PLACEMENT_3D('',#11234,#8898,#8899);
#7681=AXIS2_PLACEMENT_3D('',#11238,#8901,#8902);
#7682=AXIS2_PLACEMENT_3D('',#11240,#8904,#8905);
#7683=AXIS2_PLACEMENT_3D('',#11244,#8908,#8909);
#7684=AXIS2_PLACEMENT_3D('',#11248,#8911,#8912);
#7685=AXIS2_PLACEMENT_3D('',#11250,#8914,#8915);
#7686=AXIS2_PLACEMENT_3D('',#11254,#8918,#8919);
#7687=AXIS2_PLACEMENT_3D('',#11258,#8921,#8922);
#7688=AXIS2_PLACEMENT_3D('',#11260,#8924,#8925);
#7689=AXIS2_PLACEMENT_3D('',#11264,#8928,#8929);
#7690=AXIS2_PLACEMENT_3D('',#11268,#8931,#8932);
#7691=AXIS2_PLACEMENT_3D('',#11270,#8934,#8935);
#7692=AXIS2_PLACEMENT_3D('',#11274,#8938,#8939);
#7693=AXIS2_PLACEMENT_3D('',#11277,#8940,#8941);
#7694=AXIS2_PLACEMENT_3D('',#11280,#8944,#8945);
#7695=AXIS2_PLACEMENT_3D('',#11284,#8948,#8949);
#7696=AXIS2_PLACEMENT_3D('',#11287,#8950,#8951);
#7697=AXIS2_PLACEMENT_3D('',#11290,#8954,#8955);
#7698=AXIS2_PLACEMENT_3D('',#11294,#8958,#8959);
#7699=AXIS2_PLACEMENT_3D('',#11298,#8961,#8962);
#7700=AXIS2_PLACEMENT_3D('',#11300,#8964,#8965);
#7701=AXIS2_PLACEMENT_3D('',#11304,#8968,#8969);
#7702=AXIS2_PLACEMENT_3D('',#11308,#8971,#8972);
#7703=AXIS2_PLACEMENT_3D('',#11310,#8974,#8975);
#7704=AXIS2_PLACEMENT_3D('',#11314,#8978,#8979);
#7705=AXIS2_PLACEMENT_3D('',#11318,#8981,#8982);
#7706=AXIS2_PLACEMENT_3D('',#11320,#8984,#8985);
#7707=AXIS2_PLACEMENT_3D('',#11324,#8988,#8989);
#7708=AXIS2_PLACEMENT_3D('',#11328,#8991,#8992);
#7709=AXIS2_PLACEMENT_3D('',#11330,#8994,#8995);
#7710=AXIS2_PLACEMENT_3D('',#11334,#8998,#8999);
#7711=AXIS2_PLACEMENT_3D('',#11338,#9001,#9002);
#7712=AXIS2_PLACEMENT_3D('',#11340,#9004,#9005);
#7713=AXIS2_PLACEMENT_3D('',#11344,#9008,#9009);
#7714=AXIS2_PLACEMENT_3D('',#11348,#9011,#9012);
#7715=AXIS2_PLACEMENT_3D('',#11350,#9014,#9015);
#7716=AXIS2_PLACEMENT_3D('',#11354,#9018,#9019);
#7717=AXIS2_PLACEMENT_3D('',#11358,#9021,#9022);
#7718=AXIS2_PLACEMENT_3D('',#11360,#9024,#9025);
#7719=AXIS2_PLACEMENT_3D('',#11364,#9028,#9029);
#7720=AXIS2_PLACEMENT_3D('',#11368,#9031,#9032);
#7721=AXIS2_PLACEMENT_3D('',#11370,#9034,#9035);
#7722=AXIS2_PLACEMENT_3D('',#11374,#9038,#9039);
#7723=AXIS2_PLACEMENT_3D('',#11378,#9041,#9042);
#7724=AXIS2_PLACEMENT_3D('',#11380,#9044,#9045);
#7725=AXIS2_PLACEMENT_3D('',#11384,#9048,#9049);
#7726=AXIS2_PLACEMENT_3D('',#11388,#9051,#9052);
#7727=AXIS2_PLACEMENT_3D('',#11390,#9054,#9055);
#7728=AXIS2_PLACEMENT_3D('',#11394,#9058,#9059);
#7729=AXIS2_PLACEMENT_3D('',#11398,#9061,#9062);
#7730=AXIS2_PLACEMENT_3D('',#11400,#9064,#9065);
#7731=AXIS2_PLACEMENT_3D('',#11404,#9068,#9069);
#7732=AXIS2_PLACEMENT_3D('',#11408,#9071,#9072);
#7733=AXIS2_PLACEMENT_3D('',#11410,#9074,#9075);
#7734=AXIS2_PLACEMENT_3D('',#11414,#9078,#9079);
#7735=AXIS2_PLACEMENT_3D('',#11418,#9081,#9082);
#7736=AXIS2_PLACEMENT_3D('',#11420,#9084,#9085);
#7737=AXIS2_PLACEMENT_3D('',#11424,#9088,#9089);
#7738=AXIS2_PLACEMENT_3D('',#11428,#9091,#9092);
#7739=AXIS2_PLACEMENT_3D('',#11430,#9094,#9095);
#7740=AXIS2_PLACEMENT_3D('',#11434,#9098,#9099);
#7741=AXIS2_PLACEMENT_3D('',#11438,#9101,#9102);
#7742=AXIS2_PLACEMENT_3D('',#11440,#9104,#9105);
#7743=AXIS2_PLACEMENT_3D('',#11444,#9108,#9109);
#7744=AXIS2_PLACEMENT_3D('',#11448,#9111,#9112);
#7745=AXIS2_PLACEMENT_3D('',#11450,#9114,#9115);
#7746=AXIS2_PLACEMENT_3D('',#11454,#9118,#9119);
#7747=AXIS2_PLACEMENT_3D('',#11458,#9121,#9122);
#7748=AXIS2_PLACEMENT_3D('',#11460,#9124,#9125);
#7749=AXIS2_PLACEMENT_3D('',#11464,#9128,#9129);
#7750=AXIS2_PLACEMENT_3D('',#11468,#9131,#9132);
#7751=AXIS2_PLACEMENT_3D('',#11470,#9134,#9135);
#7752=AXIS2_PLACEMENT_3D('',#11474,#9138,#9139);
#7753=AXIS2_PLACEMENT_3D('',#11478,#9141,#9142);
#7754=AXIS2_PLACEMENT_3D('',#11480,#9144,#9145);
#7755=AXIS2_PLACEMENT_3D('',#11484,#9148,#9149);
#7756=AXIS2_PLACEMENT_3D('',#11488,#9151,#9152);
#7757=AXIS2_PLACEMENT_3D('',#11490,#9154,#9155);
#7758=AXIS2_PLACEMENT_3D('',#11494,#9158,#9159);
#7759=AXIS2_PLACEMENT_3D('',#11498,#9161,#9162);
#7760=AXIS2_PLACEMENT_3D('',#11500,#9164,#9165);
#7761=AXIS2_PLACEMENT_3D('',#11504,#9168,#9169);
#7762=AXIS2_PLACEMENT_3D('',#11508,#9171,#9172);
#7763=AXIS2_PLACEMENT_3D('',#11510,#9174,#9175);
#7764=AXIS2_PLACEMENT_3D('',#11514,#9178,#9179);
#7765=AXIS2_PLACEMENT_3D('',#11517,#9180,#9181);
#7766=AXIS2_PLACEMENT_3D('',#11520,#9184,#9185);
#7767=AXIS2_PLACEMENT_3D('',#11524,#9188,#9189);
#7768=AXIS2_PLACEMENT_3D('',#11527,#9190,#9191);
#7769=AXIS2_PLACEMENT_3D('',#11530,#9194,#9195);
#7770=AXIS2_PLACEMENT_3D('',#11534,#9198,#9199);
#7771=AXIS2_PLACEMENT_3D('',#11537,#9200,#9201);
#7772=AXIS2_PLACEMENT_3D('',#11540,#9204,#9205);
#7773=AXIS2_PLACEMENT_3D('',#11544,#9208,#9209);
#7774=AXIS2_PLACEMENT_3D('',#11547,#9210,#9211);
#7775=AXIS2_PLACEMENT_3D('',#11550,#9214,#9215);
#7776=AXIS2_PLACEMENT_3D('',#11554,#9218,#9219);
#7777=AXIS2_PLACEMENT_3D('',#11557,#9220,#9221);
#7778=AXIS2_PLACEMENT_3D('',#11560,#9224,#9225);
#7779=AXIS2_PLACEMENT_3D('',#11564,#9228,#9229);
#7780=AXIS2_PLACEMENT_3D('',#11567,#9230,#9231);
#7781=AXIS2_PLACEMENT_3D('',#11570,#9234,#9235);
#7782=AXIS2_PLACEMENT_3D('',#11574,#9238,#9239);
#7783=AXIS2_PLACEMENT_3D('',#11577,#9240,#9241);
#7784=AXIS2_PLACEMENT_3D('',#11580,#9244,#9245);
#7785=AXIS2_PLACEMENT_3D('',#11584,#9248,#9249);
#7786=AXIS2_PLACEMENT_3D('',#11587,#9250,#9251);
#7787=AXIS2_PLACEMENT_3D('',#11590,#9254,#9255);
#7788=AXIS2_PLACEMENT_3D('',#11594,#9258,#9259);
#7789=AXIS2_PLACEMENT_3D('',#11597,#9260,#9261);
#7790=AXIS2_PLACEMENT_3D('',#11600,#9264,#9265);
#7791=AXIS2_PLACEMENT_3D('',#11604,#9268,#9269);
#7792=AXIS2_PLACEMENT_3D('',#11606,#9270,#9271);
#7793=AXIS2_PLACEMENT_3D('',#11608,#9273,#9274);
#7794=AXIS2_PLACEMENT_3D('',#11610,#9275,#9276);
#7795=AXIS2_PLACEMENT_3D('',#11612,#9278,#9279);
#7796=AXIS2_PLACEMENT_3D('',#11614,#9280,#9281);
#7797=AXIS2_PLACEMENT_3D('',#11616,#9283,#9284);
#7798=AXIS2_PLACEMENT_3D('',#11618,#9285,#9286);
#7799=AXIS2_PLACEMENT_3D('',#11620,#9288,#9289);
#7800=AXIS2_PLACEMENT_3D('',#11622,#9290,#9291);
#7801=AXIS2_PLACEMENT_3D('',#11624,#9293,#9294);
#7802=AXIS2_PLACEMENT_3D('',#11626,#9295,#9296);
#7803=AXIS2_PLACEMENT_3D('',#11628,#9298,#9299);
#7804=AXIS2_PLACEMENT_3D('',#11632,#9301,#9302);
#7805=AXIS2_PLACEMENT_3D('',#11634,#9304,#9305);
#7806=AXIS2_PLACEMENT_3D('',#11638,#9308,#9309);
#7807=AXIS2_PLACEMENT_3D('',#11642,#9311,#9312);
#7808=AXIS2_PLACEMENT_3D('',#11644,#9314,#9315);
#7809=AXIS2_PLACEMENT_3D('',#11648,#9318,#9319);
#7810=AXIS2_PLACEMENT_3D('',#11650,#9320,#9321);
#7811=AXIS2_PLACEMENT_3D('',#11652,#9323,#9324);
#7812=AXIS2_PLACEMENT_3D('',#11654,#9325,#9326);
#7813=AXIS2_PLACEMENT_3D('',#11656,#9328,#9329);
#7814=AXIS2_PLACEMENT_3D('',#11658,#9330,#9331);
#7815=AXIS2_PLACEMENT_3D('',#11660,#9333,#9334);
#7816=AXIS2_PLACEMENT_3D('',#11662,#9335,#9336);
#7817=AXIS2_PLACEMENT_3D('',#11664,#9338,#9339);
#7818=AXIS2_PLACEMENT_3D('',#11666,#9340,#9341);
#7819=AXIS2_PLACEMENT_3D('',#11668,#9343,#9344);
#7820=AXIS2_PLACEMENT_3D('',#11670,#9345,#9346);
#7821=AXIS2_PLACEMENT_3D('',#11672,#9348,#9349);
#7822=AXIS2_PLACEMENT_3D('',#11674,#9350,#9351);
#7823=AXIS2_PLACEMENT_3D('',#11676,#9353,#9354);
#7824=AXIS2_PLACEMENT_3D('',#11678,#9355,#9356);
#7825=AXIS2_PLACEMENT_3D('',#11680,#9358,#9359);
#7826=AXIS2_PLACEMENT_3D('',#11682,#9360,#9361);
#7827=AXIS2_PLACEMENT_3D('',#11684,#9363,#9364);
#7828=AXIS2_PLACEMENT_3D('',#11686,#9365,#9366);
#7829=AXIS2_PLACEMENT_3D('',#11688,#9368,#9369);
#7830=AXIS2_PLACEMENT_3D('',#11690,#9370,#9371);
#7831=AXIS2_PLACEMENT_3D('',#11692,#9373,#9374);
#7832=AXIS2_PLACEMENT_3D('',#11694,#9375,#9376);
#7833=AXIS2_PLACEMENT_3D('',#11696,#9378,#9379);
#7834=AXIS2_PLACEMENT_3D('',#11698,#9380,#9381);
#7835=AXIS2_PLACEMENT_3D('',#11700,#9383,#9384);
#7836=AXIS2_PLACEMENT_3D('',#11702,#9385,#9386);
#7837=AXIS2_PLACEMENT_3D('',#11704,#9388,#9389);
#7838=AXIS2_PLACEMENT_3D('',#11706,#9390,#9391);
#7839=AXIS2_PLACEMENT_3D('',#11708,#9393,#9394);
#7840=AXIS2_PLACEMENT_3D('',#11710,#9395,#9396);
#7841=AXIS2_PLACEMENT_3D('',#11712,#9398,#9399);
#7842=AXIS2_PLACEMENT_3D('',#11714,#9400,#9401);
#7843=AXIS2_PLACEMENT_3D('',#11716,#9403,#9404);
#7844=AXIS2_PLACEMENT_3D('',#11718,#9405,#9406);
#7845=AXIS2_PLACEMENT_3D('',#11720,#9408,#9409);
#7846=AXIS2_PLACEMENT_3D('',#11722,#9410,#9411);
#7847=AXIS2_PLACEMENT_3D('',#11724,#9413,#9414);
#7848=AXIS2_PLACEMENT_3D('',#11726,#9415,#9416);
#7849=AXIS2_PLACEMENT_3D('',#11728,#9418,#9419);
#7850=AXIS2_PLACEMENT_3D('',#11731,#9421,#9422);
#7851=AXIS2_PLACEMENT_3D('',#11732,#9423,#9424);
#7852=AXIS2_PLACEMENT_3D('',#11736,#9427,#9428);
#7853=AXIS2_PLACEMENT_3D('',#11738,#9429,#9430);
#7854=AXIS2_PLACEMENT_3D('',#11740,#9432,#9433);
#7855=AXIS2_PLACEMENT_3D('',#11744,#9435,#9436);
#7856=AXIS2_PLACEMENT_3D('',#11746,#9438,#9439);
#7857=AXIS2_PLACEMENT_3D('',#11750,#9442,#9443);
#7858=AXIS2_PLACEMENT_3D('',#11754,#9445,#9446);
#7859=AXIS2_PLACEMENT_3D('',#11756,#9448,#9449);
#7860=AXIS2_PLACEMENT_3D('',#11760,#9452,#9453);
#7861=AXIS2_PLACEMENT_3D('',#11764,#9455,#9456);
#7862=AXIS2_PLACEMENT_3D('',#11766,#9458,#9459);
#7863=AXIS2_PLACEMENT_3D('',#11770,#9462,#9463);
#7864=AXIS2_PLACEMENT_3D('',#11774,#9465,#9466);
#7865=AXIS2_PLACEMENT_3D('',#11776,#9468,#9469);
#7866=AXIS2_PLACEMENT_3D('',#11780,#9472,#9473);
#7867=AXIS2_PLACEMENT_3D('',#11784,#9475,#9476);
#7868=AXIS2_PLACEMENT_3D('',#11786,#9478,#9479);
#7869=AXIS2_PLACEMENT_3D('',#11790,#9482,#9483);
#7870=AXIS2_PLACEMENT_3D('',#11794,#9485,#9486);
#7871=AXIS2_PLACEMENT_3D('',#11796,#9488,#9489);
#7872=AXIS2_PLACEMENT_3D('',#11800,#9492,#9493);
#7873=AXIS2_PLACEMENT_3D('',#11804,#9495,#9496);
#7874=AXIS2_PLACEMENT_3D('',#11806,#9498,#9499);
#7875=AXIS2_PLACEMENT_3D('',#11810,#9502,#9503);
#7876=AXIS2_PLACEMENT_3D('',#11814,#9505,#9506);
#7877=AXIS2_PLACEMENT_3D('',#11816,#9508,#9509);
#7878=AXIS2_PLACEMENT_3D('',#11820,#9512,#9513);
#7879=AXIS2_PLACEMENT_3D('',#11824,#9515,#9516);
#7880=AXIS2_PLACEMENT_3D('',#11826,#9518,#9519);
#7881=AXIS2_PLACEMENT_3D('',#11830,#9522,#9523);
#7882=AXIS2_PLACEMENT_3D('',#11834,#9525,#9526);
#7883=AXIS2_PLACEMENT_3D('',#11836,#9528,#9529);
#7884=AXIS2_PLACEMENT_3D('',#11840,#9532,#9533);
#7885=AXIS2_PLACEMENT_3D('',#11844,#9535,#9536);
#7886=AXIS2_PLACEMENT_3D('',#11846,#9538,#9539);
#7887=AXIS2_PLACEMENT_3D('',#11850,#9542,#9543);
#7888=AXIS2_PLACEMENT_3D('',#11854,#9545,#9546);
#7889=AXIS2_PLACEMENT_3D('',#11856,#9548,#9549);
#7890=AXIS2_PLACEMENT_3D('',#11860,#9552,#9553);
#7891=AXIS2_PLACEMENT_3D('',#11864,#9555,#9556);
#7892=AXIS2_PLACEMENT_3D('',#11866,#9558,#9559);
#7893=AXIS2_PLACEMENT_3D('',#11870,#9562,#9563);
#7894=AXIS2_PLACEMENT_3D('',#11874,#9565,#9566);
#7895=AXIS2_PLACEMENT_3D('',#11876,#9568,#9569);
#7896=AXIS2_PLACEMENT_3D('',#11880,#9572,#9573);
#7897=AXIS2_PLACEMENT_3D('',#11884,#9575,#9576);
#7898=AXIS2_PLACEMENT_3D('',#11886,#9578,#9579);
#7899=AXIS2_PLACEMENT_3D('',#11890,#9582,#9583);
#7900=AXIS2_PLACEMENT_3D('',#11894,#9585,#9586);
#7901=AXIS2_PLACEMENT_3D('',#11896,#9588,#9589);
#7902=AXIS2_PLACEMENT_3D('',#11900,#9592,#9593);
#7903=AXIS2_PLACEMENT_3D('',#11904,#9595,#9596);
#7904=AXIS2_PLACEMENT_3D('',#11906,#9598,#9599);
#7905=AXIS2_PLACEMENT_3D('',#11910,#9602,#9603);
#7906=AXIS2_PLACEMENT_3D('',#11913,#9605,#9606);
#7907=AXIS2_PLACEMENT_3D('',#11914,#9607,#9608);
#7908=AXIS2_PLACEMENT_3D('',#11918,#9611,#9612);
#7909=AXIS2_PLACEMENT_3D('',#11921,#9614,#9615);
#7910=AXIS2_PLACEMENT_3D('',#11922,#9616,#9617);
#7911=AXIS2_PLACEMENT_3D('',#11926,#9620,#9621);
#7912=AXIS2_PLACEMENT_3D('',#11930,#9623,#9624);
#7913=AXIS2_PLACEMENT_3D('',#11932,#9626,#9627);
#7914=AXIS2_PLACEMENT_3D('',#11936,#9630,#9631);
#7915=AXIS2_PLACEMENT_3D('',#11940,#9633,#9634);
#7916=AXIS2_PLACEMENT_3D('',#11942,#9636,#9637);
#7917=AXIS2_PLACEMENT_3D('',#11946,#9640,#9641);
#7918=AXIS2_PLACEMENT_3D('',#11950,#9643,#9644);
#7919=AXIS2_PLACEMENT_3D('',#11952,#9646,#9647);
#7920=AXIS2_PLACEMENT_3D('',#11956,#9650,#9651);
#7921=AXIS2_PLACEMENT_3D('',#11960,#9653,#9654);
#7922=AXIS2_PLACEMENT_3D('',#11962,#9656,#9657);
#7923=AXIS2_PLACEMENT_3D('',#11966,#9660,#9661);
#7924=AXIS2_PLACEMENT_3D('',#11970,#9663,#9664);
#7925=AXIS2_PLACEMENT_3D('',#11972,#9666,#9667);
#7926=AXIS2_PLACEMENT_3D('',#11976,#9670,#9671);
#7927=AXIS2_PLACEMENT_3D('',#11980,#9673,#9674);
#7928=AXIS2_PLACEMENT_3D('',#11982,#9676,#9677);
#7929=AXIS2_PLACEMENT_3D('',#11986,#9680,#9681);
#7930=AXIS2_PLACEMENT_3D('',#11990,#9683,#9684);
#7931=AXIS2_PLACEMENT_3D('',#11992,#9686,#9687);
#7932=AXIS2_PLACEMENT_3D('',#11996,#9690,#9691);
#7933=AXIS2_PLACEMENT_3D('',#12000,#9693,#9694);
#7934=AXIS2_PLACEMENT_3D('',#12002,#9696,#9697);
#7935=AXIS2_PLACEMENT_3D('',#12006,#9700,#9701);
#7936=AXIS2_PLACEMENT_3D('',#12010,#9703,#9704);
#7937=AXIS2_PLACEMENT_3D('',#12012,#9706,#9707);
#7938=AXIS2_PLACEMENT_3D('',#12016,#9710,#9711);
#7939=AXIS2_PLACEMENT_3D('',#12019,#9712,#9713);
#7940=AXIS2_PLACEMENT_3D('',#12022,#9716,#9717);
#7941=AXIS2_PLACEMENT_3D('',#12024,#9719,#9720);
#7942=AXIS2_PLACEMENT_3D('',#12028,#9722,#9723);
#7943=AXIS2_PLACEMENT_3D('',#12030,#9725,#9726);
#7944=AXIS2_PLACEMENT_3D('',#12034,#9729,#9730);
#7945=AXIS2_PLACEMENT_3D('',#12038,#9732,#9733);
#7946=AXIS2_PLACEMENT_3D('',#12040,#9735,#9736);
#7947=AXIS2_PLACEMENT_3D('',#12044,#9739,#9740);
#7948=AXIS2_PLACEMENT_3D('',#12048,#9742,#9743);
#7949=AXIS2_PLACEMENT_3D('',#12050,#9745,#9746);
#7950=AXIS2_PLACEMENT_3D('',#12054,#9749,#9750);
#7951=AXIS2_PLACEMENT_3D('',#12058,#9752,#9753);
#7952=AXIS2_PLACEMENT_3D('',#12060,#9755,#9756);
#7953=AXIS2_PLACEMENT_3D('',#12064,#9759,#9760);
#7954=AXIS2_PLACEMENT_3D('',#12068,#9762,#9763);
#7955=AXIS2_PLACEMENT_3D('',#12070,#9765,#9766);
#7956=AXIS2_PLACEMENT_3D('',#12074,#9769,#9770);
#7957=AXIS2_PLACEMENT_3D('',#12078,#9772,#9773);
#7958=AXIS2_PLACEMENT_3D('',#12080,#9775,#9776);
#7959=AXIS2_PLACEMENT_3D('',#12084,#9779,#9780);
#7960=AXIS2_PLACEMENT_3D('',#12088,#9782,#9783);
#7961=AXIS2_PLACEMENT_3D('',#12090,#9785,#9786);
#7962=AXIS2_PLACEMENT_3D('',#12094,#9789,#9790);
#7963=AXIS2_PLACEMENT_3D('',#12098,#9792,#9793);
#7964=AXIS2_PLACEMENT_3D('',#12100,#9795,#9796);
#7965=AXIS2_PLACEMENT_3D('',#12104,#9799,#9800);
#7966=AXIS2_PLACEMENT_3D('',#12108,#9802,#9803);
#7967=AXIS2_PLACEMENT_3D('',#12110,#9805,#9806);
#7968=AXIS2_PLACEMENT_3D('',#12114,#9809,#9810);
#7969=AXIS2_PLACEMENT_3D('',#12118,#9812,#9813);
#7970=AXIS2_PLACEMENT_3D('',#12120,#9815,#9816);
#7971=AXIS2_PLACEMENT_3D('',#12124,#9819,#9820);
#7972=AXIS2_PLACEMENT_3D('',#12127,#9822,#9823);
#7973=AXIS2_PLACEMENT_3D('',#12128,#9824,#9825);
#7974=AXIS2_PLACEMENT_3D('',#12132,#9828,#9829);
#7975=AXIS2_PLACEMENT_3D('',#12135,#9830,#9831);
#7976=AXIS2_PLACEMENT_3D('',#12138,#9834,#9835);
#7977=AXIS2_PLACEMENT_3D('',#12140,#9837,#9838);
#7978=AXIS2_PLACEMENT_3D('',#12142,#9839,#9840);
#7979=AXIS2_PLACEMENT_3D('',#12144,#9842,#9843);
#7980=AXIS2_PLACEMENT_3D('',#12146,#9844,#9845);
#7981=AXIS2_PLACEMENT_3D('',#12148,#9847,#9848);
#7982=AXIS2_PLACEMENT_3D('',#12150,#9849,#9850);
#7983=AXIS2_PLACEMENT_3D('',#12152,#9852,#9853);
#7984=AXIS2_PLACEMENT_3D('',#12154,#9854,#9855);
#7985=AXIS2_PLACEMENT_3D('',#12156,#9857,#9858);
#7986=AXIS2_PLACEMENT_3D('',#12158,#9859,#9860);
#7987=AXIS2_PLACEMENT_3D('',#12160,#9862,#9863);
#7988=AXIS2_PLACEMENT_3D('',#12162,#9864,#9865);
#7989=AXIS2_PLACEMENT_3D('',#12164,#9867,#9868);
#7990=AXIS2_PLACEMENT_3D('',#12166,#9869,#9870);
#7991=AXIS2_PLACEMENT_3D('',#12168,#9872,#9873);
#7992=AXIS2_PLACEMENT_3D('',#12170,#9874,#9875);
#7993=AXIS2_PLACEMENT_3D('',#12172,#9877,#9878);
#7994=AXIS2_PLACEMENT_3D('',#12174,#9879,#9880);
#7995=AXIS2_PLACEMENT_3D('',#12176,#9882,#9883);
#7996=AXIS2_PLACEMENT_3D('',#12178,#9884,#9885);
#7997=AXIS2_PLACEMENT_3D('',#12180,#9887,#9888);
#7998=AXIS2_PLACEMENT_3D('',#12183,#9890,#9891);
#7999=AXIS2_PLACEMENT_3D('',#12184,#9892,#9893);
#8000=AXIS2_PLACEMENT_3D('',#12188,#9896,#9897);
#8001=AXIS2_PLACEMENT_3D('',#12191,#9899,#9900);
#8002=AXIS2_PLACEMENT_3D('',#12192,#9901,#9902);
#8003=AXIS2_PLACEMENT_3D('',#12194,#9904,#9905);
#8004=AXIS2_PLACEMENT_3D('',#12196,#9906,#9907);
#8005=AXIS2_PLACEMENT_3D('',#12198,#9909,#9910);
#8006=AXIS2_PLACEMENT_3D('',#12200,#9911,#9912);
#8007=AXIS2_PLACEMENT_3D('',#12202,#9914,#9915);
#8008=AXIS2_PLACEMENT_3D('',#12204,#9916,#9917);
#8009=AXIS2_PLACEMENT_3D('',#12206,#9919,#9920);
#8010=AXIS2_PLACEMENT_3D('',#12208,#9921,#9922);
#8011=AXIS2_PLACEMENT_3D('',#12210,#9924,#9925);
#8012=AXIS2_PLACEMENT_3D('',#12212,#9926,#9927);
#8013=AXIS2_PLACEMENT_3D('',#12214,#9929,#9930);
#8014=AXIS2_PLACEMENT_3D('',#12215,#9931,#9932);
#8015=AXIS2_PLACEMENT_3D('',#12216,#9933,#9934);
#8016=AXIS2_PLACEMENT_3D('',#12220,#9936,#9937);
#8017=AXIS2_PLACEMENT_3D('',#12222,#9939,#9940);
#8018=AXIS2_PLACEMENT_3D('',#12224,#9942,#9943);
#8019=AXIS2_PLACEMENT_3D('',#12226,#9944,#9945);
#8020=AXIS2_PLACEMENT_3D('',#12228,#9947,#9948);
#8021=AXIS2_PLACEMENT_3D('',#12230,#9949,#9950);
#8022=AXIS2_PLACEMENT_3D('',#12232,#9952,#9953);
#8023=AXIS2_PLACEMENT_3D('',#12234,#9954,#9955);
#8024=AXIS2_PLACEMENT_3D('',#12236,#9957,#9958);
#8025=AXIS2_PLACEMENT_3D('',#12238,#9959,#9960);
#8026=AXIS2_PLACEMENT_3D('',#12240,#9962,#9963);
#8027=AXIS2_PLACEMENT_3D('',#12242,#9964,#9965);
#8028=AXIS2_PLACEMENT_3D('',#12244,#9967,#9968);
#8029=AXIS2_PLACEMENT_3D('',#12246,#9969,#9970);
#8030=AXIS2_PLACEMENT_3D('',#12248,#9972,#9973);
#8031=AXIS2_PLACEMENT_3D('',#12250,#9974,#9975);
#8032=AXIS2_PLACEMENT_3D('',#12252,#9977,#9978);
#8033=AXIS2_PLACEMENT_3D('',#12254,#9979,#9980);
#8034=AXIS2_PLACEMENT_3D('',#12256,#9982,#9983);
#8035=AXIS2_PLACEMENT_3D('',#12258,#9984,#9985);
#8036=AXIS2_PLACEMENT_3D('',#12260,#9987,#9988);
#8037=AXIS2_PLACEMENT_3D('',#12261,#9989,#9990);
#8038=AXIS2_PLACEMENT_3D('',#12262,#9991,#9992);
#8039=AXIS2_PLACEMENT_3D('',#12264,#9993,#9994);
#8040=AXIS2_PLACEMENT_3D('',#12266,#9996,#9997);
#8041=AXIS2_PLACEMENT_3D('',#12268,#9998,#9999);
#8042=AXIS2_PLACEMENT_3D('',#12270,#10001,#10002);
#8043=AXIS2_PLACEMENT_3D('',#12272,#10003,#10004);
#8044=AXIS2_PLACEMENT_3D('',#12274,#10006,#10007);
#8045=AXIS2_PLACEMENT_3D('',#12276,#10008,#10009);
#8046=AXIS2_PLACEMENT_3D('',#12278,#10011,#10012);
#8047=AXIS2_PLACEMENT_3D('',#12280,#10013,#10014);
#8048=AXIS2_PLACEMENT_3D('',#12282,#10016,#10017);
#8049=AXIS2_PLACEMENT_3D('',#12284,#10018,#10019);
#8050=AXIS2_PLACEMENT_3D('',#12286,#10021,#10022);
#8051=AXIS2_PLACEMENT_3D('',#12288,#10023,#10024);
#8052=AXIS2_PLACEMENT_3D('',#12290,#10026,#10027);
#8053=AXIS2_PLACEMENT_3D('',#12292,#10028,#10029);
#8054=AXIS2_PLACEMENT_3D('',#12294,#10031,#10032);
#8055=AXIS2_PLACEMENT_3D('',#12296,#10033,#10034);
#8056=AXIS2_PLACEMENT_3D('',#12298,#10036,#10037);
#8057=AXIS2_PLACEMENT_3D('',#12300,#10038,#10039);
#8058=AXIS2_PLACEMENT_3D('',#12302,#10041,#10042);
#8059=AXIS2_PLACEMENT_3D('',#12304,#10043,#10044);
#8060=AXIS2_PLACEMENT_3D('',#12306,#10046,#10047);
#8061=AXIS2_PLACEMENT_3D('',#12308,#10048,#10049);
#8062=AXIS2_PLACEMENT_3D('',#12310,#10051,#10052);
#8063=AXIS2_PLACEMENT_3D('',#12312,#10053,#10054);
#8064=AXIS2_PLACEMENT_3D('',#12314,#10056,#10057);
#8065=AXIS2_PLACEMENT_3D('',#12316,#10058,#10059);
#8066=AXIS2_PLACEMENT_3D('',#12318,#10061,#10062);
#8067=AXIS2_PLACEMENT_3D('',#12320,#10063,#10064);
#8068=AXIS2_PLACEMENT_3D('',#12322,#10066,#10067);
#8069=AXIS2_PLACEMENT_3D('',#12324,#10068,#10069);
#8070=AXIS2_PLACEMENT_3D('',#12326,#10071,#10072);
#8071=AXIS2_PLACEMENT_3D('',#12328,#10073,#10074);
#8072=AXIS2_PLACEMENT_3D('',#12330,#10076,#10077);
#8073=AXIS2_PLACEMENT_3D('',#12332,#10078,#10079);
#8074=AXIS2_PLACEMENT_3D('',#12334,#10081,#10082);
#8075=AXIS2_PLACEMENT_3D('',#12336,#10083,#10084);
#8076=AXIS2_PLACEMENT_3D('',#12338,#10086,#10087);
#8077=AXIS2_PLACEMENT_3D('',#12342,#10089,#10090);
#8078=AXIS2_PLACEMENT_3D('',#12344,#10092,#10093);
#8079=AXIS2_PLACEMENT_3D('',#12346,#10095,#10096);
#8080=AXIS2_PLACEMENT_3D('',#12348,#10097,#10098);
#8081=AXIS2_PLACEMENT_3D('',#12350,#10100,#10101);
#8082=AXIS2_PLACEMENT_3D('',#12352,#10102,#10103);
#8083=AXIS2_PLACEMENT_3D('',#12354,#10105,#10106);
#8084=AXIS2_PLACEMENT_3D('',#12355,#10107,#10108);
#8085=AXIS2_PLACEMENT_3D('',#12356,#10109,#10110);
#8086=AXIS2_PLACEMENT_3D('',#12360,#10113,#10114);
#8087=AXIS2_PLACEMENT_3D('',#12365,#10118,#10119);
#8088=AXIS2_PLACEMENT_3D('',#12441,#10195,#10196);
#8089=AXIS2_PLACEMENT_3D('',#12442,#10197,#10198);
#8090=AXIS2_PLACEMENT_3D('',#12444,#10200,#10201);
#8091=AXIS2_PLACEMENT_3D('',#12445,#10202,#10203);
#8092=AXIS2_PLACEMENT_3D('',#12446,#10204,#10205);
#8093=AXIS2_PLACEMENT_3D('',#12447,#10206,#10207);
#8094=AXIS2_PLACEMENT_3D('',#12448,#10208,#10209);
#8095=AXIS2_PLACEMENT_3D('',#12449,#10210,#10211);
#8096=AXIS2_PLACEMENT_3D('',#12450,#10212,#10213);
#8097=AXIS2_PLACEMENT_3D('',#12451,#10214,#10215);
#8098=AXIS2_PLACEMENT_3D('',#12452,#10216,#10217);
#8099=AXIS2_PLACEMENT_3D('',#12453,#10218,#10219);
#8100=AXIS2_PLACEMENT_3D('',#12454,#10220,#10221);
#8101=AXIS2_PLACEMENT_3D('',#12455,#10222,#10223);
#8102=AXIS2_PLACEMENT_3D('',#12456,#10224,#10225);
#8103=AXIS2_PLACEMENT_3D('',#12457,#10226,#10227);
#8104=AXIS2_PLACEMENT_3D('',#12458,#10228,#10229);
#8105=AXIS2_PLACEMENT_3D('',#12459,#10230,#10231);
#8106=AXIS2_PLACEMENT_3D('',#12460,#10232,#10233);
#8107=AXIS2_PLACEMENT_3D('',#12461,#10234,#10235);
#8108=AXIS2_PLACEMENT_3D('',#12462,#10236,#10237);
#8109=AXIS2_PLACEMENT_3D('',#12463,#10238,#10239);
#8110=AXIS2_PLACEMENT_3D('',#12464,#10240,#10241);
#8111=AXIS2_PLACEMENT_3D('',#12465,#10242,#10243);
#8112=AXIS2_PLACEMENT_3D('',#12466,#10244,#10245);
#8113=AXIS2_PLACEMENT_3D('',#12467,#10246,#10247);
#8114=AXIS2_PLACEMENT_3D('',#12468,#10248,#10249);
#8115=AXIS2_PLACEMENT_3D('',#12469,#10250,#10251);
#8116=AXIS2_PLACEMENT_3D('',#12470,#10252,#10253);
#8117=AXIS2_PLACEMENT_3D('',#12471,#10254,#10255);
#8118=AXIS2_PLACEMENT_3D('',#12472,#10256,#10257);
#8119=AXIS2_PLACEMENT_3D('',#12473,#10258,#10259);
#8120=AXIS2_PLACEMENT_3D('',#12474,#10260,#10261);
#8121=AXIS2_PLACEMENT_3D('',#12475,#10262,#10263);
#8122=AXIS2_PLACEMENT_3D('',#12476,#10264,#10265);
#8123=AXIS2_PLACEMENT_3D('',#12477,#10266,#10267);
#8124=AXIS2_PLACEMENT_3D('',#12478,#10268,#10269);
#8125=AXIS2_PLACEMENT_3D('',#12479,#10270,#10271);
#8126=AXIS2_PLACEMENT_3D('',#12480,#10272,#10273);
#8127=AXIS2_PLACEMENT_3D('',#12481,#10274,#10275);
#8128=AXIS2_PLACEMENT_3D('',#12482,#10276,#10277);
#8129=AXIS2_PLACEMENT_3D('',#12483,#10278,#10279);
#8130=AXIS2_PLACEMENT_3D('',#12484,#10280,#10281);
#8131=AXIS2_PLACEMENT_3D('',#12485,#10282,#10283);
#8132=AXIS2_PLACEMENT_3D('',#12486,#10284,#10285);
#8133=AXIS2_PLACEMENT_3D('',#12487,#10286,#10287);
#8134=AXIS2_PLACEMENT_3D('',#12488,#10288,#10289);
#8135=AXIS2_PLACEMENT_3D('',#12489,#10290,#10291);
#8136=AXIS2_PLACEMENT_3D('',#12490,#10292,#10293);
#8137=AXIS2_PLACEMENT_3D('',#12491,#10294,#10295);
#8138=AXIS2_PLACEMENT_3D('',#12492,#10296,#10297);
#8139=AXIS2_PLACEMENT_3D('',#12493,#10298,#10299);
#8140=AXIS2_PLACEMENT_3D('',#12494,#10300,#10301);
#8141=AXIS2_PLACEMENT_3D('',#12495,#10302,#10303);
#8142=AXIS2_PLACEMENT_3D('',#12496,#10304,#10305);
#8143=AXIS2_PLACEMENT_3D('',#12497,#10306,#10307);
#8144=AXIS2_PLACEMENT_3D('',#12498,#10308,#10309);
#8145=AXIS2_PLACEMENT_3D('',#12499,#10310,#10311);
#8146=AXIS2_PLACEMENT_3D('',#12500,#10312,#10313);
#8147=AXIS2_PLACEMENT_3D('',#12501,#10314,#10315);
#8148=AXIS2_PLACEMENT_3D('',#12502,#10316,#10317);
#8149=AXIS2_PLACEMENT_3D('',#12503,#10318,#10319);
#8150=AXIS2_PLACEMENT_3D('',#12504,#10320,#10321);
#8151=AXIS2_PLACEMENT_3D('',#12505,#10322,#10323);
#8152=AXIS2_PLACEMENT_3D('',#12506,#10324,#10325);
#8153=AXIS2_PLACEMENT_3D('',#12507,#10326,#10327);
#8154=AXIS2_PLACEMENT_3D('',#12508,#10328,#10329);
#8155=AXIS2_PLACEMENT_3D('',#12509,#10330,#10331);
#8156=AXIS2_PLACEMENT_3D('',#12510,#10332,#10333);
#8157=AXIS2_PLACEMENT_3D('',#12511,#10334,#10335);
#8158=AXIS2_PLACEMENT_3D('',#12512,#10336,#10337);
#8159=AXIS2_PLACEMENT_3D('',#12513,#10338,#10339);
#8160=AXIS2_PLACEMENT_3D('',#12514,#10340,#10341);
#8161=AXIS2_PLACEMENT_3D('',#12515,#10342,#10343);
#8162=AXIS2_PLACEMENT_3D('',#12516,#10344,#10345);
#8163=AXIS2_PLACEMENT_3D('',#12517,#10346,#10347);
#8164=AXIS2_PLACEMENT_3D('',#12518,#10348,#10349);
#8165=AXIS2_PLACEMENT_3D('',#12519,#10350,#10351);
#8166=AXIS2_PLACEMENT_3D('',#12520,#10352,#10353);
#8167=DIRECTION('axis',(0.,0.,1.));
#8168=DIRECTION('refdir',(1.,0.,0.));
#8169=DIRECTION('center_axis',(0.,0.,-1.));
#8170=DIRECTION('ref_axis',(-1.,0.,0.));
#8171=DIRECTION('center_axis',(0.,0.,-1.));
#8172=DIRECTION('ref_axis',(-0.749149177264394,0.662401321106836,0.));
#8173=DIRECTION('',(1.,-2.50050230771432E-17,0.));
#8174=DIRECTION('center_axis',(0.,0.,-1.));
#8175=DIRECTION('ref_axis',(0.749149177264399,0.66240132110683,0.));
#8176=DIRECTION('center_axis',(0.,0.,-1.));
#8177=DIRECTION('ref_axis',(0.,-1.,0.));
#8178=DIRECTION('',(-1.,0.,0.));
#8179=DIRECTION('center_axis',(0.,0.,-1.));
#8180=DIRECTION('ref_axis',(-1.,2.01858731750029E-16,0.));
#8181=DIRECTION('center_axis',(0.,0.,1.));
#8182=DIRECTION('ref_axis',(1.,0.,0.));
#8183=DIRECTION('center_axis',(0.,0.,1.));
#8184=DIRECTION('ref_axis',(1.,0.,0.));
#8185=DIRECTION('center_axis',(0.,0.,-1.));
#8186=DIRECTION('ref_axis',(-1.,0.,0.));
#8187=DIRECTION('center_axis',(0.,0.,-1.));
#8188=DIRECTION('ref_axis',(0.749149177264394,-0.662401321106836,0.));
#8189=DIRECTION('',(-1.,2.50050230771432E-17,0.));
#8190=DIRECTION('center_axis',(0.,0.,-1.));
#8191=DIRECTION('ref_axis',(-0.707106781186547,-0.707106781186547,0.));
#8192=DIRECTION('',(0.,1.,0.));
#8193=DIRECTION('center_axis',(0.,0.,-1.));
#8194=DIRECTION('ref_axis',(-0.707106781186547,0.707106781186547,0.));
#8195=DIRECTION('',(1.,0.,0.));
#8196=DIRECTION('center_axis',(0.,0.,-1.));
#8197=DIRECTION('ref_axis',(1.,-2.01858731750028E-16,0.));
#8198=DIRECTION('center_axis',(0.,0.,1.));
#8199=DIRECTION('ref_axis',(1.,0.,0.));
#8200=DIRECTION('center_axis',(0.,0.,-1.));
#8201=DIRECTION('ref_axis',(-1.,0.,0.));
#8202=DIRECTION('center_axis',(0.,0.,-1.));
#8203=DIRECTION('ref_axis',(-0.749149177264394,-0.662401321106836,0.));
#8204=DIRECTION('center_axis',(0.,0.,-1.));
#8205=DIRECTION('ref_axis',(0.,1.,0.));
#8206=DIRECTION('center_axis',(0.,0.,-1.));
#8207=DIRECTION('ref_axis',(0.662401321106836,0.749149177264394,0.));
#8208=DIRECTION('',(0.,-1.,0.));
#8209=DIRECTION('center_axis',(0.,0.,-1.));
#8210=DIRECTION('ref_axis',(0.707106781186547,-0.707106781186547,0.));
#8211=DIRECTION('',(-1.,2.50050230771432E-17,0.));
#8212=DIRECTION('center_axis',(0.,0.,1.));
#8213=DIRECTION('ref_axis',(1.,0.,0.));
#8214=DIRECTION('center_axis',(0.,0.,-1.));
#8215=DIRECTION('ref_axis',(-0.749149177264394,-0.662401321106836,0.));
#8216=DIRECTION('',(0.,0.,1.));
#8217=DIRECTION('center_axis',(0.,0.,1.));
#8218=DIRECTION('ref_axis',(-0.749149177264394,-0.662401321106836,0.));
#8219=DIRECTION('',(0.,0.,-1.));
#8220=DIRECTION('center_axis',(0.,0.,1.));
#8221=DIRECTION('ref_axis',(-0.707106781186548,0.707106781186548,0.));
#8222=DIRECTION('center_axis',(0.,0.,-1.));
#8223=DIRECTION('ref_axis',(-0.707106781186548,0.707106781186548,0.));
#8224=DIRECTION('',(0.,0.,1.));
#8225=DIRECTION('center_axis',(0.,0.,-1.));
#8226=DIRECTION('ref_axis',(-0.707106781186548,0.707106781186548,0.));
#8227=DIRECTION('',(0.,0.,-1.));
#8228=DIRECTION('center_axis',(0.,0.,-1.));
#8229=DIRECTION('ref_axis',(-0.707106781186548,0.707106781186548,0.));
#8230=DIRECTION('',(0.,0.,1.));
#8231=DIRECTION('center_axis',(0.,0.,-1.));
#8232=DIRECTION('ref_axis',(0.662401321106836,0.749149177264394,0.));
#8233=DIRECTION('center_axis',(0.,0.,1.));
#8234=DIRECTION('ref_axis',(0.662401321106836,0.749149177264394,0.));
#8235=DIRECTION('',(0.,0.,-1.));
#8236=DIRECTION('center_axis',(0.,0.,-1.));
#8237=DIRECTION('ref_axis',(0.707106781186547,-0.707106781186547,0.));
#8238=DIRECTION('',(0.,0.,1.));
#8239=DIRECTION('center_axis',(0.,0.,1.));
#8240=DIRECTION('ref_axis',(0.707106781186547,-0.707106781186547,0.));
#8241=DIRECTION('',(0.,0.,-1.));
#8242=DIRECTION('center_axis',(-2.50050230771432E-17,-1.,0.));
#8243=DIRECTION('ref_axis',(-1.,2.50050230771432E-17,0.));
#8244=DIRECTION('',(1.,-2.50050230771432E-17,0.));
#8245=DIRECTION('center_axis',(0.,0.,-1.));
#8246=DIRECTION('ref_axis',(-0.749149177264394,0.662401321106836,0.));
#8247=DIRECTION('',(0.,0.,1.));
#8248=DIRECTION('center_axis',(0.,0.,1.));
#8249=DIRECTION('ref_axis',(-0.749149177264394,0.662401321106836,0.));
#8250=DIRECTION('',(0.,0.,-1.));
#8251=DIRECTION('center_axis',(2.50050230771432E-17,1.,0.));
#8252=DIRECTION('ref_axis',(1.,-2.50050230771432E-17,0.));
#8253=DIRECTION('',(-1.,2.50050230771432E-17,0.));
#8254=DIRECTION('',(0.,0.,1.));
#8255=DIRECTION('center_axis',(0.,0.,-1.));
#8256=DIRECTION('ref_axis',(0.749149177264399,0.66240132110683,0.));
#8257=DIRECTION('center_axis',(0.,0.,1.));
#8258=DIRECTION('ref_axis',(0.749149177264399,0.66240132110683,0.));
#8259=DIRECTION('',(0.,0.,-1.));
#8260=DIRECTION('center_axis',(0.,0.,1.));
#8261=DIRECTION('ref_axis',(0.707106781186547,-0.707106781186548,0.));
#8262=DIRECTION('center_axis',(0.,0.,-1.));
#8263=DIRECTION('ref_axis',(0.707106781186547,-0.707106781186548,0.));
#8264=DIRECTION('',(0.,0.,1.));
#8265=DIRECTION('center_axis',(0.,0.,-1.));
#8266=DIRECTION('ref_axis',(0.707106781186547,-0.707106781186548,0.));
#8267=DIRECTION('',(0.,0.,-1.));
#8268=DIRECTION('center_axis',(0.,0.,-1.));
#8269=DIRECTION('ref_axis',(0.749149177264394,-0.662401321106836,0.));
#8270=DIRECTION('',(0.,0.,1.));
#8271=DIRECTION('center_axis',(0.,0.,1.));
#8272=DIRECTION('ref_axis',(0.749149177264394,-0.662401321106836,0.));
#8273=DIRECTION('',(0.,0.,-1.));
#8274=DIRECTION('center_axis',(0.,0.,1.));
#8275=DIRECTION('ref_axis',(0.707106781186548,0.707106781186548,0.));
#8276=DIRECTION('center_axis',(0.,0.,-1.));
#8277=DIRECTION('ref_axis',(0.707106781186548,0.707106781186548,0.));
#8278=DIRECTION('',(0.,0.,-1.));
#8279=DIRECTION('center_axis',(0.,0.,-1.));
#8280=DIRECTION('ref_axis',(0.707106781186548,0.707106781186548,0.));
#8281=DIRECTION('',(0.,0.,-1.));
#8282=DIRECTION('center_axis',(0.,0.,-1.));
#8283=DIRECTION('ref_axis',(-0.707106781186547,0.707106781186547,0.));
#8284=DIRECTION('',(0.,0.,1.));
#8285=DIRECTION('center_axis',(0.,0.,1.));
#8286=DIRECTION('ref_axis',(-0.707106781186547,0.707106781186547,0.));
#8287=DIRECTION('',(0.,0.,-1.));
#8288=DIRECTION('center_axis',(-1.,0.,0.));
#8289=DIRECTION('ref_axis',(0.,1.,0.));
#8290=DIRECTION('',(0.,0.,-1.));
#8291=DIRECTION('',(0.,-1.,0.));
#8292=DIRECTION('center_axis',(0.,0.,-1.));
#8293=DIRECTION('ref_axis',(-0.707106781186547,-0.707106781186547,0.));
#8294=DIRECTION('',(0.,0.,1.));
#8295=DIRECTION('center_axis',(0.,0.,1.));
#8296=DIRECTION('ref_axis',(-0.707106781186547,-0.707106781186547,0.));
#8297=DIRECTION('center_axis',(1.,0.,0.));
#8298=DIRECTION('ref_axis',(0.,-1.,0.));
#8299=DIRECTION('',(0.,1.,0.));
#8300=DIRECTION('center_axis',(0.,0.,1.));
#8301=DIRECTION('ref_axis',(1.,0.,0.));
#8302=DIRECTION('',(-1.,0.,0.));
#8303=DIRECTION('',(1.,-2.50050230771432E-17,0.));
#8304=DIRECTION('',(0.,1.,0.));
#8305=DIRECTION('center_axis',(0.,0.,-1.));
#8306=DIRECTION('ref_axis',(-0.707106781186547,-0.707106781186548,0.));
#8307=DIRECTION('',(0.,-1.,0.));
#8308=DIRECTION('',(-1.,0.,0.));
#8309=DIRECTION('center_axis',(0.,0.,-1.));
#8310=DIRECTION('ref_axis',(-0.707106781186546,0.707106781186549,0.));
#8311=DIRECTION('',(0.,-1.,0.));
#8312=DIRECTION('center_axis',(0.,0.,-1.));
#8313=DIRECTION('ref_axis',(-0.707106781186545,-0.70710678118655,0.));
#8314=DIRECTION('',(1.,0.,0.));
#8315=DIRECTION('center_axis',(0.,0.,-1.));
#8316=DIRECTION('ref_axis',(0.707106781186547,-0.707106781186547,0.));
#8317=DIRECTION('',(0.,-1.,0.));
#8318=DIRECTION('center_axis',(0.,0.,-1.));
#8319=DIRECTION('ref_axis',(0.70710678118655,0.707106781186545,0.));
#8320=DIRECTION('',(1.,0.,0.));
#8321=DIRECTION('center_axis',(0.,0.,-1.));
#8322=DIRECTION('ref_axis',(0.707106781186547,-0.707106781186547,0.));
#8323=DIRECTION('',(0.,-1.,0.));
#8324=DIRECTION('center_axis',(0.,0.,-1.));
#8325=DIRECTION('ref_axis',(0.707106781186546,0.707106781186549,0.));
#8326=DIRECTION('',(-1.,0.,0.));
#8327=DIRECTION('center_axis',(0.,0.,-1.));
#8328=DIRECTION('ref_axis',(-0.707106781186547,0.707106781186547,0.));
#8329=DIRECTION('',(0.,-1.,0.));
#8330=DIRECTION('center_axis',(0.,0.,-1.));
#8331=DIRECTION('ref_axis',(-0.707106781186547,-0.707106781186547,0.));
#8332=DIRECTION('',(1.,0.,0.));
#8333=DIRECTION('center_axis',(0.,0.,-1.));
#8334=DIRECTION('ref_axis',(0.70710678118655,-0.707106781186545,0.));
#8335=DIRECTION('',(0.,-1.,0.));
#8336=DIRECTION('center_axis',(0.,0.,-1.));
#8337=DIRECTION('ref_axis',(0.707106781186547,0.707106781186547,0.));
#8338=DIRECTION('',(-1.,0.,0.));
#8339=DIRECTION('center_axis',(0.,0.,-1.));
#8340=DIRECTION('ref_axis',(-0.707106781186547,0.707106781186547,0.));
#8341=DIRECTION('',(0.,-1.,0.));
#8342=DIRECTION('center_axis',(0.,0.,-1.));
#8343=DIRECTION('ref_axis',(-0.707106781186547,-0.707106781186547,0.));
#8344=DIRECTION('',(1.,0.,0.));
#8345=DIRECTION('center_axis',(0.,0.,-1.));
#8346=DIRECTION('ref_axis',(0.707106781186545,-0.70710678118655,0.));
#8347=DIRECTION('',(0.,1.,0.));
#8348=DIRECTION('center_axis',(0.,0.,-1.));
#8349=DIRECTION('ref_axis',(0.707106781186546,0.707106781186549,0.));
#8350=DIRECTION('',(-1.,0.,0.));
#8351=DIRECTION('center_axis',(0.,0.,-1.));
#8352=DIRECTION('ref_axis',(-0.707106781186547,0.707106781186547,0.));
#8353=DIRECTION('',(0.,-1.,0.));
#8354=DIRECTION('center_axis',(0.,0.,-1.));
#8355=DIRECTION('ref_axis',(-0.707106781186547,-0.707106781186547,0.));
#8356=DIRECTION('',(-1.,0.,0.));
#8357=DIRECTION('center_axis',(0.,0.,-1.));
#8358=DIRECTION('ref_axis',(-0.707106781186545,0.70710678118655,0.));
#8359=DIRECTION('',(0.,-1.,0.));
#8360=DIRECTION('center_axis',(0.,0.,-1.));
#8361=DIRECTION('ref_axis',(-0.707106781186546,-0.707106781186549,0.));
#8362=DIRECTION('',(-1.,0.,0.));
#8363=DIRECTION('center_axis',(0.,0.,-1.));
#8364=DIRECTION('ref_axis',(0.707106781186546,-0.707106781186549,0.));
#8365=DIRECTION('',(0.,-1.,0.));
#8366=DIRECTION('center_axis',(0.,0.,-1.));
#8367=DIRECTION('ref_axis',(0.707106781186548,0.707106781186547,0.));
#8368=DIRECTION('',(-1.,0.,0.));
#8369=DIRECTION('center_axis',(0.,0.,-1.));
#8370=DIRECTION('ref_axis',(-0.707106781186548,0.707106781186547,0.));
#8371=DIRECTION('',(0.,-1.,0.));
#8372=DIRECTION('center_axis',(0.,0.,-1.));
#8373=DIRECTION('ref_axis',(-0.707106781186548,-0.707106781186547,0.));
#8374=DIRECTION('',(-1.,0.,0.));
#8375=DIRECTION('center_axis',(0.,0.,-1.));
#8376=DIRECTION('ref_axis',(0.707106781186549,-0.707106781186546,0.));
#8377=DIRECTION('',(0.,-1.,0.));
#8378=DIRECTION('center_axis',(0.,0.,-1.));
#8379=DIRECTION('ref_axis',(0.707106781186548,0.707106781186547,0.));
#8380=DIRECTION('',(-1.,0.,0.));
#8381=DIRECTION('center_axis',(0.,0.,-1.));
#8382=DIRECTION('ref_axis',(-0.707106781186548,0.707106781186547,0.));
#8383=DIRECTION('',(0.,-1.,0.));
#8384=DIRECTION('center_axis',(0.,0.,-1.));
#8385=DIRECTION('ref_axis',(-0.707106781186548,-0.707106781186547,0.));
#8386=DIRECTION('',(-1.,0.,0.));
#8387=DIRECTION('center_axis',(0.,0.,-1.));
#8388=DIRECTION('ref_axis',(0.707106781186548,-0.707106781186547,0.));
#8389=DIRECTION('',(0.,-1.,0.));
#8390=DIRECTION('center_axis',(0.,0.,-1.));
#8391=DIRECTION('ref_axis',(0.707106781186548,0.707106781186547,0.));
#8392=DIRECTION('',(-1.,0.,0.));
#8393=DIRECTION('center_axis',(0.,0.,-1.));
#8394=DIRECTION('ref_axis',(-0.707106781186548,0.707106781186547,0.));
#8395=DIRECTION('',(0.,-1.,0.));
#8396=DIRECTION('center_axis',(0.,0.,-1.));
#8397=DIRECTION('ref_axis',(-0.707106781186548,-0.707106781186547,0.));
#8398=DIRECTION('',(-1.,0.,0.));
#8399=DIRECTION('center_axis',(0.,0.,-1.));
#8400=DIRECTION('ref_axis',(0.707106781186548,-0.707106781186547,0.));
#8401=DIRECTION('',(0.,-1.,0.));
#8402=DIRECTION('center_axis',(0.,0.,-1.));
#8403=DIRECTION('ref_axis',(0.707106781186549,0.707106781186546,0.));
#8404=DIRECTION('',(-1.,0.,0.));
#8405=DIRECTION('center_axis',(0.,0.,-1.));
#8406=DIRECTION('ref_axis',(-0.707106781186545,0.70710678118655,0.));
#8407=DIRECTION('',(0.,-1.,0.));
#8408=DIRECTION('center_axis',(0.,0.,-1.));
#8409=DIRECTION('ref_axis',(-0.707106781186548,-0.707106781186547,0.));
#8410=DIRECTION('',(-1.,0.,0.));
#8411=DIRECTION('center_axis',(0.,0.,-1.));
#8412=DIRECTION('ref_axis',(0.707106781186548,-0.707106781186547,0.));
#8413=DIRECTION('',(0.,-1.,0.));
#8414=DIRECTION('center_axis',(0.,0.,-1.));
#8415=DIRECTION('ref_axis',(0.707106781186545,0.70710678118655,0.));
#8416=DIRECTION('',(0.,1.,0.));
#8417=DIRECTION('center_axis',(0.,0.,-1.));
#8418=DIRECTION('ref_axis',(0.707106781186545,0.70710678118655,0.));
#8419=DIRECTION('',(-1.,0.,0.));
#8420=DIRECTION('center_axis',(0.,0.,-1.));
#8421=DIRECTION('ref_axis',(-0.707106781186545,0.70710678118655,0.));
#8422=DIRECTION('',(0.,-1.,0.));
#8423=DIRECTION('center_axis',(0.,0.,-1.));
#8424=DIRECTION('ref_axis',(-0.707106781186548,-0.707106781186547,0.));
#8425=DIRECTION('',(-1.,0.,0.));
#8426=DIRECTION('center_axis',(0.,0.,-1.));
#8427=DIRECTION('ref_axis',(0.707106781186546,-0.707106781186549,0.));
#8428=DIRECTION('',(-1.,0.,0.));
#8429=DIRECTION('center_axis',(0.,0.,-1.));
#8430=DIRECTION('ref_axis',(-0.707106781186547,0.707106781186547,0.));
#8431=DIRECTION('',(0.,-1.,0.));
#8432=DIRECTION('center_axis',(0.,0.,-1.));
#8433=DIRECTION('ref_axis',(-0.707106781186548,-0.707106781186547,0.));
#8434=DIRECTION('',(-1.,0.,0.));
#8435=DIRECTION('center_axis',(0.,0.,-1.));
#8436=DIRECTION('ref_axis',(0.707106781186548,-0.707106781186547,0.));
#8437=DIRECTION('',(0.,-1.,0.));
#8438=DIRECTION('center_axis',(0.,0.,-1.));
#8439=DIRECTION('ref_axis',(0.707106781186547,0.707106781186547,0.));
#8440=DIRECTION('',(-1.,0.,0.));
#8441=DIRECTION('center_axis',(0.,0.,-1.));
#8442=DIRECTION('ref_axis',(-0.707106781186547,0.707106781186547,0.));
#8443=DIRECTION('',(0.,-1.,0.));
#8444=DIRECTION('center_axis',(0.,0.,-1.));
#8445=DIRECTION('ref_axis',(-0.707106781186548,-0.707106781186547,0.));
#8446=DIRECTION('',(-1.,0.,0.));
#8447=DIRECTION('center_axis',(0.,0.,-1.));
#8448=DIRECTION('ref_axis',(0.707106781186548,-0.707106781186547,0.));
#8449=DIRECTION('',(0.,-1.,0.));
#8450=DIRECTION('center_axis',(0.,0.,-1.));
#8451=DIRECTION('ref_axis',(0.707106781186547,0.707106781186547,0.));
#8452=DIRECTION('',(-1.,0.,0.));
#8453=DIRECTION('center_axis',(0.,0.,-1.));
#8454=DIRECTION('ref_axis',(-0.707106781186547,0.707106781186547,0.));
#8455=DIRECTION('',(0.,-1.,0.));
#8456=DIRECTION('center_axis',(0.,0.,-1.));
#8457=DIRECTION('ref_axis',(-0.707106781186548,-0.707106781186547,0.));
#8458=DIRECTION('',(-1.,0.,0.));
#8459=DIRECTION('center_axis',(0.,0.,-1.));
#8460=DIRECTION('ref_axis',(0.707106781186548,-0.707106781186547,0.));
#8461=DIRECTION('',(0.,-1.,0.));
#8462=DIRECTION('center_axis',(0.,0.,-1.));
#8463=DIRECTION('ref_axis',(0.707106781186548,0.707106781186547,0.));
#8464=DIRECTION('',(-1.,0.,0.));
#8465=DIRECTION('center_axis',(0.,0.,-1.));
#8466=DIRECTION('ref_axis',(-0.707106781186547,0.707106781186547,0.));
#8467=DIRECTION('',(0.,-1.,0.));
#8468=DIRECTION('center_axis',(0.,0.,-1.));
#8469=DIRECTION('ref_axis',(-0.707106781186548,-0.707106781186547,0.));
#8470=DIRECTION('',(-1.,0.,0.));
#8471=DIRECTION('center_axis',(0.,0.,-1.));
#8472=DIRECTION('ref_axis',(0.707106781186548,-0.707106781186547,0.));
#8473=DIRECTION('',(0.,-1.,0.));
#8474=DIRECTION('center_axis',(0.,0.,-1.));
#8475=DIRECTION('ref_axis',(0.707106781186547,0.707106781186547,0.));
#8476=DIRECTION('',(-1.,0.,0.));
#8477=DIRECTION('center_axis',(0.,0.,-1.));
#8478=DIRECTION('ref_axis',(-0.707106781186547,0.707106781186547,0.));
#8479=DIRECTION('',(0.,-1.,0.));
#8480=DIRECTION('center_axis',(0.,0.,-1.));
#8481=DIRECTION('ref_axis',(-0.707106781186548,-0.707106781186547,0.));
#8482=DIRECTION('',(-1.,0.,0.));
#8483=DIRECTION('center_axis',(0.,0.,-1.));
#8484=DIRECTION('ref_axis',(0.707106781186548,-0.707106781186547,0.));
#8485=DIRECTION('',(0.,-1.,0.));
#8486=DIRECTION('center_axis',(0.,0.,-1.));
#8487=DIRECTION('ref_axis',(0.707106781186547,0.707106781186547,0.));
#8488=DIRECTION('',(-1.,0.,0.));
#8489=DIRECTION('center_axis',(0.,0.,-1.));
#8490=DIRECTION('ref_axis',(-0.707106781186547,0.707106781186547,0.));
#8491=DIRECTION('',(0.,-1.,0.));
#8492=DIRECTION('center_axis',(0.,0.,-1.));
#8493=DIRECTION('ref_axis',(-0.707106781186548,-0.707106781186547,0.));
#8494=DIRECTION('',(-1.,0.,0.));
#8495=DIRECTION('center_axis',(0.,0.,-1.));
#8496=DIRECTION('ref_axis',(0.707106781186551,-0.707106781186544,0.));
#8497=DIRECTION('',(0.,-1.,0.));
#8498=DIRECTION('center_axis',(0.,0.,-1.));
#8499=DIRECTION('ref_axis',(0.70710678118655,0.707106781186545,0.));
#8500=DIRECTION('',(0.,-1.,0.));
#8501=DIRECTION('center_axis',(0.,0.,-1.));
#8502=DIRECTION('ref_axis',(-0.707106781186547,-0.707106781186548,0.));
#8503=DIRECTION('',(-1.,0.,0.));
#8504=DIRECTION('center_axis',(0.,0.,-1.));
#8505=DIRECTION('ref_axis',(0.707106781186548,-0.707106781186547,0.));
#8506=DIRECTION('',(0.,-1.,0.));
#8507=DIRECTION('center_axis',(0.,0.,-1.));
#8508=DIRECTION('ref_axis',(0.707106781186547,0.707106781186547,0.));
#8509=DIRECTION('',(-1.,0.,0.));
#8510=DIRECTION('center_axis',(0.,0.,-1.));
#8511=DIRECTION('ref_axis',(-0.707106781186546,0.707106781186549,0.));
#8512=DIRECTION('',(-1.,0.,0.));
#8513=DIRECTION('center_axis',(0.,0.,-1.));
#8514=DIRECTION('ref_axis',(-0.707106781186547,0.707106781186547,0.));
#8515=DIRECTION('',(0.,-1.,0.));
#8516=DIRECTION('center_axis',(0.,0.,-1.));
#8517=DIRECTION('ref_axis',(-0.707106781186548,-0.707106781186547,0.));
#8518=DIRECTION('',(-1.,0.,0.));
#8519=DIRECTION('center_axis',(0.,0.,-1.));
#8520=DIRECTION('ref_axis',(0.707106781186547,-0.707106781186548,0.));
#8521=DIRECTION('',(0.,-1.,0.));
#8522=DIRECTION('center_axis',(0.,0.,-1.));
#8523=DIRECTION('ref_axis',(0.707106781186546,0.707106781186549,0.));
#8524=DIRECTION('',(0.,-1.,0.));
#8525=DIRECTION('center_axis',(0.,0.,-1.));
#8526=DIRECTION('ref_axis',(-0.707106781186547,-0.707106781186548,0.));
#8527=DIRECTION('',(-1.,0.,0.));
#8528=DIRECTION('center_axis',(0.,0.,-1.));
#8529=DIRECTION('ref_axis',(0.707106781186546,-0.707106781186549,0.));
#8530=DIRECTION('',(0.,-1.,0.));
#8531=DIRECTION('center_axis',(0.,0.,-1.));
#8532=DIRECTION('ref_axis',(0.707106781186545,0.70710678118655,0.));
#8533=DIRECTION('',(-1.,0.,0.));
#8534=DIRECTION('center_axis',(0.,0.,-1.));
#8535=DIRECTION('ref_axis',(-0.707106781186546,0.707106781186549,0.));
#8536=DIRECTION('',(-1.,0.,0.));
#8537=DIRECTION('center_axis',(0.,0.,-1.));
#8538=DIRECTION('ref_axis',(-0.707106781186545,0.70710678118655,0.));
#8539=DIRECTION('',(0.,-1.,0.));
#8540=DIRECTION('center_axis',(0.,0.,-1.));
#8541=DIRECTION('ref_axis',(-0.707106781186546,-0.707106781186549,0.));
#8542=DIRECTION('',(-1.,0.,0.));
#8543=DIRECTION('center_axis',(0.,0.,-1.));
#8544=DIRECTION('ref_axis',(0.707106781186551,-0.707106781186544,0.));
#8545=DIRECTION('',(0.,-1.,0.));
#8546=DIRECTION('center_axis',(0.,0.,-1.));
#8547=DIRECTION('ref_axis',(0.70710678118655,0.707106781186545,0.));
#8548=DIRECTION('',(0.,-1.,0.));
#8549=DIRECTION('center_axis',(0.,0.,-1.));
#8550=DIRECTION('ref_axis',(-0.707106781186546,-0.707106781186549,0.));
#8551=DIRECTION('',(-1.,0.,0.));
#8552=DIRECTION('center_axis',(0.,0.,-1.));
#8553=DIRECTION('ref_axis',(0.707106781186545,-0.70710678118655,0.));
#8554=DIRECTION('',(0.,1.,0.));
#8555=DIRECTION('center_axis',(0.,0.,-1.));
#8556=DIRECTION('ref_axis',(0.707106781186545,0.70710678118655,0.));
#8557=DIRECTION('',(-1.,0.,0.));
#8558=DIRECTION('center_axis',(0.,0.,-1.));
#8559=DIRECTION('ref_axis',(-0.707106781186545,0.70710678118655,0.));
#8560=DIRECTION('',(-1.,0.,0.));
#8561=DIRECTION('center_axis',(0.,0.,-1.));
#8562=DIRECTION('ref_axis',(-0.707106781186545,0.70710678118655,0.));
#8563=DIRECTION('',(0.,-1.,0.));
#8564=DIRECTION('center_axis',(0.,0.,-1.));
#8565=DIRECTION('ref_axis',(-0.707106781186545,-0.70710678118655,0.));
#8566=DIRECTION('',(-1.,0.,0.));
#8567=DIRECTION('center_axis',(0.,0.,-1.));
#8568=DIRECTION('ref_axis',(0.707106781186548,-0.707106781186547,0.));
#8569=DIRECTION('',(0.,-1.,0.));
#8570=DIRECTION('center_axis',(0.,0.,-1.));
#8571=DIRECTION('ref_axis',(0.707106781186547,0.707106781186547,0.));
#8572=DIRECTION('',(0.,-1.,0.));
#8573=DIRECTION('center_axis',(0.,0.,-1.));
#8574=DIRECTION('ref_axis',(-0.707106781186551,-0.707106781186544,0.));
#8575=DIRECTION('',(-1.,0.,0.));
#8576=DIRECTION('center_axis',(0.,0.,-1.));
#8577=DIRECTION('ref_axis',(0.707106781186546,-0.707106781186549,0.));
#8578=DIRECTION('',(0.,-1.,0.));
#8579=DIRECTION('center_axis',(0.,0.,-1.));
#8580=DIRECTION('ref_axis',(0.707106781186545,0.70710678118655,0.));
#8581=DIRECTION('',(-1.,0.,0.));
#8582=DIRECTION('center_axis',(0.,0.,-1.));
#8583=DIRECTION('ref_axis',(-0.70710678118655,0.707106781186545,0.));
#8584=DIRECTION('',(-1.,0.,0.));
#8585=DIRECTION('center_axis',(0.,0.,-1.));
#8586=DIRECTION('ref_axis',(-0.707106781186547,0.707106781186548,0.));
#8587=DIRECTION('',(0.,-1.,0.));
#8588=DIRECTION('center_axis',(0.,0.,-1.));
#8589=DIRECTION('ref_axis',(-0.707106781186548,-0.707106781186548,0.));
#8590=DIRECTION('',(-1.,0.,0.));
#8591=DIRECTION('center_axis',(0.,0.,-1.));
#8592=DIRECTION('ref_axis',(0.707106781186547,-0.707106781186548,0.));
#8593=DIRECTION('',(0.,-1.,0.));
#8594=DIRECTION('center_axis',(0.,0.,-1.));
#8595=DIRECTION('ref_axis',(0.707106781186546,0.707106781186549,0.));
#8596=DIRECTION('',(0.,-1.,0.));
#8597=DIRECTION('center_axis',(0.,0.,-1.));
#8598=DIRECTION('ref_axis',(-0.707106781186547,-0.707106781186548,0.));
#8599=DIRECTION('',(-1.,0.,0.));
#8600=DIRECTION('center_axis',(0.,0.,-1.));
#8601=DIRECTION('ref_axis',(0.707106781186548,-0.707106781186548,0.));
#8602=DIRECTION('',(0.,-1.,0.));
#8603=DIRECTION('center_axis',(0.,0.,-1.));
#8604=DIRECTION('ref_axis',(0.707106781186547,0.707106781186548,0.));
#8605=DIRECTION('',(-1.,0.,0.));
#8606=DIRECTION('center_axis',(0.,0.,-1.));
#8607=DIRECTION('ref_axis',(-0.707106781186546,0.707106781186549,0.));
#8608=DIRECTION('',(-1.,0.,0.));
#8609=DIRECTION('center_axis',(0.,0.,-1.));
#8610=DIRECTION('ref_axis',(-0.707106781186547,0.707106781186547,0.));
#8611=DIRECTION('',(0.,-1.,0.));
#8612=DIRECTION('center_axis',(0.,0.,-1.));
#8613=DIRECTION('ref_axis',(-0.707106781186548,-0.707106781186547,0.));
#8614=DIRECTION('',(-1.,0.,0.));
#8615=DIRECTION('center_axis',(0.,0.,-1.));
#8616=DIRECTION('ref_axis',(0.707106781186547,-0.707106781186548,0.));
#8617=DIRECTION('',(0.,-1.,0.));
#8618=DIRECTION('center_axis',(0.,0.,-1.));
#8619=DIRECTION('ref_axis',(0.707106781186546,0.707106781186549,0.));
#8620=DIRECTION('',(0.,-1.,0.));
#8621=DIRECTION('center_axis',(0.,0.,-1.));
#8622=DIRECTION('ref_axis',(-0.707106781186551,-0.707106781186544,0.));
#8623=DIRECTION('',(-1.,0.,0.));
#8624=DIRECTION('center_axis',(0.,0.,-1.));
#8625=DIRECTION('ref_axis',(0.707106781186548,-0.707106781186547,0.));
#8626=DIRECTION('',(0.,-1.,0.));
#8627=DIRECTION('center_axis',(0.,0.,-1.));
#8628=DIRECTION('ref_axis',(0.707106781186547,0.707106781186547,0.));
#8629=DIRECTION('',(-1.,0.,0.));
#8630=DIRECTION('center_axis',(0.,0.,-1.));
#8631=DIRECTION('ref_axis',(-0.70710678118655,0.707106781186545,0.));
#8632=DIRECTION('',(-1.,0.,0.));
#8633=DIRECTION('center_axis',(0.,0.,-1.));
#8634=DIRECTION('ref_axis',(-0.707106781186545,0.70710678118655,0.));
#8635=DIRECTION('',(0.,-1.,0.));
#8636=DIRECTION('center_axis',(0.,0.,-1.));
#8637=DIRECTION('ref_axis',(-0.707106781186545,-0.70710678118655,0.));
#8638=DIRECTION('',(-1.,0.,0.));
#8639=DIRECTION('center_axis',(0.,0.,-1.));
#8640=DIRECTION('ref_axis',(0.707106781186548,-0.707106781186547,0.));
#8641=DIRECTION('',(0.,-1.,0.));
#8642=DIRECTION('center_axis',(0.,0.,-1.));
#8643=DIRECTION('ref_axis',(0.707106781186547,0.707106781186547,0.));
#8644=DIRECTION('',(0.,1.,0.));
#8645=DIRECTION('center_axis',(0.,0.,-1.));
#8646=DIRECTION('ref_axis',(0.707106781186545,0.70710678118655,0.));
#8647=DIRECTION('',(-1.,0.,0.));
#8648=DIRECTION('center_axis',(0.,0.,-1.));
#8649=DIRECTION('ref_axis',(-0.707106781186547,0.707106781186547,0.));
#8650=DIRECTION('',(0.,-1.,0.));
#8651=DIRECTION('center_axis',(0.,0.,-1.));
#8652=DIRECTION('ref_axis',(-0.707106781186548,-0.707106781186547,0.));
#8653=DIRECTION('',(-1.,0.,0.));
#8654=DIRECTION('center_axis',(0.,0.,-1.));
#8655=DIRECTION('ref_axis',(0.707106781186545,-0.70710678118655,0.));
#8656=DIRECTION('',(-1.,0.,0.));
#8657=DIRECTION('center_axis',(0.,0.,-1.));
#8658=DIRECTION('ref_axis',(-0.707106781186547,0.707106781186547,0.));
#8659=DIRECTION('',(0.,-1.,0.));
#8660=DIRECTION('center_axis',(0.,0.,-1.));
#8661=DIRECTION('ref_axis',(-0.707106781186548,-0.707106781186547,0.));
#8662=DIRECTION('',(-1.,0.,0.));
#8663=DIRECTION('center_axis',(0.,0.,-1.));
#8664=DIRECTION('ref_axis',(0.707106781186548,-0.707106781186547,0.));
#8665=DIRECTION('',(0.,-1.,0.));
#8666=DIRECTION('center_axis',(0.,0.,-1.));
#8667=DIRECTION('ref_axis',(0.707106781186547,0.707106781186547,0.));
#8668=DIRECTION('',(-1.,0.,0.));
#8669=DIRECTION('center_axis',(0.,0.,-1.));
#8670=DIRECTION('ref_axis',(-0.707106781186547,0.707106781186547,0.));
#8671=DIRECTION('',(0.,-1.,0.));
#8672=DIRECTION('center_axis',(0.,0.,-1.));
#8673=DIRECTION('ref_axis',(-0.707106781186548,-0.707106781186547,0.));
#8674=DIRECTION('',(-1.,0.,0.));
#8675=DIRECTION('center_axis',(0.,0.,-1.));
#8676=DIRECTION('ref_axis',(0.707106781186548,-0.707106781186547,0.));
#8677=DIRECTION('',(0.,-1.,0.));
#8678=DIRECTION('center_axis',(0.,0.,-1.));
#8679=DIRECTION('ref_axis',(0.707106781186547,0.707106781186547,0.));
#8680=DIRECTION('',(-1.,0.,0.));
#8681=DIRECTION('center_axis',(0.,0.,-1.));
#8682=DIRECTION('ref_axis',(-0.707106781186547,0.707106781186547,0.));
#8683=DIRECTION('',(0.,-1.,0.));
#8684=DIRECTION('center_axis',(0.,0.,-1.));
#8685=DIRECTION('ref_axis',(-0.707106781186548,-0.707106781186547,0.));
#8686=DIRECTION('',(-1.,0.,0.));
#8687=DIRECTION('center_axis',(0.,0.,-1.));
#8688=DIRECTION('ref_axis',(0.707106781186548,-0.707106781186547,0.));
#8689=DIRECTION('',(0.,-1.,0.));
#8690=DIRECTION('center_axis',(0.,0.,-1.));
#8691=DIRECTION('ref_axis',(0.707106781186547,0.707106781186547,0.));
#8692=DIRECTION('',(-1.,0.,0.));
#8693=DIRECTION('center_axis',(0.,0.,-1.));
#8694=DIRECTION('ref_axis',(-0.707106781186547,0.707106781186547,0.));
#8695=DIRECTION('',(0.,-1.,0.));
#8696=DIRECTION('center_axis',(0.,0.,-1.));
#8697=DIRECTION('ref_axis',(-0.707106781186548,-0.707106781186547,0.));
#8698=DIRECTION('',(-1.,0.,0.));
#8699=DIRECTION('center_axis',(0.,0.,-1.));
#8700=DIRECTION('ref_axis',(0.707106781186548,-0.707106781186547,0.));
#8701=DIRECTION('',(0.,-1.,0.));
#8702=DIRECTION('center_axis',(0.,0.,-1.));
#8703=DIRECTION('ref_axis',(0.707106781186547,0.707106781186547,0.));
#8704=DIRECTION('',(-1.,0.,0.));
#8705=DIRECTION('center_axis',(0.,0.,-1.));
#8706=DIRECTION('ref_axis',(-0.707106781186545,0.70710678118655,0.));
#8707=DIRECTION('',(0.,-1.,0.));
#8708=DIRECTION('center_axis',(0.,0.,-1.));
#8709=DIRECTION('ref_axis',(-0.707106781186548,-0.707106781186547,0.));
#8710=DIRECTION('',(-1.,0.,0.));
#8711=DIRECTION('center_axis',(0.,0.,-1.));
#8712=DIRECTION('ref_axis',(0.707106781186548,-0.707106781186547,0.));
#8713=DIRECTION('',(0.,-1.,0.));
#8714=DIRECTION('center_axis',(0.,0.,-1.));
#8715=DIRECTION('ref_axis',(0.707106781186545,0.70710678118655,0.));
#8716=DIRECTION('',(-1.,0.,0.));
#8717=DIRECTION('center_axis',(0.,0.,-1.));
#8718=DIRECTION('ref_axis',(-0.707106781186549,0.707106781186546,0.));
#8719=DIRECTION('',(0.,-1.,0.));
#8720=DIRECTION('center_axis',(0.,0.,-1.));
#8721=DIRECTION('ref_axis',(-0.707106781186548,-0.707106781186547,0.));
#8722=DIRECTION('',(-1.,0.,0.));
#8723=DIRECTION('center_axis',(0.,0.,-1.));
#8724=DIRECTION('ref_axis',(0.707106781186548,-0.707106781186547,0.));
#8725=DIRECTION('',(0.,-1.,0.));
#8726=DIRECTION('center_axis',(0.,0.,-1.));
#8727=DIRECTION('ref_axis',(0.707106781186547,0.707106781186549,0.));
#8728=DIRECTION('',(-1.,0.,0.));
#8729=DIRECTION('center_axis',(0.,0.,-1.));
#8730=DIRECTION('ref_axis',(-0.707106781186548,0.707106781186547,0.));
#8731=DIRECTION('',(0.,-1.,0.));
#8732=DIRECTION('center_axis',(0.,0.,-1.));
#8733=DIRECTION('ref_axis',(-0.707106781186548,-0.707106781186547,0.));
#8734=DIRECTION('',(-1.,0.,0.));
#8735=DIRECTION('center_axis',(0.,0.,-1.));
#8736=DIRECTION('ref_axis',(0.707106781186548,-0.707106781186547,0.));
#8737=DIRECTION('',(0.,-1.,0.));
#8738=DIRECTION('center_axis',(0.,0.,-1.));
#8739=DIRECTION('ref_axis',(0.707106781186548,0.707106781186547,0.));
#8740=DIRECTION('',(-1.,0.,0.));
#8741=DIRECTION('center_axis',(0.,0.,-1.));
#8742=DIRECTION('ref_axis',(-0.707106781186548,0.707106781186547,0.));
#8743=DIRECTION('',(0.,-1.,0.));
#8744=DIRECTION('center_axis',(0.,0.,-1.));
#8745=DIRECTION('ref_axis',(-0.707106781186549,-0.707106781186546,0.));
#8746=DIRECTION('',(-1.,0.,0.));
#8747=DIRECTION('center_axis',(0.,0.,-1.));
#8748=DIRECTION('ref_axis',(0.707106781186548,-0.707106781186547,0.));
#8749=DIRECTION('',(0.,-1.,0.));
#8750=DIRECTION('center_axis',(0.,0.,-1.));
#8751=DIRECTION('ref_axis',(0.707106781186548,0.707106781186547,0.));
#8752=DIRECTION('',(-1.,0.,0.));
#8753=DIRECTION('center_axis',(0.,0.,-1.));
#8754=DIRECTION('ref_axis',(-0.707106781186548,0.707106781186547,0.));
#8755=DIRECTION('',(0.,-1.,0.));
#8756=DIRECTION('center_axis',(0.,0.,-1.));
#8757=DIRECTION('ref_axis',(-0.707106781186546,-0.707106781186549,0.));
#8758=DIRECTION('',(-1.,0.,0.));
#8759=DIRECTION('center_axis',(0.,0.,-1.));
#8760=DIRECTION('ref_axis',(0.707106781186548,-0.707106781186547,0.));
#8761=DIRECTION('',(0.,-1.,0.));
#8762=DIRECTION('center_axis',(0.,0.,-1.));
#8763=DIRECTION('ref_axis',(0.707106781186548,0.707106781186547,0.));
#8764=DIRECTION('',(1.,0.,0.));
#8765=DIRECTION('center_axis',(0.,0.,-1.));
#8766=DIRECTION('ref_axis',(0.707106781186547,-0.707106781186547,0.));
#8767=DIRECTION('',(0.,-1.,0.));
#8768=DIRECTION('center_axis',(0.,0.,-1.));
#8769=DIRECTION('ref_axis',(0.707106781186547,0.707106781186547,0.));
#8770=DIRECTION('',(-1.,0.,0.));
#8771=DIRECTION('center_axis',(0.,0.,-1.));
#8772=DIRECTION('ref_axis',(-0.707106781186547,0.707106781186547,0.));
#8773=DIRECTION('',(0.,-1.,0.));
#8774=DIRECTION('center_axis',(0.,0.,-1.));
#8775=DIRECTION('ref_axis',(-0.70710678118655,-0.707106781186545,0.));
#8776=DIRECTION('',(1.,0.,0.));
#8777=DIRECTION('center_axis',(0.,0.,-1.));
#8778=DIRECTION('ref_axis',(0.707106781186546,-0.707106781186549,0.));
#8779=DIRECTION('',(0.,-1.,0.));
#8780=DIRECTION('center_axis',(0.,0.,-1.));
#8781=DIRECTION('ref_axis',(0.707106781186547,0.707106781186547,0.));
#8782=DIRECTION('',(-1.,0.,0.));
#8783=DIRECTION('center_axis',(0.,0.,-1.));
#8784=DIRECTION('ref_axis',(-0.707106781186547,0.707106781186547,0.));
#8785=DIRECTION('',(0.,-1.,0.));
#8786=DIRECTION('center_axis',(0.,0.,-1.));
#8787=DIRECTION('ref_axis',(-0.707106781186547,-0.707106781186547,0.));
#8788=DIRECTION('',(1.,0.,0.));
#8789=DIRECTION('center_axis',(0.,0.,-1.));
#8790=DIRECTION('ref_axis',(0.707106781186547,-0.707106781186547,0.));
#8791=DIRECTION('',(0.,-1.,0.));
#8792=DIRECTION('center_axis',(0.,0.,-1.));
#8793=DIRECTION('ref_axis',(0.707106781186547,0.707106781186547,0.));
#8794=DIRECTION('',(-1.,0.,0.));
#8795=DIRECTION('center_axis',(0.,0.,-1.));
#8796=DIRECTION('ref_axis',(-0.70710678118655,0.707106781186545,0.));
#8797=DIRECTION('',(0.,-1.,0.));
#8798=DIRECTION('center_axis',(0.,0.,-1.));
#8799=DIRECTION('ref_axis',(-0.707106781186547,-0.707106781186547,0.));
#8800=DIRECTION('center_axis',(-2.50050230771432E-17,-1.,0.));
#8801=DIRECTION('ref_axis',(-1.,2.50050230771432E-17,0.));
#8802=DIRECTION('center_axis',(0.,0.,-1.));
#8803=DIRECTION('ref_axis',(1.,0.,0.));
#8804=DIRECTION('center_axis',(0.,0.,-1.));
#8805=DIRECTION('ref_axis',(1.,0.,0.));
#8806=DIRECTION('',(0.,0.,-1.));
#8807=DIRECTION('center_axis',(0.,0.,-1.));
#8808=DIRECTION('ref_axis',(1.,0.,0.));
#8809=DIRECTION('center_axis',(0.,0.,1.));
#8810=DIRECTION('ref_axis',(1.,0.,0.));
#8811=DIRECTION('center_axis',(0.,0.,1.));
#8812=DIRECTION('ref_axis',(1.,0.,0.));
#8813=DIRECTION('center_axis',(0.,0.,-1.));
#8814=DIRECTION('ref_axis',(1.,0.,0.));
#8815=DIRECTION('center_axis',(0.,0.,-1.));
#8816=DIRECTION('ref_axis',(1.,0.,0.));
#8817=DIRECTION('',(0.,0.,-1.));
#8818=DIRECTION('center_axis',(0.,0.,-1.));
#8819=DIRECTION('ref_axis',(1.,0.,0.));
#8820=DIRECTION('center_axis',(0.,0.,1.));
#8821=DIRECTION('ref_axis',(1.,0.,0.));
#8822=DIRECTION('center_axis',(0.,0.,1.));
#8823=DIRECTION('ref_axis',(1.,0.,0.));
#8824=DIRECTION('center_axis',(0.,0.,-1.));
#8825=DIRECTION('ref_axis',(1.,0.,0.));
#8826=DIRECTION('center_axis',(0.,0.,-1.));
#8827=DIRECTION('ref_axis',(1.,0.,0.));
#8828=DIRECTION('',(0.,0.,-1.));
#8829=DIRECTION('center_axis',(0.,0.,-1.));
#8830=DIRECTION('ref_axis',(1.,0.,0.));
#8831=DIRECTION('center_axis',(0.,0.,1.));
#8832=DIRECTION('ref_axis',(1.,0.,0.));
#8833=DIRECTION('center_axis',(0.,0.,1.));
#8834=DIRECTION('ref_axis',(1.,0.,0.));
#8835=DIRECTION('center_axis',(0.,0.,-1.));
#8836=DIRECTION('ref_axis',(1.,0.,0.));
#8837=DIRECTION('center_axis',(0.,0.,-1.));
#8838=DIRECTION('ref_axis',(1.,0.,0.));
#8839=DIRECTION('',(0.,0.,-1.));
#8840=DIRECTION('center_axis',(0.,0.,-1.));
#8841=DIRECTION('ref_axis',(1.,0.,0.));
#8842=DIRECTION('center_axis',(0.,0.,1.));
#8843=DIRECTION('ref_axis',(1.,0.,0.));
#8844=DIRECTION('center_axis',(0.,0.,1.));
#8845=DIRECTION('ref_axis',(1.,0.,0.));
#8846=DIRECTION('center_axis',(0.,0.,1.));
#8847=DIRECTION('ref_axis',(1.,0.,0.));
#8848=DIRECTION('',(0.,0.,1.));
#8849=DIRECTION('center_axis',(0.,0.,1.));
#8850=DIRECTION('ref_axis',(1.,0.,0.));
#8851=DIRECTION('',(0.,0.,1.));
#8852=DIRECTION('center_axis',(0.,0.,1.));
#8853=DIRECTION('ref_axis',(1.,0.,0.));
#8854=DIRECTION('',(0.,0.,1.));
#8855=DIRECTION('center_axis',(0.,0.,1.));
#8856=DIRECTION('ref_axis',(1.,0.,0.));
#8857=DIRECTION('',(0.,0.,1.));
#8858=DIRECTION('center_axis',(0.,0.,-1.));
#8859=DIRECTION('ref_axis',(0.707106781186547,0.707106781186547,0.));
#8860=DIRECTION('center_axis',(0.,0.,1.));
#8861=DIRECTION('ref_axis',(0.707106781186547,0.707106781186547,0.));
#8862=DIRECTION('',(0.,0.,-1.));
#8863=DIRECTION('',(0.,0.,1.));
#8864=DIRECTION('center_axis',(0.,1.,0.));
#8865=DIRECTION('ref_axis',(-1.,0.,0.));
#8866=DIRECTION('',(-1.,0.,0.));
#8867=DIRECTION('',(0.,0.,1.));
#8868=DIRECTION('center_axis',(0.,0.,-1.));
#8869=DIRECTION('ref_axis',(0.707106781186546,0.707106781186549,0.));
#8870=DIRECTION('center_axis',(0.,0.,1.));
#8871=DIRECTION('ref_axis',(0.707106781186546,0.707106781186549,0.));
#8872=DIRECTION('',(0.,0.,-1.));
#8873=DIRECTION('',(0.,0.,1.));
#8874=DIRECTION('center_axis',(0.,1.,0.));
#8875=DIRECTION('ref_axis',(-1.,0.,0.));
#8876=DIRECTION('',(-1.,0.,0.));
#8877=DIRECTION('',(0.,0.,1.));
#8878=DIRECTION('center_axis',(0.,0.,1.));
#8879=DIRECTION('ref_axis',(0.70710678118655,0.707106781186545,0.));
#8880=DIRECTION('',(0.,0.,1.));
#8881=DIRECTION('center_axis',(0.,0.,1.));
#8882=DIRECTION('ref_axis',(0.70710678118655,0.707106781186545,0.));
#8883=DIRECTION('',(0.,0.,-1.));
#8884=DIRECTION('center_axis',(-1.,0.,0.));
#8885=DIRECTION('ref_axis',(0.,-1.,0.));
#8886=DIRECTION('',(0.,0.,-1.));
#8887=DIRECTION('',(0.,-1.,0.));
#8888=DIRECTION('center_axis',(0.,0.,1.));
#8889=DIRECTION('ref_axis',(0.707106781186547,0.707106781186547,0.));
#8890=DIRECTION('',(0.,0.,1.));
#8891=DIRECTION('center_axis',(0.,0.,1.));
#8892=DIRECTION('ref_axis',(0.707106781186547,0.707106781186547,0.));
#8893=DIRECTION('',(0.,0.,-1.));
#8894=DIRECTION('center_axis',(-1.,0.,0.));
#8895=DIRECTION('ref_axis',(0.,-1.,0.));
#8896=DIRECTION('',(0.,0.,-1.));
#8897=DIRECTION('',(0.,-1.,0.));
#8898=DIRECTION('center_axis',(0.,0.,1.));
#8899=DIRECTION('ref_axis',(0.707106781186546,0.707106781186549,0.));
#8900=DIRECTION('',(0.,0.,1.));
#8901=DIRECTION('center_axis',(0.,0.,1.));
#8902=DIRECTION('ref_axis',(0.707106781186546,0.707106781186549,0.));
#8903=DIRECTION('',(0.,0.,-1.));
#8904=DIRECTION('center_axis',(-1.,0.,0.));
#8905=DIRECTION('ref_axis',(0.,-1.,0.));
#8906=DIRECTION('',(0.,0.,-1.));
#8907=DIRECTION('',(0.,-1.,0.));
#8908=DIRECTION('center_axis',(0.,0.,1.));
#8909=DIRECTION('ref_axis',(0.707106781186547,0.707106781186547,0.));
#8910=DIRECTION('',(0.,0.,1.));
#8911=DIRECTION('center_axis',(0.,0.,1.));
#8912=DIRECTION('ref_axis',(0.707106781186547,0.707106781186547,0.));
#8913=DIRECTION('',(0.,0.,-1.));
#8914=DIRECTION('center_axis',(-1.,0.,0.));
#8915=DIRECTION('ref_axis',(0.,-1.,0.));
#8916=DIRECTION('',(0.,0.,-1.));
#8917=DIRECTION('',(0.,-1.,0.));
#8918=DIRECTION('center_axis',(0.,0.,1.));
#8919=DIRECTION('ref_axis',(0.707106781186547,0.707106781186547,0.));
#8920=DIRECTION('',(0.,0.,1.));
#8921=DIRECTION('center_axis',(0.,0.,1.));
#8922=DIRECTION('ref_axis',(0.707106781186547,0.707106781186547,0.));
#8923=DIRECTION('',(0.,0.,-1.));
#8924=DIRECTION('center_axis',(-1.,0.,0.));
#8925=DIRECTION('ref_axis',(0.,-1.,0.));
#8926=DIRECTION('',(0.,0.,-1.));
#8927=DIRECTION('',(0.,-1.,0.));
#8928=DIRECTION('center_axis',(0.,0.,1.));
#8929=DIRECTION('ref_axis',(0.707106781186547,0.707106781186547,0.));
#8930=DIRECTION('',(0.,0.,1.));
#8931=DIRECTION('center_axis',(0.,0.,1.));
#8932=DIRECTION('ref_axis',(0.707106781186547,0.707106781186547,0.));
#8933=DIRECTION('',(0.,0.,-1.));
#8934=DIRECTION('center_axis',(-1.,0.,0.));
#8935=DIRECTION('ref_axis',(0.,-1.,0.));
#8936=DIRECTION('',(0.,0.,-1.));
#8937=DIRECTION('',(0.,-1.,0.));
#8938=DIRECTION('center_axis',(0.,0.,-1.));
#8939=DIRECTION('ref_axis',(0.707106781186546,0.707106781186549,0.));
#8940=DIRECTION('center_axis',(0.,0.,1.));
#8941=DIRECTION('ref_axis',(0.707106781186546,0.707106781186549,0.));
#8942=DIRECTION('',(0.,0.,-1.));
#8943=DIRECTION('',(0.,0.,1.));
#8944=DIRECTION('center_axis',(0.,1.,0.));
#8945=DIRECTION('ref_axis',(-1.,0.,0.));
#8946=DIRECTION('',(-1.,0.,0.));
#8947=DIRECTION('',(0.,0.,1.));
#8948=DIRECTION('center_axis',(0.,0.,-1.));
#8949=DIRECTION('ref_axis',(0.707106781186545,0.70710678118655,0.));
#8950=DIRECTION('center_axis',(0.,0.,1.));
#8951=DIRECTION('ref_axis',(0.707106781186545,0.70710678118655,0.));
#8952=DIRECTION('',(0.,0.,-1.));
#8953=DIRECTION('',(0.,0.,1.));
#8954=DIRECTION('center_axis',(0.,-1.,0.));
#8955=DIRECTION('ref_axis',(1.,0.,0.));
#8956=DIRECTION('',(1.,0.,0.));
#8957=DIRECTION('',(0.,0.,1.));
#8958=DIRECTION('center_axis',(0.,0.,1.));
#8959=DIRECTION('ref_axis',(0.707106781186545,0.70710678118655,0.));
#8960=DIRECTION('',(0.,0.,1.));
#8961=DIRECTION('center_axis',(0.,0.,1.));
#8962=DIRECTION('ref_axis',(0.707106781186545,0.70710678118655,0.));
#8963=DIRECTION('',(0.,0.,-1.));
#8964=DIRECTION('center_axis',(-1.,0.,0.));
#8965=DIRECTION('ref_axis',(0.,-1.,0.));
#8966=DIRECTION('',(0.,0.,-1.));
#8967=DIRECTION('',(0.,-1.,0.));
#8968=DIRECTION('center_axis',(0.,0.,1.));
#8969=DIRECTION('ref_axis',(0.707106781186545,0.70710678118655,0.));
#8970=DIRECTION('',(0.,0.,1.));
#8971=DIRECTION('center_axis',(0.,0.,1.));
#8972=DIRECTION('ref_axis',(0.707106781186545,0.70710678118655,0.));
#8973=DIRECTION('',(0.,0.,-1.));
#8974=DIRECTION('center_axis',(-1.,0.,0.));
#8975=DIRECTION('ref_axis',(0.,-1.,0.));
#8976=DIRECTION('',(0.,0.,-1.));
#8977=DIRECTION('',(0.,-1.,0.));
#8978=DIRECTION('center_axis',(0.,0.,1.));
#8979=DIRECTION('ref_axis',(0.707106781186547,0.707106781186549,0.));
#8980=DIRECTION('',(0.,0.,1.));
#8981=DIRECTION('center_axis',(0.,0.,1.));
#8982=DIRECTION('ref_axis',(0.707106781186547,0.707106781186549,0.));
#8983=DIRECTION('',(0.,0.,-1.));
#8984=DIRECTION('center_axis',(-1.,0.,0.));
#8985=DIRECTION('ref_axis',(0.,-1.,0.));
#8986=DIRECTION('',(0.,0.,-1.));
#8987=DIRECTION('',(0.,-1.,0.));
#8988=DIRECTION('center_axis',(0.,0.,1.));
#8989=DIRECTION('ref_axis',(0.707106781186549,0.707106781186546,0.));
#8990=DIRECTION('',(0.,0.,1.));
#8991=DIRECTION('center_axis',(0.,0.,1.));
#8992=DIRECTION('ref_axis',(0.707106781186549,0.707106781186546,0.));
#8993=DIRECTION('',(0.,0.,-1.));
#8994=DIRECTION('center_axis',(-1.,0.,0.));
#8995=DIRECTION('ref_axis',(0.,-1.,0.));
#8996=DIRECTION('',(0.,0.,-1.));
#8997=DIRECTION('',(0.,-1.,0.));
#8998=DIRECTION('center_axis',(0.,0.,1.));
#8999=DIRECTION('ref_axis',(0.707106781186548,0.707106781186547,0.));
#9000=DIRECTION('',(0.,0.,1.));
#9001=DIRECTION('center_axis',(0.,0.,1.));
#9002=DIRECTION('ref_axis',(0.707106781186548,0.707106781186547,0.));
#9003=DIRECTION('',(0.,0.,-1.));
#9004=DIRECTION('center_axis',(-1.,0.,0.));
#9005=DIRECTION('ref_axis',(0.,-1.,0.));
#9006=DIRECTION('',(0.,0.,-1.));
#9007=DIRECTION('',(0.,-1.,0.));
#9008=DIRECTION('center_axis',(0.,0.,1.));
#9009=DIRECTION('ref_axis',(0.707106781186548,0.707106781186547,0.));
#9010=DIRECTION('',(0.,0.,1.));
#9011=DIRECTION('center_axis',(0.,0.,1.));
#9012=DIRECTION('ref_axis',(0.707106781186548,0.707106781186547,0.));
#9013=DIRECTION('',(0.,0.,-1.));
#9014=DIRECTION('center_axis',(-1.,0.,0.));
#9015=DIRECTION('ref_axis',(0.,-1.,0.));
#9016=DIRECTION('',(0.,0.,-1.));
#9017=DIRECTION('',(0.,-1.,0.));
#9018=DIRECTION('center_axis',(0.,0.,1.));
#9019=DIRECTION('ref_axis',(0.707106781186548,0.707106781186547,0.));
#9020=DIRECTION('',(0.,0.,1.));
#9021=DIRECTION('center_axis',(0.,0.,1.));
#9022=DIRECTION('ref_axis',(0.707106781186548,0.707106781186547,0.));
#9023=DIRECTION('',(0.,0.,-1.));
#9024=DIRECTION('center_axis',(-1.,0.,0.));
#9025=DIRECTION('ref_axis',(0.,-1.,0.));
#9026=DIRECTION('',(0.,0.,-1.));
#9027=DIRECTION('',(0.,-1.,0.));
#9028=DIRECTION('center_axis',(0.,0.,1.));
#9029=DIRECTION('ref_axis',(0.707106781186548,0.707106781186547,0.));
#9030=DIRECTION('',(0.,0.,1.));
#9031=DIRECTION('center_axis',(0.,0.,1.));
#9032=DIRECTION('ref_axis',(0.707106781186548,0.707106781186547,0.));
#9033=DIRECTION('',(0.,0.,-1.));
#9034=DIRECTION('center_axis',(-1.,0.,0.));
#9035=DIRECTION('ref_axis',(0.,-1.,0.));
#9036=DIRECTION('',(0.,0.,-1.));
#9037=DIRECTION('',(0.,-1.,0.));
#9038=DIRECTION('center_axis',(0.,0.,1.));
#9039=DIRECTION('ref_axis',(0.707106781186548,0.707106781186547,0.));
#9040=DIRECTION('',(0.,0.,1.));
#9041=DIRECTION('center_axis',(0.,0.,1.));
#9042=DIRECTION('ref_axis',(0.707106781186548,0.707106781186547,0.));
#9043=DIRECTION('',(0.,0.,-1.));
#9044=DIRECTION('center_axis',(-1.,0.,0.));
#9045=DIRECTION('ref_axis',(0.,-1.,0.));
#9046=DIRECTION('',(0.,0.,-1.));
#9047=DIRECTION('',(0.,-1.,0.));
#9048=DIRECTION('center_axis',(0.,0.,1.));
#9049=DIRECTION('ref_axis',(0.707106781186548,0.707106781186547,0.));
#9050=DIRECTION('',(0.,0.,1.));
#9051=DIRECTION('center_axis',(0.,0.,1.));
#9052=DIRECTION('ref_axis',(0.707106781186548,0.707106781186547,0.));
#9053=DIRECTION('',(0.,0.,-1.));
#9054=DIRECTION('center_axis',(-1.,0.,0.));
#9055=DIRECTION('ref_axis',(0.,-1.,0.));
#9056=DIRECTION('',(0.,0.,-1.));
#9057=DIRECTION('',(0.,-1.,0.));
#9058=DIRECTION('center_axis',(0.,0.,1.));
#9059=DIRECTION('ref_axis',(0.707106781186545,0.70710678118655,0.));
#9060=DIRECTION('',(0.,0.,1.));
#9061=DIRECTION('center_axis',(0.,0.,1.));
#9062=DIRECTION('ref_axis',(0.707106781186545,0.70710678118655,0.));
#9063=DIRECTION('',(0.,0.,-1.));
#9064=DIRECTION('center_axis',(1.,0.,0.));
#9065=DIRECTION('ref_axis',(0.,1.,0.));
#9066=DIRECTION('',(0.,0.,-1.));
#9067=DIRECTION('',(0.,1.,0.));
#9068=DIRECTION('center_axis',(0.,0.,1.));
#9069=DIRECTION('ref_axis',(0.707106781186547,0.707106781186547,0.));
#9070=DIRECTION('',(0.,0.,1.));
#9071=DIRECTION('center_axis',(0.,0.,1.));
#9072=DIRECTION('ref_axis',(0.707106781186547,0.707106781186547,0.));
#9073=DIRECTION('',(0.,0.,-1.));
#9074=DIRECTION('center_axis',(-1.,0.,0.));
#9075=DIRECTION('ref_axis',(0.,-1.,0.));
#9076=DIRECTION('',(0.,0.,-1.));
#9077=DIRECTION('',(0.,-1.,0.));
#9078=DIRECTION('center_axis',(0.,0.,1.));
#9079=DIRECTION('ref_axis',(0.707106781186547,0.707106781186547,0.));
#9080=DIRECTION('',(0.,0.,1.));
#9081=DIRECTION('center_axis',(0.,0.,1.));
#9082=DIRECTION('ref_axis',(0.707106781186547,0.707106781186547,0.));
#9083=DIRECTION('',(0.,0.,-1.));
#9084=DIRECTION('center_axis',(-1.,0.,0.));
#9085=DIRECTION('ref_axis',(0.,-1.,0.));
#9086=DIRECTION('',(0.,0.,-1.));
#9087=DIRECTION('',(0.,-1.,0.));
#9088=DIRECTION('center_axis',(0.,0.,1.));
#9089=DIRECTION('ref_axis',(0.707106781186547,0.707106781186547,0.));
#9090=DIRECTION('',(0.,0.,1.));
#9091=DIRECTION('center_axis',(0.,0.,1.));
#9092=DIRECTION('ref_axis',(0.707106781186547,0.707106781186547,0.));
#9093=DIRECTION('',(0.,0.,-1.));
#9094=DIRECTION('center_axis',(-1.,0.,0.));
#9095=DIRECTION('ref_axis',(0.,-1.,0.));
#9096=DIRECTION('',(0.,0.,-1.));
#9097=DIRECTION('',(0.,-1.,0.));
#9098=DIRECTION('center_axis',(0.,0.,1.));
#9099=DIRECTION('ref_axis',(0.707106781186547,0.707106781186547,0.));
#9100=DIRECTION('',(0.,0.,1.));
#9101=DIRECTION('center_axis',(0.,0.,1.));
#9102=DIRECTION('ref_axis',(0.707106781186547,0.707106781186547,0.));
#9103=DIRECTION('',(0.,0.,-1.));
#9104=DIRECTION('center_axis',(-1.,0.,0.));
#9105=DIRECTION('ref_axis',(0.,-1.,0.));
#9106=DIRECTION('',(0.,0.,-1.));
#9107=DIRECTION('',(0.,-1.,0.));
#9108=DIRECTION('center_axis',(0.,0.,1.));
#9109=DIRECTION('ref_axis',(0.707106781186548,0.707106781186547,0.));
#9110=DIRECTION('',(0.,0.,1.));
#9111=DIRECTION('center_axis',(0.,0.,1.));
#9112=DIRECTION('ref_axis',(0.707106781186548,0.707106781186547,0.));
#9113=DIRECTION('',(0.,0.,-1.));
#9114=DIRECTION('center_axis',(-1.,0.,0.));
#9115=DIRECTION('ref_axis',(0.,-1.,0.));
#9116=DIRECTION('',(0.,0.,-1.));
#9117=DIRECTION('',(0.,-1.,0.));
#9118=DIRECTION('center_axis',(0.,0.,1.));
#9119=DIRECTION('ref_axis',(0.707106781186547,0.707106781186547,0.));
#9120=DIRECTION('',(0.,0.,1.));
#9121=DIRECTION('center_axis',(0.,0.,1.));
#9122=DIRECTION('ref_axis',(0.707106781186547,0.707106781186547,0.));
#9123=DIRECTION('',(0.,0.,-1.));
#9124=DIRECTION('center_axis',(-1.,0.,0.));
#9125=DIRECTION('ref_axis',(0.,-1.,0.));
#9126=DIRECTION('',(0.,0.,-1.));
#9127=DIRECTION('',(0.,-1.,0.));
#9128=DIRECTION('center_axis',(0.,0.,1.));
#9129=DIRECTION('ref_axis',(0.707106781186547,0.707106781186547,0.));
#9130=DIRECTION('',(0.,0.,1.));
#9131=DIRECTION('center_axis',(0.,0.,1.));
#9132=DIRECTION('ref_axis',(0.707106781186547,0.707106781186547,0.));
#9133=DIRECTION('',(0.,0.,-1.));
#9134=DIRECTION('center_axis',(-1.,0.,0.));
#9135=DIRECTION('ref_axis',(0.,-1.,0.));
#9136=DIRECTION('',(0.,0.,-1.));
#9137=DIRECTION('',(0.,-1.,0.));
#9138=DIRECTION('center_axis',(0.,0.,1.));
#9139=DIRECTION('ref_axis',(0.707106781186547,0.707106781186547,0.));
#9140=DIRECTION('',(0.,0.,1.));
#9141=DIRECTION('center_axis',(0.,0.,1.));
#9142=DIRECTION('ref_axis',(0.707106781186547,0.707106781186547,0.));
#9143=DIRECTION('',(0.,0.,-1.));
#9144=DIRECTION('center_axis',(-1.,0.,0.));
#9145=DIRECTION('ref_axis',(0.,-1.,0.));
#9146=DIRECTION('',(0.,0.,-1.));
#9147=DIRECTION('',(0.,-1.,0.));
#9148=DIRECTION('center_axis',(0.,0.,1.));
#9149=DIRECTION('ref_axis',(0.707106781186547,0.707106781186547,0.));
#9150=DIRECTION('',(0.,0.,1.));
#9151=DIRECTION('center_axis',(0.,0.,1.));
#9152=DIRECTION('ref_axis',(0.707106781186547,0.707106781186547,0.));
#9153=DIRECTION('',(0.,0.,-1.));
#9154=DIRECTION('center_axis',(-1.,0.,0.));
#9155=DIRECTION('ref_axis',(0.,-1.,0.));
#9156=DIRECTION('',(0.,0.,-1.));
#9157=DIRECTION('',(0.,-1.,0.));
#9158=DIRECTION('center_axis',(0.,0.,1.));
#9159=DIRECTION('ref_axis',(0.707106781186547,0.707106781186547,0.));
#9160=DIRECTION('',(0.,0.,1.));
#9161=DIRECTION('center_axis',(0.,0.,1.));
#9162=DIRECTION('ref_axis',(0.707106781186547,0.707106781186547,0.));
#9163=DIRECTION('',(0.,0.,-1.));
#9164=DIRECTION('center_axis',(-1.,0.,0.));
#9165=DIRECTION('ref_axis',(0.,-1.,0.));
#9166=DIRECTION('',(0.,0.,-1.));
#9167=DIRECTION('',(0.,-1.,0.));
#9168=DIRECTION('center_axis',(0.,0.,1.));
#9169=DIRECTION('ref_axis',(0.707106781186545,0.70710678118655,0.));
#9170=DIRECTION('',(0.,0.,1.));
#9171=DIRECTION('center_axis',(0.,0.,1.));
#9172=DIRECTION('ref_axis',(0.707106781186545,0.70710678118655,0.));
#9173=DIRECTION('',(0.,0.,-1.));
#9174=DIRECTION('center_axis',(1.,0.,0.));
#9175=DIRECTION('ref_axis',(0.,1.,0.));
#9176=DIRECTION('',(0.,0.,-1.));
#9177=DIRECTION('',(0.,1.,0.));
#9178=DIRECTION('center_axis',(0.,0.,-1.));
#9179=DIRECTION('ref_axis',(0.707106781186545,0.70710678118655,0.));
#9180=DIRECTION('center_axis',(0.,0.,1.));
#9181=DIRECTION('ref_axis',(0.707106781186545,0.70710678118655,0.));
#9182=DIRECTION('',(0.,0.,-1.));
#9183=DIRECTION('',(0.,0.,1.));
#9184=DIRECTION('center_axis',(0.,1.,0.));
#9185=DIRECTION('ref_axis',(-1.,0.,0.));
#9186=DIRECTION('',(-1.,0.,0.));
#9187=DIRECTION('',(0.,0.,1.));
#9188=DIRECTION('center_axis',(0.,0.,-1.));
#9189=DIRECTION('ref_axis',(0.70710678118655,0.707106781186545,0.));
#9190=DIRECTION('center_axis',(0.,0.,1.));
#9191=DIRECTION('ref_axis',(0.70710678118655,0.707106781186545,0.));
#9192=DIRECTION('',(0.,0.,-1.));
#9193=DIRECTION('',(0.,0.,1.));
#9194=DIRECTION('center_axis',(0.,1.,0.));
#9195=DIRECTION('ref_axis',(-1.,0.,0.));
#9196=DIRECTION('',(-1.,0.,0.));
#9197=DIRECTION('',(0.,0.,1.));
#9198=DIRECTION('center_axis',(0.,0.,-1.));
#9199=DIRECTION('ref_axis',(0.707106781186545,0.70710678118655,0.));
#9200=DIRECTION('center_axis',(0.,0.,1.));
#9201=DIRECTION('ref_axis',(0.707106781186545,0.70710678118655,0.));
#9202=DIRECTION('',(0.,0.,-1.));
#9203=DIRECTION('',(0.,0.,1.));
#9204=DIRECTION('center_axis',(0.,1.,0.));
#9205=DIRECTION('ref_axis',(-1.,0.,0.));
#9206=DIRECTION('',(-1.,0.,0.));
#9207=DIRECTION('',(0.,0.,1.));
#9208=DIRECTION('center_axis',(0.,0.,-1.));
#9209=DIRECTION('ref_axis',(0.707106781186546,0.707106781186549,0.));
#9210=DIRECTION('center_axis',(0.,0.,1.));
#9211=DIRECTION('ref_axis',(0.707106781186546,0.707106781186549,0.));
#9212=DIRECTION('',(0.,0.,-1.));
#9213=DIRECTION('',(0.,0.,1.));
#9214=DIRECTION('center_axis',(0.,1.,0.));
#9215=DIRECTION('ref_axis',(-1.,0.,0.));
#9216=DIRECTION('',(-1.,0.,0.));
#9217=DIRECTION('',(0.,0.,1.));
#9218=DIRECTION('center_axis',(0.,0.,-1.));
#9219=DIRECTION('ref_axis',(0.707106781186547,0.707106781186548,0.));
#9220=DIRECTION('center_axis',(0.,0.,1.));
#9221=DIRECTION('ref_axis',(0.707106781186547,0.707106781186548,0.));
#9222=DIRECTION('',(0.,0.,-1.));
#9223=DIRECTION('',(0.,0.,1.));
#9224=DIRECTION('center_axis',(0.,1.,0.));
#9225=DIRECTION('ref_axis',(-1.,0.,0.));
#9226=DIRECTION('',(-1.,0.,0.));
#9227=DIRECTION('',(0.,0.,1.));
#9228=DIRECTION('center_axis',(0.,0.,-1.));
#9229=DIRECTION('ref_axis',(0.707106781186546,0.707106781186549,0.));
#9230=DIRECTION('center_axis',(0.,0.,1.));
#9231=DIRECTION('ref_axis',(0.707106781186546,0.707106781186549,0.));
#9232=DIRECTION('',(0.,0.,-1.));
#9233=DIRECTION('',(0.,0.,1.));
#9234=DIRECTION('center_axis',(0.,1.,0.));
#9235=DIRECTION('ref_axis',(-1.,0.,0.));
#9236=DIRECTION('',(-1.,0.,0.));
#9237=DIRECTION('',(0.,0.,1.));
#9238=DIRECTION('center_axis',(0.,0.,-1.));
#9239=DIRECTION('ref_axis',(0.707106781186547,0.707106781186547,0.));
#9240=DIRECTION('center_axis',(0.,0.,1.));
#9241=DIRECTION('ref_axis',(0.707106781186547,0.707106781186547,0.));
#9242=DIRECTION('',(0.,0.,-1.));
#9243=DIRECTION('',(0.,0.,1.));
#9244=DIRECTION('center_axis',(0.,1.,0.));
#9245=DIRECTION('ref_axis',(-1.,0.,0.));
#9246=DIRECTION('',(-1.,0.,0.));
#9247=DIRECTION('',(0.,0.,1.));
#9248=DIRECTION('center_axis',(0.,0.,-1.));
#9249=DIRECTION('ref_axis',(0.70710678118655,0.707106781186545,0.));
#9250=DIRECTION('center_axis',(0.,0.,1.));
#9251=DIRECTION('ref_axis',(0.70710678118655,0.707106781186545,0.));
#9252=DIRECTION('',(0.,0.,-1.));
#9253=DIRECTION('',(0.,0.,1.));
#9254=DIRECTION('center_axis',(0.,1.,0.));
#9255=DIRECTION('ref_axis',(-1.,0.,0.));
#9256=DIRECTION('',(-1.,0.,0.));
#9257=DIRECTION('',(0.,0.,1.));
#9258=DIRECTION('center_axis',(0.,0.,-1.));
#9259=DIRECTION('ref_axis',(0.707106781186547,0.707106781186547,0.));
#9260=DIRECTION('center_axis',(0.,0.,1.));
#9261=DIRECTION('ref_axis',(0.707106781186547,0.707106781186547,0.));
#9262=DIRECTION('',(0.,0.,-1.));
#9263=DIRECTION('',(0.,0.,1.));
#9264=DIRECTION('center_axis',(0.,1.,0.));
#9265=DIRECTION('ref_axis',(-1.,0.,0.));
#9266=DIRECTION('',(-1.,0.,0.));
#9267=DIRECTION('',(0.,0.,1.));
#9268=DIRECTION('center_axis',(0.,0.,-1.));
#9269=DIRECTION('ref_axis',(0.707106781186547,-0.707106781186547,0.));
#9270=DIRECTION('center_axis',(0.,0.,1.));
#9271=DIRECTION('ref_axis',(0.707106781186547,-0.707106781186547,0.));
#9272=DIRECTION('',(0.,0.,1.));
#9273=DIRECTION('center_axis',(0.,0.,-1.));
#9274=DIRECTION('ref_axis',(0.707106781186547,-0.707106781186547,0.));
#9275=DIRECTION('center_axis',(0.,0.,1.));
#9276=DIRECTION('ref_axis',(0.707106781186547,-0.707106781186547,0.));
#9277=DIRECTION('',(0.,0.,1.));
#9278=DIRECTION('center_axis',(0.,0.,-1.));
#9279=DIRECTION('ref_axis',(0.707106781186547,-0.707106781186547,0.));
#9280=DIRECTION('center_axis',(0.,0.,1.));
#9281=DIRECTION('ref_axis',(0.707106781186547,-0.707106781186547,0.));
#9282=DIRECTION('',(0.,0.,1.));
#9283=DIRECTION('center_axis',(0.,0.,-1.));
#9284=DIRECTION('ref_axis',(0.707106781186546,-0.707106781186549,0.));
#9285=DIRECTION('center_axis',(0.,0.,1.));
#9286=DIRECTION('ref_axis',(0.707106781186546,-0.707106781186549,0.));
#9287=DIRECTION('',(0.,0.,1.));
#9288=DIRECTION('center_axis',(0.,0.,-1.));
#9289=DIRECTION('ref_axis',(0.70710678118655,-0.707106781186545,0.));
#9290=DIRECTION('center_axis',(0.,0.,1.));
#9291=DIRECTION('ref_axis',(0.70710678118655,-0.707106781186545,0.));
#9292=DIRECTION('',(0.,0.,1.));
#9293=DIRECTION('center_axis',(0.,0.,-1.));
#9294=DIRECTION('ref_axis',(0.707106781186547,-0.707106781186547,0.));
#9295=DIRECTION('center_axis',(0.,0.,1.));
#9296=DIRECTION('ref_axis',(0.707106781186547,-0.707106781186547,0.));
#9297=DIRECTION('',(0.,0.,1.));
#9298=DIRECTION('center_axis',(0.,0.,1.));
#9299=DIRECTION('ref_axis',(0.707106781186545,-0.70710678118655,0.));
#9300=DIRECTION('',(0.,0.,1.));
#9301=DIRECTION('center_axis',(0.,0.,1.));
#9302=DIRECTION('ref_axis',(0.707106781186545,-0.70710678118655,0.));
#9303=DIRECTION('',(0.,0.,-1.));
#9304=DIRECTION('center_axis',(0.,-1.,0.));
#9305=DIRECTION('ref_axis',(1.,0.,0.));
#9306=DIRECTION('',(0.,0.,-1.));
#9307=DIRECTION('',(1.,0.,0.));
#9308=DIRECTION('center_axis',(0.,0.,1.));
#9309=DIRECTION('ref_axis',(0.707106781186546,-0.707106781186549,0.));
#9310=DIRECTION('',(0.,0.,1.));
#9311=DIRECTION('center_axis',(0.,0.,1.));
#9312=DIRECTION('ref_axis',(0.707106781186546,-0.707106781186549,0.));
#9313=DIRECTION('',(0.,0.,-1.));
#9314=DIRECTION('center_axis',(0.,1.,0.));
#9315=DIRECTION('ref_axis',(-1.,0.,0.));
#9316=DIRECTION('',(0.,0.,-1.));
#9317=DIRECTION('',(-1.,0.,0.));
#9318=DIRECTION('center_axis',(0.,0.,-1.));
#9319=DIRECTION('ref_axis',(0.707106781186548,-0.707106781186547,0.));
#9320=DIRECTION('center_axis',(0.,0.,1.));
#9321=DIRECTION('ref_axis',(0.707106781186548,-0.707106781186547,0.));
#9322=DIRECTION('',(0.,0.,1.));
#9323=DIRECTION('center_axis',(0.,0.,-1.));
#9324=DIRECTION('ref_axis',(0.707106781186548,-0.707106781186547,0.));
#9325=DIRECTION('center_axis',(0.,0.,1.));
#9326=DIRECTION('ref_axis',(0.707106781186548,-0.707106781186547,0.));
#9327=DIRECTION('',(0.,0.,1.));
#9328=DIRECTION('center_axis',(0.,0.,-1.));
#9329=DIRECTION('ref_axis',(0.707106781186548,-0.707106781186547,0.));
#9330=DIRECTION('center_axis',(0.,0.,1.));
#9331=DIRECTION('ref_axis',(0.707106781186548,-0.707106781186547,0.));
#9332=DIRECTION('',(0.,0.,1.));
#9333=DIRECTION('center_axis',(0.,0.,-1.));
#9334=DIRECTION('ref_axis',(0.707106781186548,-0.707106781186547,0.));
#9335=DIRECTION('center_axis',(0.,0.,1.));
#9336=DIRECTION('ref_axis',(0.707106781186548,-0.707106781186547,0.));
#9337=DIRECTION('',(0.,0.,1.));
#9338=DIRECTION('center_axis',(0.,0.,-1.));
#9339=DIRECTION('ref_axis',(0.707106781186548,-0.707106781186547,0.));
#9340=DIRECTION('center_axis',(0.,0.,1.));
#9341=DIRECTION('ref_axis',(0.707106781186548,-0.707106781186547,0.));
#9342=DIRECTION('',(0.,0.,1.));
#9343=DIRECTION('center_axis',(0.,0.,-1.));
#9344=DIRECTION('ref_axis',(0.707106781186548,-0.707106781186547,0.));
#9345=DIRECTION('center_axis',(0.,0.,1.));
#9346=DIRECTION('ref_axis',(0.707106781186548,-0.707106781186547,0.));
#9347=DIRECTION('',(0.,0.,1.));
#9348=DIRECTION('center_axis',(0.,0.,-1.));
#9349=DIRECTION('ref_axis',(0.707106781186548,-0.707106781186547,0.));
#9350=DIRECTION('center_axis',(0.,0.,1.));
#9351=DIRECTION('ref_axis',(0.707106781186548,-0.707106781186547,0.));
#9352=DIRECTION('',(0.,0.,1.));
#9353=DIRECTION('center_axis',(0.,0.,-1.));
#9354=DIRECTION('ref_axis',(0.707106781186549,-0.707106781186546,0.));
#9355=DIRECTION('center_axis',(0.,0.,1.));
#9356=DIRECTION('ref_axis',(0.707106781186549,-0.707106781186546,0.));
#9357=DIRECTION('',(0.,0.,1.));
#9358=DIRECTION('center_axis',(0.,0.,-1.));
#9359=DIRECTION('ref_axis',(0.707106781186548,-0.707106781186547,0.));
#9360=DIRECTION('center_axis',(0.,0.,1.));
#9361=DIRECTION('ref_axis',(0.707106781186548,-0.707106781186547,0.));
#9362=DIRECTION('',(0.,0.,1.));
#9363=DIRECTION('center_axis',(0.,0.,-1.));
#9364=DIRECTION('ref_axis',(0.707106781186546,-0.707106781186549,0.));
#9365=DIRECTION('center_axis',(0.,0.,1.));
#9366=DIRECTION('ref_axis',(0.707106781186546,-0.707106781186549,0.));
#9367=DIRECTION('',(0.,0.,1.));
#9368=DIRECTION('center_axis',(0.,0.,-1.));
#9369=DIRECTION('ref_axis',(0.707106781186548,-0.707106781186547,0.));
#9370=DIRECTION('center_axis',(0.,0.,1.));
#9371=DIRECTION('ref_axis',(0.707106781186548,-0.707106781186547,0.));
#9372=DIRECTION('',(0.,0.,1.));
#9373=DIRECTION('center_axis',(0.,0.,-1.));
#9374=DIRECTION('ref_axis',(0.707106781186548,-0.707106781186547,0.));
#9375=DIRECTION('center_axis',(0.,0.,1.));
#9376=DIRECTION('ref_axis',(0.707106781186548,-0.707106781186547,0.));
#9377=DIRECTION('',(0.,0.,1.));
#9378=DIRECTION('center_axis',(0.,0.,-1.));
#9379=DIRECTION('ref_axis',(0.707106781186548,-0.707106781186547,0.));
#9380=DIRECTION('center_axis',(0.,0.,1.));
#9381=DIRECTION('ref_axis',(0.707106781186548,-0.707106781186547,0.));
#9382=DIRECTION('',(0.,0.,1.));
#9383=DIRECTION('center_axis',(0.,0.,-1.));
#9384=DIRECTION('ref_axis',(0.707106781186548,-0.707106781186547,0.));
#9385=DIRECTION('center_axis',(0.,0.,1.));
#9386=DIRECTION('ref_axis',(0.707106781186548,-0.707106781186547,0.));
#9387=DIRECTION('',(0.,0.,1.));
#9388=DIRECTION('center_axis',(0.,0.,-1.));
#9389=DIRECTION('ref_axis',(0.707106781186548,-0.707106781186547,0.));
#9390=DIRECTION('center_axis',(0.,0.,1.));
#9391=DIRECTION('ref_axis',(0.707106781186548,-0.707106781186547,0.));
#9392=DIRECTION('',(0.,0.,1.));
#9393=DIRECTION('center_axis',(0.,0.,-1.));
#9394=DIRECTION('ref_axis',(0.707106781186548,-0.707106781186547,0.));
#9395=DIRECTION('center_axis',(0.,0.,1.));
#9396=DIRECTION('ref_axis',(0.707106781186548,-0.707106781186547,0.));
#9397=DIRECTION('',(0.,0.,1.));
#9398=DIRECTION('center_axis',(0.,0.,-1.));
#9399=DIRECTION('ref_axis',(0.707106781186548,-0.707106781186547,0.));
#9400=DIRECTION('center_axis',(0.,0.,1.));
#9401=DIRECTION('ref_axis',(0.707106781186548,-0.707106781186547,0.));
#9402=DIRECTION('',(0.,0.,1.));
#9403=DIRECTION('center_axis',(0.,0.,-1.));
#9404=DIRECTION('ref_axis',(0.707106781186548,-0.707106781186547,0.));
#9405=DIRECTION('center_axis',(0.,0.,1.));
#9406=DIRECTION('ref_axis',(0.707106781186548,-0.707106781186547,0.));
#9407=DIRECTION('',(0.,0.,1.));
#9408=DIRECTION('center_axis',(0.,0.,-1.));
#9409=DIRECTION('ref_axis',(0.707106781186548,-0.707106781186547,0.));
#9410=DIRECTION('center_axis',(0.,0.,1.));
#9411=DIRECTION('ref_axis',(0.707106781186548,-0.707106781186547,0.));
#9412=DIRECTION('',(0.,0.,1.));
#9413=DIRECTION('center_axis',(0.,0.,-1.));
#9414=DIRECTION('ref_axis',(0.707106781186548,-0.707106781186547,0.));
#9415=DIRECTION('center_axis',(0.,0.,1.));
#9416=DIRECTION('ref_axis',(0.707106781186548,-0.707106781186547,0.));
#9417=DIRECTION('',(0.,0.,1.));
#9418=DIRECTION('center_axis',(0.,0.,1.));
#9419=DIRECTION('ref_axis',(0.707106781186545,-0.70710678118655,0.));
#9420=DIRECTION('',(0.,0.,1.));
#9421=DIRECTION('center_axis',(0.,0.,1.));
#9422=DIRECTION('ref_axis',(0.707106781186545,-0.70710678118655,0.));
#9423=DIRECTION('center_axis',(0.,-1.,0.));
#9424=DIRECTION('ref_axis',(1.,0.,0.));
#9425=DIRECTION('',(0.,0.,-1.));
#9426=DIRECTION('',(1.,0.,0.));
#9427=DIRECTION('center_axis',(0.,0.,-1.));
#9428=DIRECTION('ref_axis',(0.707106781186545,-0.70710678118655,0.));
#9429=DIRECTION('center_axis',(0.,0.,1.));
#9430=DIRECTION('ref_axis',(0.707106781186545,-0.70710678118655,0.));
#9431=DIRECTION('',(0.,0.,1.));
#9432=DIRECTION('center_axis',(0.,0.,1.));
#9433=DIRECTION('ref_axis',(0.707106781186546,-0.707106781186549,0.));
#9434=DIRECTION('',(0.,0.,1.));
#9435=DIRECTION('center_axis',(0.,0.,1.));
#9436=DIRECTION('ref_axis',(0.707106781186546,-0.707106781186549,0.));
#9437=DIRECTION('',(0.,0.,-1.));
#9438=DIRECTION('center_axis',(0.,-1.,0.));
#9439=DIRECTION('ref_axis',(1.,0.,0.));
#9440=DIRECTION('',(0.,0.,-1.));
#9441=DIRECTION('',(1.,0.,0.));
#9442=DIRECTION('center_axis',(0.,0.,1.));
#9443=DIRECTION('ref_axis',(0.707106781186551,-0.707106781186544,0.));
#9444=DIRECTION('',(0.,0.,1.));
#9445=DIRECTION('center_axis',(0.,0.,1.));
#9446=DIRECTION('ref_axis',(0.707106781186551,-0.707106781186544,0.));
#9447=DIRECTION('',(0.,0.,-1.));
#9448=DIRECTION('center_axis',(0.,-1.,0.));
#9449=DIRECTION('ref_axis',(1.,0.,0.));
#9450=DIRECTION('',(0.,0.,-1.));
#9451=DIRECTION('',(1.,0.,0.));
#9452=DIRECTION('center_axis',(0.,0.,1.));
#9453=DIRECTION('ref_axis',(0.707106781186546,-0.707106781186549,0.));
#9454=DIRECTION('',(0.,0.,1.));
#9455=DIRECTION('center_axis',(0.,0.,1.));
#9456=DIRECTION('ref_axis',(0.707106781186546,-0.707106781186549,0.));
#9457=DIRECTION('',(0.,0.,-1.));
#9458=DIRECTION('center_axis',(0.,-1.,0.));
#9459=DIRECTION('ref_axis',(1.,0.,0.));
#9460=DIRECTION('',(0.,0.,-1.));
#9461=DIRECTION('',(1.,0.,0.));
#9462=DIRECTION('center_axis',(0.,0.,1.));
#9463=DIRECTION('ref_axis',(0.707106781186547,-0.707106781186548,0.));
#9464=DIRECTION('',(0.,0.,1.));
#9465=DIRECTION('center_axis',(0.,0.,1.));
#9466=DIRECTION('ref_axis',(0.707106781186547,-0.707106781186548,0.));
#9467=DIRECTION('',(0.,0.,-1.));
#9468=DIRECTION('center_axis',(0.,-1.,0.));
#9469=DIRECTION('ref_axis',(1.,0.,0.));
#9470=DIRECTION('',(0.,0.,-1.));
#9471=DIRECTION('',(1.,0.,0.));
#9472=DIRECTION('center_axis',(0.,0.,1.));
#9473=DIRECTION('ref_axis',(0.707106781186548,-0.707106781186548,0.));
#9474=DIRECTION('',(0.,0.,1.));
#9475=DIRECTION('center_axis',(0.,0.,1.));
#9476=DIRECTION('ref_axis',(0.707106781186548,-0.707106781186548,0.));
#9477=DIRECTION('',(0.,0.,-1.));
#9478=DIRECTION('center_axis',(0.,-1.,0.));
#9479=DIRECTION('ref_axis',(1.,0.,0.));
#9480=DIRECTION('',(0.,0.,-1.));
#9481=DIRECTION('',(1.,0.,0.));
#9482=DIRECTION('center_axis',(0.,0.,1.));
#9483=DIRECTION('ref_axis',(0.707106781186547,-0.707106781186548,0.));
#9484=DIRECTION('',(0.,0.,1.));
#9485=DIRECTION('center_axis',(0.,0.,1.));
#9486=DIRECTION('ref_axis',(0.707106781186547,-0.707106781186548,0.));
#9487=DIRECTION('',(0.,0.,-1.));
#9488=DIRECTION('center_axis',(0.,-1.,0.));
#9489=DIRECTION('ref_axis',(1.,0.,0.));
#9490=DIRECTION('',(0.,0.,-1.));
#9491=DIRECTION('',(1.,0.,0.));
#9492=DIRECTION('center_axis',(0.,0.,1.));
#9493=DIRECTION('ref_axis',(0.707106781186548,-0.707106781186547,0.));
#9494=DIRECTION('',(0.,0.,1.));
#9495=DIRECTION('center_axis',(0.,0.,1.));
#9496=DIRECTION('ref_axis',(0.707106781186548,-0.707106781186547,0.));
#9497=DIRECTION('',(0.,0.,-1.));
#9498=DIRECTION('center_axis',(0.,-1.,0.));
#9499=DIRECTION('ref_axis',(1.,0.,0.));
#9500=DIRECTION('',(0.,0.,-1.));
#9501=DIRECTION('',(1.,0.,0.));
#9502=DIRECTION('center_axis',(0.,0.,1.));
#9503=DIRECTION('ref_axis',(0.707106781186547,-0.707106781186548,0.));
#9504=DIRECTION('',(0.,0.,1.));
#9505=DIRECTION('center_axis',(0.,0.,1.));
#9506=DIRECTION('ref_axis',(0.707106781186547,-0.707106781186548,0.));
#9507=DIRECTION('',(0.,0.,-1.));
#9508=DIRECTION('center_axis',(0.,-1.,0.));
#9509=DIRECTION('ref_axis',(1.,0.,0.));
#9510=DIRECTION('',(0.,0.,-1.));
#9511=DIRECTION('',(1.,0.,0.));
#9512=DIRECTION('center_axis',(0.,0.,1.));
#9513=DIRECTION('ref_axis',(0.707106781186548,-0.707106781186547,0.));
#9514=DIRECTION('',(0.,0.,1.));
#9515=DIRECTION('center_axis',(0.,0.,1.));
#9516=DIRECTION('ref_axis',(0.707106781186548,-0.707106781186547,0.));
#9517=DIRECTION('',(0.,0.,-1.));
#9518=DIRECTION('center_axis',(0.,-1.,0.));
#9519=DIRECTION('ref_axis',(1.,0.,0.));
#9520=DIRECTION('',(0.,0.,-1.));
#9521=DIRECTION('',(1.,0.,0.));
#9522=DIRECTION('center_axis',(0.,0.,1.));
#9523=DIRECTION('ref_axis',(0.707106781186551,-0.707106781186544,0.));
#9524=DIRECTION('',(0.,0.,1.));
#9525=DIRECTION('center_axis',(0.,0.,1.));
#9526=DIRECTION('ref_axis',(0.707106781186551,-0.707106781186544,0.));
#9527=DIRECTION('',(0.,0.,-1.));
#9528=DIRECTION('center_axis',(0.,-1.,0.));
#9529=DIRECTION('ref_axis',(1.,0.,0.));
#9530=DIRECTION('',(0.,0.,-1.));
#9531=DIRECTION('',(1.,0.,0.));
#9532=DIRECTION('center_axis',(0.,0.,1.));
#9533=DIRECTION('ref_axis',(0.707106781186548,-0.707106781186547,0.));
#9534=DIRECTION('',(0.,0.,1.));
#9535=DIRECTION('center_axis',(0.,0.,1.));
#9536=DIRECTION('ref_axis',(0.707106781186548,-0.707106781186547,0.));
#9537=DIRECTION('',(0.,0.,-1.));
#9538=DIRECTION('center_axis',(0.,-1.,0.));
#9539=DIRECTION('ref_axis',(1.,0.,0.));
#9540=DIRECTION('',(0.,0.,-1.));
#9541=DIRECTION('',(1.,0.,0.));
#9542=DIRECTION('center_axis',(0.,0.,1.));
#9543=DIRECTION('ref_axis',(-0.707106781186545,-0.70710678118655,0.));
#9544=DIRECTION('',(0.,0.,1.));
#9545=DIRECTION('center_axis',(0.,0.,1.));
#9546=DIRECTION('ref_axis',(-0.707106781186545,-0.70710678118655,0.));
#9547=DIRECTION('',(0.,0.,-1.));
#9548=DIRECTION('center_axis',(-1.,0.,0.));
#9549=DIRECTION('ref_axis',(0.,-1.,0.));
#9550=DIRECTION('',(0.,0.,-1.));
#9551=DIRECTION('',(0.,-1.,0.));
#9552=DIRECTION('center_axis',(0.,0.,1.));
#9553=DIRECTION('ref_axis',(-0.707106781186547,-0.707106781186547,0.));
#9554=DIRECTION('',(0.,0.,1.));
#9555=DIRECTION('center_axis',(0.,0.,1.));
#9556=DIRECTION('ref_axis',(-0.707106781186547,-0.707106781186547,0.));
#9557=DIRECTION('',(0.,0.,-1.));
#9558=DIRECTION('center_axis',(-1.,0.,0.));
#9559=DIRECTION('ref_axis',(0.,-1.,0.));
#9560=DIRECTION('',(0.,0.,-1.));
#9561=DIRECTION('',(0.,-1.,0.));
#9562=DIRECTION('center_axis',(0.,0.,1.));
#9563=DIRECTION('ref_axis',(-0.707106781186547,-0.707106781186547,0.));
#9564=DIRECTION('',(0.,0.,1.));
#9565=DIRECTION('center_axis',(0.,0.,1.));
#9566=DIRECTION('ref_axis',(-0.707106781186547,-0.707106781186547,0.));
#9567=DIRECTION('',(0.,0.,-1.));
#9568=DIRECTION('center_axis',(-1.,0.,0.));
#9569=DIRECTION('ref_axis',(0.,-1.,0.));
#9570=DIRECTION('',(0.,0.,-1.));
#9571=DIRECTION('',(0.,-1.,0.));
#9572=DIRECTION('center_axis',(0.,0.,1.));
#9573=DIRECTION('ref_axis',(-0.707106781186547,-0.707106781186547,0.));
#9574=DIRECTION('',(0.,0.,1.));
#9575=DIRECTION('center_axis',(0.,0.,1.));
#9576=DIRECTION('ref_axis',(-0.707106781186547,-0.707106781186547,0.));
#9577=DIRECTION('',(0.,0.,-1.));
#9578=DIRECTION('center_axis',(-1.,0.,0.));
#9579=DIRECTION('ref_axis',(0.,-1.,0.));
#9580=DIRECTION('',(0.,0.,-1.));
#9581=DIRECTION('',(0.,-1.,0.));
#9582=DIRECTION('center_axis',(0.,0.,1.));
#9583=DIRECTION('ref_axis',(-0.707106781186547,-0.707106781186547,0.));
#9584=DIRECTION('',(0.,0.,1.));
#9585=DIRECTION('center_axis',(0.,0.,1.));
#9586=DIRECTION('ref_axis',(-0.707106781186547,-0.707106781186547,0.));
#9587=DIRECTION('',(0.,0.,-1.));
#9588=DIRECTION('center_axis',(-1.,0.,0.));
#9589=DIRECTION('ref_axis',(0.,-1.,0.));
#9590=DIRECTION('',(0.,0.,-1.));
#9591=DIRECTION('',(0.,-1.,0.));
#9592=DIRECTION('center_axis',(0.,0.,1.));
#9593=DIRECTION('ref_axis',(-0.70710678118655,-0.707106781186545,0.));
#9594=DIRECTION('',(0.,0.,1.));
#9595=DIRECTION('center_axis',(0.,0.,1.));
#9596=DIRECTION('ref_axis',(-0.70710678118655,-0.707106781186545,0.));
#9597=DIRECTION('',(0.,0.,-1.));
#9598=DIRECTION('center_axis',(-1.,0.,0.));
#9599=DIRECTION('ref_axis',(0.,-1.,0.));
#9600=DIRECTION('',(0.,0.,-1.));
#9601=DIRECTION('',(0.,-1.,0.));
#9602=DIRECTION('center_axis',(0.,0.,1.));
#9603=DIRECTION('ref_axis',(-0.707106781186547,-0.707106781186547,0.));
#9604=DIRECTION('',(0.,0.,1.));
#9605=DIRECTION('center_axis',(0.,0.,1.));
#9606=DIRECTION('ref_axis',(-0.707106781186547,-0.707106781186547,0.));
#9607=DIRECTION('center_axis',(-1.,0.,0.));
#9608=DIRECTION('ref_axis',(0.,-1.,0.));
#9609=DIRECTION('',(0.,0.,-1.));
#9610=DIRECTION('',(0.,-1.,0.));
#9611=DIRECTION('center_axis',(0.,0.,1.));
#9612=DIRECTION('ref_axis',(-0.707106781186548,-0.707106781186547,0.));
#9613=DIRECTION('',(0.,0.,1.));
#9614=DIRECTION('center_axis',(0.,0.,1.));
#9615=DIRECTION('ref_axis',(-0.707106781186548,-0.707106781186547,0.));
#9616=DIRECTION('center_axis',(-1.,0.,0.));
#9617=DIRECTION('ref_axis',(0.,-1.,0.));
#9618=DIRECTION('',(0.,0.,-1.));
#9619=DIRECTION('',(0.,-1.,0.));
#9620=DIRECTION('center_axis',(0.,0.,1.));
#9621=DIRECTION('ref_axis',(-0.707106781186548,-0.707106781186547,0.));
#9622=DIRECTION('',(0.,0.,1.));
#9623=DIRECTION('center_axis',(0.,0.,1.));
#9624=DIRECTION('ref_axis',(-0.707106781186548,-0.707106781186547,0.));
#9625=DIRECTION('',(0.,0.,-1.));
#9626=DIRECTION('center_axis',(-1.,0.,0.));
#9627=DIRECTION('ref_axis',(0.,-1.,0.));
#9628=DIRECTION('',(0.,0.,-1.));
#9629=DIRECTION('',(0.,-1.,0.));
#9630=DIRECTION('center_axis',(0.,0.,1.));
#9631=DIRECTION('ref_axis',(-0.707106781186548,-0.707106781186547,0.));
#9632=DIRECTION('',(0.,0.,1.));
#9633=DIRECTION('center_axis',(0.,0.,1.));
#9634=DIRECTION('ref_axis',(-0.707106781186548,-0.707106781186547,0.));
#9635=DIRECTION('',(0.,0.,-1.));
#9636=DIRECTION('center_axis',(-1.,0.,0.));
#9637=DIRECTION('ref_axis',(0.,-1.,0.));
#9638=DIRECTION('',(0.,0.,-1.));
#9639=DIRECTION('',(0.,-1.,0.));
#9640=DIRECTION('center_axis',(0.,0.,1.));
#9641=DIRECTION('ref_axis',(-0.707106781186548,-0.707106781186547,0.));
#9642=DIRECTION('',(0.,0.,1.));
#9643=DIRECTION('center_axis',(0.,0.,1.));
#9644=DIRECTION('ref_axis',(-0.707106781186548,-0.707106781186547,0.));
#9645=DIRECTION('',(0.,0.,-1.));
#9646=DIRECTION('center_axis',(-1.,0.,0.));
#9647=DIRECTION('ref_axis',(0.,-1.,0.));
#9648=DIRECTION('',(0.,0.,-1.));
#9649=DIRECTION('',(0.,-1.,0.));
#9650=DIRECTION('center_axis',(0.,0.,1.));
#9651=DIRECTION('ref_axis',(-0.707106781186548,-0.707106781186547,0.));
#9652=DIRECTION('',(0.,0.,1.));
#9653=DIRECTION('center_axis',(0.,0.,1.));
#9654=DIRECTION('ref_axis',(-0.707106781186548,-0.707106781186547,0.));
#9655=DIRECTION('',(0.,0.,-1.));
#9656=DIRECTION('center_axis',(-1.,0.,0.));
#9657=DIRECTION('ref_axis',(0.,-1.,0.));
#9658=DIRECTION('',(0.,0.,-1.));
#9659=DIRECTION('',(0.,-1.,0.));
#9660=DIRECTION('center_axis',(0.,0.,1.));
#9661=DIRECTION('ref_axis',(-0.707106781186548,-0.707106781186547,0.));
#9662=DIRECTION('',(0.,0.,1.));
#9663=DIRECTION('center_axis',(0.,0.,1.));
#9664=DIRECTION('ref_axis',(-0.707106781186548,-0.707106781186547,0.));
#9665=DIRECTION('',(0.,0.,-1.));
#9666=DIRECTION('center_axis',(-1.,0.,0.));
#9667=DIRECTION('ref_axis',(0.,-1.,0.));
#9668=DIRECTION('',(0.,0.,-1.));
#9669=DIRECTION('',(0.,-1.,0.));
#9670=DIRECTION('center_axis',(0.,0.,1.));
#9671=DIRECTION('ref_axis',(-0.707106781186548,-0.707106781186547,0.));
#9672=DIRECTION('',(0.,0.,1.));
#9673=DIRECTION('center_axis',(0.,0.,1.));
#9674=DIRECTION('ref_axis',(-0.707106781186548,-0.707106781186547,0.));
#9675=DIRECTION('',(0.,0.,-1.));
#9676=DIRECTION('center_axis',(-1.,0.,0.));
#9677=DIRECTION('ref_axis',(0.,-1.,0.));
#9678=DIRECTION('',(0.,0.,-1.));
#9679=DIRECTION('',(0.,-1.,0.));
#9680=DIRECTION('center_axis',(0.,0.,1.));
#9681=DIRECTION('ref_axis',(-0.707106781186549,-0.707106781186546,0.));
#9682=DIRECTION('',(0.,0.,1.));
#9683=DIRECTION('center_axis',(0.,0.,1.));
#9684=DIRECTION('ref_axis',(-0.707106781186549,-0.707106781186546,0.));
#9685=DIRECTION('',(0.,0.,-1.));
#9686=DIRECTION('center_axis',(-1.,0.,0.));
#9687=DIRECTION('ref_axis',(0.,-1.,0.));
#9688=DIRECTION('',(0.,0.,-1.));
#9689=DIRECTION('',(0.,-1.,0.));
#9690=DIRECTION('center_axis',(0.,0.,1.));
#9691=DIRECTION('ref_axis',(-0.707106781186548,-0.707106781186547,0.));
#9692=DIRECTION('',(0.,0.,1.));
#9693=DIRECTION('center_axis',(0.,0.,1.));
#9694=DIRECTION('ref_axis',(-0.707106781186548,-0.707106781186547,0.));
#9695=DIRECTION('',(0.,0.,-1.));
#9696=DIRECTION('center_axis',(-1.,0.,0.));
#9697=DIRECTION('ref_axis',(0.,-1.,0.));
#9698=DIRECTION('',(0.,0.,-1.));
#9699=DIRECTION('',(0.,-1.,0.));
#9700=DIRECTION('center_axis',(0.,0.,1.));
#9701=DIRECTION('ref_axis',(-0.707106781186546,-0.707106781186549,0.));
#9702=DIRECTION('',(0.,0.,1.));
#9703=DIRECTION('center_axis',(0.,0.,1.));
#9704=DIRECTION('ref_axis',(-0.707106781186546,-0.707106781186549,0.));
#9705=DIRECTION('',(0.,0.,-1.));
#9706=DIRECTION('center_axis',(-1.,0.,0.));
#9707=DIRECTION('ref_axis',(0.,-1.,0.));
#9708=DIRECTION('',(0.,0.,-1.));
#9709=DIRECTION('',(0.,-1.,0.));
#9710=DIRECTION('center_axis',(0.,0.,-1.));
#9711=DIRECTION('ref_axis',(-0.707106781186546,-0.707106781186549,0.));
#9712=DIRECTION('center_axis',(0.,0.,1.));
#9713=DIRECTION('ref_axis',(-0.707106781186546,-0.707106781186549,0.));
#9714=DIRECTION('',(0.,0.,-1.));
#9715=DIRECTION('',(0.,0.,1.));
#9716=DIRECTION('center_axis',(0.,1.,0.));
#9717=DIRECTION('ref_axis',(-1.,0.,0.));
#9718=DIRECTION('',(-1.,0.,0.));
#9719=DIRECTION('center_axis',(0.,0.,1.));
#9720=DIRECTION('ref_axis',(-0.707106781186545,-0.70710678118655,0.));
#9721=DIRECTION('',(0.,0.,1.));
#9722=DIRECTION('center_axis',(0.,0.,1.));
#9723=DIRECTION('ref_axis',(-0.707106781186545,-0.70710678118655,0.));
#9724=DIRECTION('',(0.,0.,-1.));
#9725=DIRECTION('center_axis',(-1.,0.,0.));
#9726=DIRECTION('ref_axis',(0.,-1.,0.));
#9727=DIRECTION('',(0.,0.,-1.));
#9728=DIRECTION('',(0.,-1.,0.));
#9729=DIRECTION('center_axis',(0.,0.,1.));
#9730=DIRECTION('ref_axis',(-0.707106781186548,-0.707106781186547,0.));
#9731=DIRECTION('',(0.,0.,1.));
#9732=DIRECTION('center_axis',(0.,0.,1.));
#9733=DIRECTION('ref_axis',(-0.707106781186548,-0.707106781186547,0.));
#9734=DIRECTION('',(0.,0.,-1.));
#9735=DIRECTION('center_axis',(-1.,0.,0.));
#9736=DIRECTION('ref_axis',(0.,-1.,0.));
#9737=DIRECTION('',(0.,0.,-1.));
#9738=DIRECTION('',(0.,-1.,0.));
#9739=DIRECTION('center_axis',(0.,0.,1.));
#9740=DIRECTION('ref_axis',(-0.707106781186548,-0.707106781186547,0.));
#9741=DIRECTION('',(0.,0.,1.));
#9742=DIRECTION('center_axis',(0.,0.,1.));
#9743=DIRECTION('ref_axis',(-0.707106781186548,-0.707106781186547,0.));
#9744=DIRECTION('',(0.,0.,-1.));
#9745=DIRECTION('center_axis',(-1.,0.,0.));
#9746=DIRECTION('ref_axis',(0.,-1.,0.));
#9747=DIRECTION('',(0.,0.,-1.));
#9748=DIRECTION('',(0.,-1.,0.));
#9749=DIRECTION('center_axis',(0.,0.,1.));
#9750=DIRECTION('ref_axis',(-0.707106781186548,-0.707106781186547,0.));
#9751=DIRECTION('',(0.,0.,1.));
#9752=DIRECTION('center_axis',(0.,0.,1.));
#9753=DIRECTION('ref_axis',(-0.707106781186548,-0.707106781186547,0.));
#9754=DIRECTION('',(0.,0.,-1.));
#9755=DIRECTION('center_axis',(-1.,0.,0.));
#9756=DIRECTION('ref_axis',(0.,-1.,0.));
#9757=DIRECTION('',(0.,0.,-1.));
#9758=DIRECTION('',(0.,-1.,0.));
#9759=DIRECTION('center_axis',(0.,0.,1.));
#9760=DIRECTION('ref_axis',(-0.707106781186548,-0.707106781186547,0.));
#9761=DIRECTION('',(0.,0.,1.));
#9762=DIRECTION('center_axis',(0.,0.,1.));
#9763=DIRECTION('ref_axis',(-0.707106781186548,-0.707106781186547,0.));
#9764=DIRECTION('',(0.,0.,-1.));
#9765=DIRECTION('center_axis',(-1.,0.,0.));
#9766=DIRECTION('ref_axis',(0.,-1.,0.));
#9767=DIRECTION('',(0.,0.,-1.));
#9768=DIRECTION('',(0.,-1.,0.));
#9769=DIRECTION('center_axis',(0.,0.,1.));
#9770=DIRECTION('ref_axis',(-0.707106781186548,-0.707106781186547,0.));
#9771=DIRECTION('',(0.,0.,1.));
#9772=DIRECTION('center_axis',(0.,0.,1.));
#9773=DIRECTION('ref_axis',(-0.707106781186548,-0.707106781186547,0.));
#9774=DIRECTION('',(0.,0.,-1.));
#9775=DIRECTION('center_axis',(-1.,0.,0.));
#9776=DIRECTION('ref_axis',(0.,-1.,0.));
#9777=DIRECTION('',(0.,0.,-1.));
#9778=DIRECTION('',(0.,-1.,0.));
#9779=DIRECTION('center_axis',(0.,0.,1.));
#9780=DIRECTION('ref_axis',(-0.707106781186548,-0.707106781186547,0.));
#9781=DIRECTION('',(0.,0.,1.));
#9782=DIRECTION('center_axis',(0.,0.,1.));
#9783=DIRECTION('ref_axis',(-0.707106781186548,-0.707106781186547,0.));
#9784=DIRECTION('',(0.,0.,-1.));
#9785=DIRECTION('center_axis',(-1.,0.,0.));
#9786=DIRECTION('ref_axis',(0.,-1.,0.));
#9787=DIRECTION('',(0.,0.,-1.));
#9788=DIRECTION('',(0.,-1.,0.));
#9789=DIRECTION('center_axis',(0.,0.,1.));
#9790=DIRECTION('ref_axis',(-0.707106781186548,-0.707106781186547,0.));
#9791=DIRECTION('',(0.,0.,1.));
#9792=DIRECTION('center_axis',(0.,0.,1.));
#9793=DIRECTION('ref_axis',(-0.707106781186548,-0.707106781186547,0.));
#9794=DIRECTION('',(0.,0.,-1.));
#9795=DIRECTION('center_axis',(-1.,0.,0.));
#9796=DIRECTION('ref_axis',(0.,-1.,0.));
#9797=DIRECTION('',(0.,0.,-1.));
#9798=DIRECTION('',(0.,-1.,0.));
#9799=DIRECTION('center_axis',(0.,0.,1.));
#9800=DIRECTION('ref_axis',(-0.707106781186548,-0.707106781186547,0.));
#9801=DIRECTION('',(0.,0.,1.));
#9802=DIRECTION('center_axis',(0.,0.,1.));
#9803=DIRECTION('ref_axis',(-0.707106781186548,-0.707106781186547,0.));
#9804=DIRECTION('',(0.,0.,-1.));
#9805=DIRECTION('center_axis',(-1.,0.,0.));
#9806=DIRECTION('ref_axis',(0.,-1.,0.));
#9807=DIRECTION('',(0.,0.,-1.));
#9808=DIRECTION('',(0.,-1.,0.));
#9809=DIRECTION('center_axis',(0.,0.,1.));
#9810=DIRECTION('ref_axis',(-0.707106781186548,-0.707106781186547,0.));
#9811=DIRECTION('',(0.,0.,1.));
#9812=DIRECTION('center_axis',(0.,0.,1.));
#9813=DIRECTION('ref_axis',(-0.707106781186548,-0.707106781186547,0.));
#9814=DIRECTION('',(0.,0.,-1.));
#9815=DIRECTION('center_axis',(-1.,0.,0.));
#9816=DIRECTION('ref_axis',(0.,-1.,0.));
#9817=DIRECTION('',(0.,0.,-1.));
#9818=DIRECTION('',(0.,-1.,0.));
#9819=DIRECTION('center_axis',(0.,0.,1.));
#9820=DIRECTION('ref_axis',(-0.707106781186548,-0.707106781186547,0.));
#9821=DIRECTION('',(0.,0.,1.));
#9822=DIRECTION('center_axis',(0.,0.,1.));
#9823=DIRECTION('ref_axis',(-0.707106781186548,-0.707106781186547,0.));
#9824=DIRECTION('center_axis',(-1.,0.,0.));
#9825=DIRECTION('ref_axis',(0.,-1.,0.));
#9826=DIRECTION('',(0.,0.,-1.));
#9827=DIRECTION('',(0.,-1.,0.));
#9828=DIRECTION('center_axis',(0.,0.,-1.));
#9829=DIRECTION('ref_axis',(-0.707106781186546,-0.707106781186549,0.));
#9830=DIRECTION('center_axis',(0.,0.,1.));
#9831=DIRECTION('ref_axis',(-0.707106781186546,-0.707106781186549,0.));
#9832=DIRECTION('',(0.,0.,-1.));
#9833=DIRECTION('',(0.,0.,1.));
#9834=DIRECTION('center_axis',(0.,-1.,0.));
#9835=DIRECTION('ref_axis',(1.,0.,0.));
#9836=DIRECTION('',(1.,0.,0.));
#9837=DIRECTION('center_axis',(0.,0.,-1.));
#9838=DIRECTION('ref_axis',(-0.707106781186551,-0.707106781186544,0.));
#9839=DIRECTION('center_axis',(0.,0.,1.));
#9840=DIRECTION('ref_axis',(-0.707106781186551,-0.707106781186544,0.));
#9841=DIRECTION('',(0.,0.,1.));
#9842=DIRECTION('center_axis',(0.,0.,-1.));
#9843=DIRECTION('ref_axis',(-0.707106781186546,-0.707106781186549,0.));
#9844=DIRECTION('center_axis',(0.,0.,1.));
#9845=DIRECTION('ref_axis',(-0.707106781186546,-0.707106781186549,0.));
#9846=DIRECTION('',(0.,0.,1.));
#9847=DIRECTION('center_axis',(0.,0.,-1.));
#9848=DIRECTION('ref_axis',(-0.707106781186547,-0.707106781186548,0.));
#9849=DIRECTION('center_axis',(0.,0.,1.));
#9850=DIRECTION('ref_axis',(-0.707106781186547,-0.707106781186548,0.));
#9851=DIRECTION('',(0.,0.,1.));
#9852=DIRECTION('center_axis',(0.,0.,-1.));
#9853=DIRECTION('ref_axis',(-0.707106781186548,-0.707106781186548,0.));
#9854=DIRECTION('center_axis',(0.,0.,1.));
#9855=DIRECTION('ref_axis',(-0.707106781186548,-0.707106781186548,0.));
#9856=DIRECTION('',(0.,0.,1.));
#9857=DIRECTION('center_axis',(0.,0.,-1.));
#9858=DIRECTION('ref_axis',(-0.707106781186547,-0.707106781186548,0.));
#9859=DIRECTION('center_axis',(0.,0.,1.));
#9860=DIRECTION('ref_axis',(-0.707106781186547,-0.707106781186548,0.));
#9861=DIRECTION('',(0.,0.,1.));
#9862=DIRECTION('center_axis',(0.,0.,-1.));
#9863=DIRECTION('ref_axis',(-0.707106781186548,-0.707106781186547,0.));
#9864=DIRECTION('center_axis',(0.,0.,1.));
#9865=DIRECTION('ref_axis',(-0.707106781186548,-0.707106781186547,0.));
#9866=DIRECTION('',(0.,0.,1.));
#9867=DIRECTION('center_axis',(0.,0.,-1.));
#9868=DIRECTION('ref_axis',(-0.707106781186547,-0.707106781186548,0.));
#9869=DIRECTION('center_axis',(0.,0.,1.));
#9870=DIRECTION('ref_axis',(-0.707106781186547,-0.707106781186548,0.));
#9871=DIRECTION('',(0.,0.,1.));
#9872=DIRECTION('center_axis',(0.,0.,-1.));
#9873=DIRECTION('ref_axis',(-0.707106781186548,-0.707106781186547,0.));
#9874=DIRECTION('center_axis',(0.,0.,1.));
#9875=DIRECTION('ref_axis',(-0.707106781186548,-0.707106781186547,0.));
#9876=DIRECTION('',(0.,0.,1.));
#9877=DIRECTION('center_axis',(0.,0.,-1.));
#9878=DIRECTION('ref_axis',(-0.707106781186551,-0.707106781186544,0.));
#9879=DIRECTION('center_axis',(0.,0.,1.));
#9880=DIRECTION('ref_axis',(-0.707106781186551,-0.707106781186544,0.));
#9881=DIRECTION('',(0.,0.,1.));
#9882=DIRECTION('center_axis',(0.,0.,-1.));
#9883=DIRECTION('ref_axis',(-0.707106781186548,-0.707106781186547,0.));
#9884=DIRECTION('center_axis',(0.,0.,1.));
#9885=DIRECTION('ref_axis',(-0.707106781186548,-0.707106781186547,0.));
#9886=DIRECTION('',(0.,0.,1.));
#9887=DIRECTION('center_axis',(0.,0.,1.));
#9888=DIRECTION('ref_axis',(-0.707106781186545,-0.70710678118655,0.));
#9889=DIRECTION('',(0.,0.,1.));
#9890=DIRECTION('center_axis',(0.,0.,1.));
#9891=DIRECTION('ref_axis',(-0.707106781186545,-0.70710678118655,0.));
#9892=DIRECTION('center_axis',(-1.,0.,0.));
#9893=DIRECTION('ref_axis',(0.,-1.,0.));
#9894=DIRECTION('',(0.,0.,-1.));
#9895=DIRECTION('',(0.,-1.,0.));
#9896=DIRECTION('center_axis',(0.,0.,1.));
#9897=DIRECTION('ref_axis',(-0.707106781186546,0.707106781186549,0.));
#9898=DIRECTION('',(0.,0.,1.));
#9899=DIRECTION('center_axis',(0.,0.,1.));
#9900=DIRECTION('ref_axis',(-0.707106781186546,0.707106781186549,0.));
#9901=DIRECTION('center_axis',(0.,1.,0.));
#9902=DIRECTION('ref_axis',(-1.,0.,0.));
#9903=DIRECTION('',(-1.,0.,0.));
#9904=DIRECTION('center_axis',(0.,0.,-1.));
#9905=DIRECTION('ref_axis',(-0.70710678118655,0.707106781186545,0.));
#9906=DIRECTION('center_axis',(0.,0.,1.));
#9907=DIRECTION('ref_axis',(-0.70710678118655,0.707106781186545,0.));
#9908=DIRECTION('',(0.,0.,1.));
#9909=DIRECTION('center_axis',(0.,0.,-1.));
#9910=DIRECTION('ref_axis',(-0.707106781186547,0.707106781186547,0.));
#9911=DIRECTION('center_axis',(0.,0.,1.));
#9912=DIRECTION('ref_axis',(-0.707106781186547,0.707106781186547,0.));
#9913=DIRECTION('',(0.,0.,1.));
#9914=DIRECTION('center_axis',(0.,0.,-1.));
#9915=DIRECTION('ref_axis',(-0.707106781186547,0.707106781186547,0.));
#9916=DIRECTION('center_axis',(0.,0.,1.));
#9917=DIRECTION('ref_axis',(-0.707106781186547,0.707106781186547,0.));
#9918=DIRECTION('',(0.,0.,1.));
#9919=DIRECTION('center_axis',(0.,0.,-1.));
#9920=DIRECTION('ref_axis',(-0.707106781186547,0.707106781186547,0.));
#9921=DIRECTION('center_axis',(0.,0.,1.));
#9922=DIRECTION('ref_axis',(-0.707106781186547,0.707106781186547,0.));
#9923=DIRECTION('',(0.,0.,1.));
#9924=DIRECTION('center_axis',(0.,0.,-1.));
#9925=DIRECTION('ref_axis',(-0.707106781186547,0.707106781186547,0.));
#9926=DIRECTION('center_axis',(0.,0.,1.));
#9927=DIRECTION('ref_axis',(-0.707106781186547,0.707106781186547,0.));
#9928=DIRECTION('',(0.,0.,1.));
#9929=DIRECTION('center_axis',(0.,0.,-1.));
#9930=DIRECTION('ref_axis',(-0.707106781186547,0.707106781186547,0.));
#9931=DIRECTION('center_axis',(0.,0.,1.));
#9932=DIRECTION('ref_axis',(-0.707106781186547,0.707106781186547,0.));
#9933=DIRECTION('center_axis',(0.,0.,1.));
#9934=DIRECTION('ref_axis',(-0.707106781186545,0.70710678118655,0.));
#9935=DIRECTION('',(0.,0.,1.));
#9936=DIRECTION('center_axis',(0.,0.,1.));
#9937=DIRECTION('ref_axis',(-0.707106781186545,0.70710678118655,0.));
#9938=DIRECTION('',(0.,0.,-1.));
#9939=DIRECTION('center_axis',(0.,-1.,0.));
#9940=DIRECTION('ref_axis',(1.,0.,0.));
#9941=DIRECTION('',(1.,0.,0.));
#9942=DIRECTION('center_axis',(0.,0.,-1.));
#9943=DIRECTION('ref_axis',(-0.707106781186548,0.707106781186547,0.));
#9944=DIRECTION('center_axis',(0.,0.,1.));
#9945=DIRECTION('ref_axis',(-0.707106781186548,0.707106781186547,0.));
#9946=DIRECTION('',(0.,0.,1.));
#9947=DIRECTION('center_axis',(0.,0.,-1.));
#9948=DIRECTION('ref_axis',(-0.707106781186548,0.707106781186547,0.));
#9949=DIRECTION('center_axis',(0.,0.,1.));
#9950=DIRECTION('ref_axis',(-0.707106781186548,0.707106781186547,0.));
#9951=DIRECTION('',(0.,0.,1.));
#9952=DIRECTION('center_axis',(0.,0.,-1.));
#9953=DIRECTION('ref_axis',(-0.707106781186548,0.707106781186547,0.));
#9954=DIRECTION('center_axis',(0.,0.,1.));
#9955=DIRECTION('ref_axis',(-0.707106781186548,0.707106781186547,0.));
#9956=DIRECTION('',(0.,0.,1.));
#9957=DIRECTION('center_axis',(0.,0.,-1.));
#9958=DIRECTION('ref_axis',(-0.707106781186548,0.707106781186547,0.));
#9959=DIRECTION('center_axis',(0.,0.,1.));
#9960=DIRECTION('ref_axis',(-0.707106781186548,0.707106781186547,0.));
#9961=DIRECTION('',(0.,0.,1.));
#9962=DIRECTION('center_axis',(0.,0.,-1.));
#9963=DIRECTION('ref_axis',(-0.707106781186548,0.707106781186547,0.));
#9964=DIRECTION('center_axis',(0.,0.,1.));
#9965=DIRECTION('ref_axis',(-0.707106781186548,0.707106781186547,0.));
#9966=DIRECTION('',(0.,0.,1.));
#9967=DIRECTION('center_axis',(0.,0.,-1.));
#9968=DIRECTION('ref_axis',(-0.707106781186548,0.707106781186547,0.));
#9969=DIRECTION('center_axis',(0.,0.,1.));
#9970=DIRECTION('ref_axis',(-0.707106781186548,0.707106781186547,0.));
#9971=DIRECTION('',(0.,0.,1.));
#9972=DIRECTION('center_axis',(0.,0.,-1.));
#9973=DIRECTION('ref_axis',(-0.707106781186549,0.707106781186546,0.));
#9974=DIRECTION('center_axis',(0.,0.,1.));
#9975=DIRECTION('ref_axis',(-0.707106781186549,0.707106781186546,0.));
#9976=DIRECTION('',(0.,0.,1.));
#9977=DIRECTION('center_axis',(0.,0.,-1.));
#9978=DIRECTION('ref_axis',(-0.707106781186545,0.70710678118655,0.));
#9979=DIRECTION('center_axis',(0.,0.,1.));
#9980=DIRECTION('ref_axis',(-0.707106781186545,0.70710678118655,0.));
#9981=DIRECTION('',(0.,0.,1.));
#9982=DIRECTION('center_axis',(0.,0.,-1.));
#9983=DIRECTION('ref_axis',(-0.707106781186545,0.70710678118655,0.));
#9984=DIRECTION('center_axis',(0.,0.,1.));
#9985=DIRECTION('ref_axis',(-0.707106781186545,0.70710678118655,0.));
#9986=DIRECTION('',(0.,0.,1.));
#9987=DIRECTION('center_axis',(0.,0.,-1.));
#9988=DIRECTION('ref_axis',(-0.707106781186545,0.70710678118655,0.));
#9989=DIRECTION('center_axis',(0.,0.,1.));
#9990=DIRECTION('ref_axis',(-0.707106781186545,0.70710678118655,0.));
#9991=DIRECTION('center_axis',(0.,0.,-1.));
#9992=DIRECTION('ref_axis',(-0.707106781186545,0.70710678118655,0.));
#9993=DIRECTION('center_axis',(0.,0.,1.));
#9994=DIRECTION('ref_axis',(-0.707106781186545,0.70710678118655,0.));
#9995=DIRECTION('',(0.,0.,1.));
#9996=DIRECTION('center_axis',(0.,0.,-1.));
#9997=DIRECTION('ref_axis',(-0.707106781186547,0.707106781186547,0.));
#9998=DIRECTION('center_axis',(0.,0.,1.));
#9999=DIRECTION('ref_axis',(-0.707106781186547,0.707106781186547,0.));
#10000=DIRECTION('',(0.,0.,1.));
#10001=DIRECTION('center_axis',(0.,0.,-1.));
#10002=DIRECTION('ref_axis',(-0.707106781186547,0.707106781186547,0.));
#10003=DIRECTION('center_axis',(0.,0.,1.));
#10004=DIRECTION('ref_axis',(-0.707106781186547,0.707106781186547,0.));
#10005=DIRECTION('',(0.,0.,1.));
#10006=DIRECTION('center_axis',(0.,0.,-1.));
#10007=DIRECTION('ref_axis',(-0.707106781186547,0.707106781186547,0.));
#10008=DIRECTION('center_axis',(0.,0.,1.));
#10009=DIRECTION('ref_axis',(-0.707106781186547,0.707106781186547,0.));
#10010=DIRECTION('',(0.,0.,1.));
#10011=DIRECTION('center_axis',(0.,0.,-1.));
#10012=DIRECTION('ref_axis',(-0.707106781186547,0.707106781186547,0.));
#10013=DIRECTION('center_axis',(0.,0.,1.));
#10014=DIRECTION('ref_axis',(-0.707106781186547,0.707106781186547,0.));
#10015=DIRECTION('',(0.,0.,1.));
#10016=DIRECTION('center_axis',(0.,0.,-1.));
#10017=DIRECTION('ref_axis',(-0.707106781186547,0.707106781186547,0.));
#10018=DIRECTION('center_axis',(0.,0.,1.));
#10019=DIRECTION('ref_axis',(-0.707106781186547,0.707106781186547,0.));
#10020=DIRECTION('',(0.,0.,1.));
#10021=DIRECTION('center_axis',(0.,0.,-1.));
#10022=DIRECTION('ref_axis',(-0.707106781186547,0.707106781186547,0.));
#10023=DIRECTION('center_axis',(0.,0.,1.));
#10024=DIRECTION('ref_axis',(-0.707106781186547,0.707106781186547,0.));
#10025=DIRECTION('',(0.,0.,1.));
#10026=DIRECTION('center_axis',(0.,0.,-1.));
#10027=DIRECTION('ref_axis',(-0.707106781186547,0.707106781186547,0.));
#10028=DIRECTION('center_axis',(0.,0.,1.));
#10029=DIRECTION('ref_axis',(-0.707106781186547,0.707106781186547,0.));
#10030=DIRECTION('',(0.,0.,1.));
#10031=DIRECTION('center_axis',(0.,0.,-1.));
#10032=DIRECTION('ref_axis',(-0.707106781186547,0.707106781186547,0.));
#10033=DIRECTION('center_axis',(0.,0.,1.));
#10034=DIRECTION('ref_axis',(-0.707106781186547,0.707106781186547,0.));
#10035=DIRECTION('',(0.,0.,1.));
#10036=DIRECTION('center_axis',(0.,0.,-1.));
#10037=DIRECTION('ref_axis',(-0.707106781186547,0.707106781186547,0.));
#10038=DIRECTION('center_axis',(0.,0.,1.));
#10039=DIRECTION('ref_axis',(-0.707106781186547,0.707106781186547,0.));
#10040=DIRECTION('',(0.,0.,1.));
#10041=DIRECTION('center_axis',(0.,0.,-1.));
#10042=DIRECTION('ref_axis',(-0.707106781186547,0.707106781186547,0.));
#10043=DIRECTION('center_axis',(0.,0.,1.));
#10044=DIRECTION('ref_axis',(-0.707106781186547,0.707106781186547,0.));
#10045=DIRECTION('',(0.,0.,1.));
#10046=DIRECTION('center_axis',(0.,0.,1.));
#10047=DIRECTION('ref_axis',(-0.707106781186547,0.707106781186547,0.));
#10048=DIRECTION('center_axis',(0.,0.,1.));
#10049=DIRECTION('ref_axis',(-0.707106781186547,0.707106781186547,0.));
#10050=DIRECTION('',(0.,0.,-1.));
#10051=DIRECTION('center_axis',(0.,0.,1.));
#10052=DIRECTION('ref_axis',(-0.707106781186546,0.707106781186549,0.));
#10053=DIRECTION('center_axis',(0.,0.,1.));
#10054=DIRECTION('ref_axis',(-0.707106781186546,0.707106781186549,0.));
#10055=DIRECTION('',(0.,0.,-1.));
#10056=DIRECTION('center_axis',(0.,0.,1.));
#10057=DIRECTION('ref_axis',(-0.707106781186547,0.707106781186547,0.));
#10058=DIRECTION('center_axis',(0.,0.,1.));
#10059=DIRECTION('ref_axis',(-0.707106781186547,0.707106781186547,0.));
#10060=DIRECTION('',(0.,0.,-1.));
#10061=DIRECTION('center_axis',(0.,0.,1.));
#10062=DIRECTION('ref_axis',(-0.707106781186546,0.707106781186549,0.));
#10063=DIRECTION('center_axis',(0.,0.,1.));
#10064=DIRECTION('ref_axis',(-0.707106781186546,0.707106781186549,0.));
#10065=DIRECTION('',(0.,0.,-1.));
#10066=DIRECTION('center_axis',(0.,0.,1.));
#10067=DIRECTION('ref_axis',(-0.707106781186547,0.707106781186548,0.));
#10068=DIRECTION('center_axis',(0.,0.,1.));
#10069=DIRECTION('ref_axis',(-0.707106781186547,0.707106781186548,0.));
#10070=DIRECTION('',(0.,0.,-1.));
#10071=DIRECTION('center_axis',(0.,0.,1.));
#10072=DIRECTION('ref_axis',(-0.707106781186546,0.707106781186549,0.));
#10073=DIRECTION('center_axis',(0.,0.,1.));
#10074=DIRECTION('ref_axis',(-0.707106781186546,0.707106781186549,0.));
#10075=DIRECTION('',(0.,0.,-1.));
#10076=DIRECTION('center_axis',(0.,0.,1.));
#10077=DIRECTION('ref_axis',(-0.707106781186545,0.70710678118655,0.));
#10078=DIRECTION('center_axis',(0.,0.,1.));
#10079=DIRECTION('ref_axis',(-0.707106781186545,0.70710678118655,0.));
#10080=DIRECTION('',(0.,0.,-1.));
#10081=DIRECTION('center_axis',(0.,0.,1.));
#10082=DIRECTION('ref_axis',(-0.70710678118655,0.707106781186545,0.));
#10083=DIRECTION('center_axis',(0.,0.,1.));
#10084=DIRECTION('ref_axis',(-0.70710678118655,0.707106781186545,0.));
#10085=DIRECTION('',(0.,0.,-1.));
#10086=DIRECTION('center_axis',(0.,0.,1.));
#10087=DIRECTION('ref_axis',(-0.707106781186545,0.70710678118655,0.));
#10088=DIRECTION('',(0.,0.,1.));
#10089=DIRECTION('center_axis',(0.,0.,1.));
#10090=DIRECTION('ref_axis',(-0.707106781186545,0.70710678118655,0.));
#10091=DIRECTION('',(0.,0.,-1.));
#10092=DIRECTION('center_axis',(0.,1.,0.));
#10093=DIRECTION('ref_axis',(-1.,0.,0.));
#10094=DIRECTION('',(-1.,0.,0.));
#10095=DIRECTION('center_axis',(0.,0.,1.));
#10096=DIRECTION('ref_axis',(-0.70710678118655,0.707106781186545,0.));
#10097=DIRECTION('center_axis',(0.,0.,1.));
#10098=DIRECTION('ref_axis',(-0.70710678118655,0.707106781186545,0.));
#10099=DIRECTION('',(0.,0.,-1.));
#10100=DIRECTION('center_axis',(0.,0.,1.));
#10101=DIRECTION('ref_axis',(-0.707106781186547,0.707106781186547,0.));
#10102=DIRECTION('center_axis',(0.,0.,1.));
#10103=DIRECTION('ref_axis',(-0.707106781186547,0.707106781186547,0.));
#10104=DIRECTION('',(0.,0.,-1.));
#10105=DIRECTION('center_axis',(0.,0.,1.));
#10106=DIRECTION('ref_axis',(-0.707106781186545,0.70710678118655,0.));
#10107=DIRECTION('center_axis',(0.,0.,1.));
#10108=DIRECTION('ref_axis',(-0.707106781186545,0.70710678118655,0.));
#10109=DIRECTION('center_axis',(0.,-1.,0.));
#10110=DIRECTION('ref_axis',(1.,0.,0.));
#10111=DIRECTION('',(-1.,0.,0.));
#10112=DIRECTION('',(0.,0.,-1.));
#10113=DIRECTION('center_axis',(0.,0.,-1.));
#10114=DIRECTION('ref_axis',(-1.,0.,0.));
#10115=DIRECTION('',(0.,-1.,0.));
#10116=DIRECTION('',(1.,0.,0.));
#10117=DIRECTION('',(0.,1.,0.));
#10118=DIRECTION('center_axis',(0.,0.,-1.));
#10119=DIRECTION('ref_axis',(-0.707106781186547,-0.707106781186548,0.));
#10120=DIRECTION('',(1.,0.,0.));
#10121=DIRECTION('',(1.,0.,0.));
#10122=DIRECTION('',(-1.,0.,0.));
#10123=DIRECTION('',(1.,0.,0.));
#10124=DIRECTION('',(-1.,0.,0.));
#10125=DIRECTION('',(1.,0.,0.));
#10126=DIRECTION('',(-1.,0.,0.));
#10127=DIRECTION('',(1.,0.,0.));
#10128=DIRECTION('',(-1.,0.,0.));
#10129=DIRECTION('',(1.,0.,0.));
#10130=DIRECTION('',(-1.,0.,0.));
#10131=DIRECTION('',(0.,1.,0.));
#10132=DIRECTION('',(0.,-1.,0.));
#10133=DIRECTION('',(1.,0.,0.));
#10134=DIRECTION('',(-1.,0.,0.));
#10135=DIRECTION('',(1.,0.,0.));
#10136=DIRECTION('',(-1.,0.,0.));
#10137=DIRECTION('',(1.,0.,0.));
#10138=DIRECTION('',(-1.,0.,0.));
#10139=DIRECTION('',(1.,0.,0.));
#10140=DIRECTION('',(-1.,0.,0.));
#10141=DIRECTION('',(1.,0.,0.));
#10142=DIRECTION('',(-1.,0.,0.));
#10143=DIRECTION('',(1.,0.,0.));
#10144=DIRECTION('',(-1.,0.,0.));
#10145=DIRECTION('',(1.,0.,0.));
#10146=DIRECTION('',(-1.,0.,0.));
#10147=DIRECTION('',(1.,0.,0.));
#10148=DIRECTION('',(-1.,0.,0.));
#10149=DIRECTION('',(1.,0.,0.));
#10150=DIRECTION('',(-1.,0.,0.));
#10151=DIRECTION('',(0.,1.,0.));
#10152=DIRECTION('',(1.,0.,0.));
#10153=DIRECTION('',(1.,0.,0.));
#10154=DIRECTION('',(1.,0.,0.));
#10155=DIRECTION('',(1.,0.,0.));
#10156=DIRECTION('',(1.,0.,0.));
#10157=DIRECTION('',(1.,0.,0.));
#10158=DIRECTION('',(1.,0.,0.));
#10159=DIRECTION('',(1.,0.,0.));
#10160=DIRECTION('',(1.,0.,0.));
#10161=DIRECTION('',(1.,0.,0.));
#10162=DIRECTION('',(1.,0.,0.));
#10163=DIRECTION('',(1.,0.,0.));
#10164=DIRECTION('',(1.,0.,0.));
#10165=DIRECTION('',(1.,0.,0.));
#10166=DIRECTION('',(1.,0.,0.));
#10167=DIRECTION('',(1.,0.,0.));
#10168=DIRECTION('',(1.,0.,0.));
#10169=DIRECTION('',(1.,0.,0.));
#10170=DIRECTION('',(1.,0.,0.));
#10171=DIRECTION('',(1.,0.,0.));
#10172=DIRECTION('',(1.,0.,0.));
#10173=DIRECTION('',(0.,-1.,0.));
#10174=DIRECTION('',(0.,-1.,0.));
#10175=DIRECTION('',(0.,-1.,0.));
#10176=DIRECTION('',(0.,-1.,0.));
#10177=DIRECTION('',(0.,-1.,0.));
#10178=DIRECTION('',(0.,-1.,0.));
#10179=DIRECTION('',(0.,-1.,0.));
#10180=DIRECTION('',(0.,-1.,0.));
#10181=DIRECTION('',(0.,-1.,0.));
#10182=DIRECTION('',(0.,-1.,0.));
#10183=DIRECTION('',(0.,-1.,0.));
#10184=DIRECTION('',(0.,-1.,0.));
#10185=DIRECTION('',(0.,-1.,0.));
#10186=DIRECTION('',(0.,-1.,0.));
#10187=DIRECTION('',(0.,-1.,0.));
#10188=DIRECTION('',(0.,-1.,0.));
#10189=DIRECTION('',(0.,-1.,0.));
#10190=DIRECTION('',(0.,-1.,0.));
#10191=DIRECTION('',(0.,-1.,0.));
#10192=DIRECTION('',(0.,-1.,0.));
#10193=DIRECTION('',(0.,-1.,0.));
#10194=DIRECTION('',(0.,-1.,0.));
#10195=DIRECTION('center_axis',(0.,1.,0.));
#10196=DIRECTION('ref_axis',(-1.,0.,0.));
#10197=DIRECTION('center_axis',(0.,0.,1.));
#10198=DIRECTION('ref_axis',(-0.707106781186547,-0.707106781186548,0.));
#10199=DIRECTION('',(0.,0.,-1.));
#10200=DIRECTION('center_axis',(0.,-1.,0.));
#10201=DIRECTION('ref_axis',(1.,0.,0.));
#10202=DIRECTION('center_axis',(0.,1.,0.));
#10203=DIRECTION('ref_axis',(-1.,0.,0.));
#10204=DIRECTION('center_axis',(0.,-1.,0.));
#10205=DIRECTION('ref_axis',(1.,0.,0.));
#10206=DIRECTION('center_axis',(0.,-1.,0.));
#10207=DIRECTION('ref_axis',(1.,0.,0.));
#10208=DIRECTION('center_axis',(0.,1.,0.));
#10209=DIRECTION('ref_axis',(-1.,0.,0.));
#10210=DIRECTION('center_axis',(0.,-1.,0.));
#10211=DIRECTION('ref_axis',(1.,0.,0.));
#10212=DIRECTION('center_axis',(0.,1.,0.));
#10213=DIRECTION('ref_axis',(-1.,0.,0.));
#10214=DIRECTION('center_axis',(0.,-1.,0.));
#10215=DIRECTION('ref_axis',(1.,0.,0.));
#10216=DIRECTION('center_axis',(0.,1.,0.));
#10217=DIRECTION('ref_axis',(-1.,0.,0.));
#10218=DIRECTION('center_axis',(0.,-1.,0.));
#10219=DIRECTION('ref_axis',(1.,0.,0.));
#10220=DIRECTION('center_axis',(0.,1.,0.));
#10221=DIRECTION('ref_axis',(-1.,0.,0.));
#10222=DIRECTION('center_axis',(0.,1.,0.));
#10223=DIRECTION('ref_axis',(-1.,0.,0.));
#10224=DIRECTION('center_axis',(0.,-1.,0.));
#10225=DIRECTION('ref_axis',(1.,0.,0.));
#10226=DIRECTION('center_axis',(0.,1.,0.));
#10227=DIRECTION('ref_axis',(-1.,0.,0.));
#10228=DIRECTION('center_axis',(0.,-1.,0.));
#10229=DIRECTION('ref_axis',(1.,0.,0.));
#10230=DIRECTION('center_axis',(0.,1.,0.));
#10231=DIRECTION('ref_axis',(-1.,0.,0.));
#10232=DIRECTION('center_axis',(0.,-1.,0.));
#10233=DIRECTION('ref_axis',(1.,0.,0.));
#10234=DIRECTION('center_axis',(0.,1.,0.));
#10235=DIRECTION('ref_axis',(-1.,0.,0.));
#10236=DIRECTION('center_axis',(0.,-1.,0.));
#10237=DIRECTION('ref_axis',(1.,0.,0.));
#10238=DIRECTION('center_axis',(0.,1.,0.));
#10239=DIRECTION('ref_axis',(-1.,0.,0.));
#10240=DIRECTION('center_axis',(0.,-1.,0.));
#10241=DIRECTION('ref_axis',(1.,0.,0.));
#10242=DIRECTION('center_axis',(0.,1.,0.));
#10243=DIRECTION('ref_axis',(-1.,0.,0.));
#10244=DIRECTION('center_axis',(0.,-1.,0.));
#10245=DIRECTION('ref_axis',(1.,0.,0.));
#10246=DIRECTION('center_axis',(0.,1.,0.));
#10247=DIRECTION('ref_axis',(-1.,0.,0.));
#10248=DIRECTION('center_axis',(0.,-1.,0.));
#10249=DIRECTION('ref_axis',(1.,0.,0.));
#10250=DIRECTION('center_axis',(0.,1.,0.));
#10251=DIRECTION('ref_axis',(-1.,0.,0.));
#10252=DIRECTION('center_axis',(0.,-1.,0.));
#10253=DIRECTION('ref_axis',(1.,0.,0.));
#10254=DIRECTION('center_axis',(0.,1.,0.));
#10255=DIRECTION('ref_axis',(-1.,0.,0.));
#10256=DIRECTION('center_axis',(0.,-1.,0.));
#10257=DIRECTION('ref_axis',(1.,0.,0.));
#10258=DIRECTION('center_axis',(0.,-1.,0.));
#10259=DIRECTION('ref_axis',(1.,0.,0.));
#10260=DIRECTION('center_axis',(0.,-1.,0.));
#10261=DIRECTION('ref_axis',(1.,0.,0.));
#10262=DIRECTION('center_axis',(0.,-1.,0.));
#10263=DIRECTION('ref_axis',(1.,0.,0.));
#10264=DIRECTION('center_axis',(0.,-1.,0.));
#10265=DIRECTION('ref_axis',(1.,0.,0.));
#10266=DIRECTION('center_axis',(0.,-1.,0.));
#10267=DIRECTION('ref_axis',(1.,0.,0.));
#10268=DIRECTION('center_axis',(0.,-1.,0.));
#10269=DIRECTION('ref_axis',(1.,0.,0.));
#10270=DIRECTION('center_axis',(0.,-1.,0.));
#10271=DIRECTION('ref_axis',(1.,0.,0.));
#10272=DIRECTION('center_axis',(0.,-1.,0.));
#10273=DIRECTION('ref_axis',(1.,0.,0.));
#10274=DIRECTION('center_axis',(0.,-1.,0.));
#10275=DIRECTION('ref_axis',(1.,0.,0.));
#10276=DIRECTION('center_axis',(0.,-1.,0.));
#10277=DIRECTION('ref_axis',(1.,0.,0.));
#10278=DIRECTION('center_axis',(0.,-1.,0.));
#10279=DIRECTION('ref_axis',(1.,0.,0.));
#10280=DIRECTION('center_axis',(0.,-1.,0.));
#10281=DIRECTION('ref_axis',(1.,0.,0.));
#10282=DIRECTION('center_axis',(0.,-1.,0.));
#10283=DIRECTION('ref_axis',(1.,0.,0.));
#10284=DIRECTION('center_axis',(0.,-1.,0.));
#10285=DIRECTION('ref_axis',(1.,0.,0.));
#10286=DIRECTION('center_axis',(0.,-1.,0.));
#10287=DIRECTION('ref_axis',(1.,0.,0.));
#10288=DIRECTION('center_axis',(0.,-1.,0.));
#10289=DIRECTION('ref_axis',(1.,0.,0.));
#10290=DIRECTION('center_axis',(0.,-1.,0.));
#10291=DIRECTION('ref_axis',(1.,0.,0.));
#10292=DIRECTION('center_axis',(0.,-1.,0.));
#10293=DIRECTION('ref_axis',(1.,0.,0.));
#10294=DIRECTION('center_axis',(0.,-1.,0.));
#10295=DIRECTION('ref_axis',(1.,0.,0.));
#10296=DIRECTION('center_axis',(0.,-1.,0.));
#10297=DIRECTION('ref_axis',(1.,0.,0.));
#10298=DIRECTION('center_axis',(-1.,0.,0.));
#10299=DIRECTION('ref_axis',(0.,-1.,0.));
#10300=DIRECTION('center_axis',(1.,0.,0.));
#10301=DIRECTION('ref_axis',(0.,1.,0.));
#10302=DIRECTION('center_axis',(-1.,0.,0.));
#10303=DIRECTION('ref_axis',(0.,-1.,0.));
#10304=DIRECTION('center_axis',(1.,0.,0.));
#10305=DIRECTION('ref_axis',(0.,1.,0.));
#10306=DIRECTION('center_axis',(1.,0.,0.));
#10307=DIRECTION('ref_axis',(0.,1.,0.));
#10308=DIRECTION('center_axis',(0.,-1.,0.));
#10309=DIRECTION('ref_axis',(1.,0.,0.));
#10310=DIRECTION('center_axis',(-1.,0.,0.));
#10311=DIRECTION('ref_axis',(0.,-1.,0.));
#10312=DIRECTION('center_axis',(-1.,0.,0.));
#10313=DIRECTION('ref_axis',(0.,-1.,0.));
#10314=DIRECTION('center_axis',(-1.,0.,0.));
#10315=DIRECTION('ref_axis',(0.,-1.,0.));
#10316=DIRECTION('center_axis',(-1.,0.,0.));
#10317=DIRECTION('ref_axis',(0.,-1.,0.));
#10318=DIRECTION('center_axis',(-1.,0.,0.));
#10319=DIRECTION('ref_axis',(0.,-1.,0.));
#10320=DIRECTION('center_axis',(-1.,0.,0.));
#10321=DIRECTION('ref_axis',(0.,-1.,0.));
#10322=DIRECTION('center_axis',(-1.,0.,0.));
#10323=DIRECTION('ref_axis',(0.,-1.,0.));
#10324=DIRECTION('center_axis',(-1.,0.,0.));
#10325=DIRECTION('ref_axis',(0.,-1.,0.));
#10326=DIRECTION('center_axis',(-1.,0.,0.));
#10327=DIRECTION('ref_axis',(0.,-1.,0.));
#10328=DIRECTION('center_axis',(-1.,0.,0.));
#10329=DIRECTION('ref_axis',(0.,-1.,0.));
#10330=DIRECTION('center_axis',(-1.,0.,0.));
#10331=DIRECTION('ref_axis',(0.,-1.,0.));
#10332=DIRECTION('center_axis',(-1.,0.,0.));
#10333=DIRECTION('ref_axis',(0.,-1.,0.));
#10334=DIRECTION('center_axis',(-1.,0.,0.));
#10335=DIRECTION('ref_axis',(0.,-1.,0.));
#10336=DIRECTION('center_axis',(-1.,0.,0.));
#10337=DIRECTION('ref_axis',(0.,-1.,0.));
#10338=DIRECTION('center_axis',(-1.,0.,0.));
#10339=DIRECTION('ref_axis',(0.,-1.,0.));
#10340=DIRECTION('center_axis',(-1.,0.,0.));
#10341=DIRECTION('ref_axis',(0.,-1.,0.));
#10342=DIRECTION('center_axis',(-1.,0.,0.));
#10343=DIRECTION('ref_axis',(0.,-1.,0.));
#10344=DIRECTION('center_axis',(-1.,0.,0.));
#10345=DIRECTION('ref_axis',(0.,-1.,0.));
#10346=DIRECTION('center_axis',(-1.,0.,0.));
#10347=DIRECTION('ref_axis',(0.,-1.,0.));
#10348=DIRECTION('center_axis',(-1.,0.,0.));
#10349=DIRECTION('ref_axis',(0.,-1.,0.));
#10350=DIRECTION('center_axis',(-1.,0.,0.));
#10351=DIRECTION('ref_axis',(0.,-1.,0.));
#10352=DIRECTION('center_axis',(-1.,0.,0.));
#10353=DIRECTION('ref_axis',(0.,-1.,0.));
#10354=CARTESIAN_POINT('',(0.,0.,0.));
#10355=CARTESIAN_POINT('Origin',(0.,2.22044604925031E-15,-5.2));
#10356=CARTESIAN_POINT('',(-44.3172229039727,-17.4469387755102,-5.2));
#10357=CARTESIAN_POINT('',(-43.1262531326303,-16.1,-5.2));
#10358=CARTESIAN_POINT('Origin',(-43.1262531326303,-17.3,-5.2));
#10359=CARTESIAN_POINT('',(43.1262531326303,-16.1,-5.2));
#10360=CARTESIAN_POINT('',(22.2,-16.1,-5.2));
#10361=CARTESIAN_POINT('',(44.3172229039727,-17.4469387755102,-5.2));
#10362=CARTESIAN_POINT('Origin',(43.1262531326303,-17.3,-5.2));
#10363=CARTESIAN_POINT('',(33.4,-27.1,-5.2));
#10364=CARTESIAN_POINT('Origin',(33.4,-16.1,-5.2));
#10365=CARTESIAN_POINT('',(-33.4,-27.1,-5.2));
#10366=CARTESIAN_POINT('',(-16.7,-27.1,-5.2));
#10367=CARTESIAN_POINT('Origin',(-33.4,-16.1,-5.2));
#10368=CARTESIAN_POINT('',(-37.7,-19.165,-5.2));
#10369=CARTESIAN_POINT('Origin',(-36.5,-19.165,-5.2));
#10370=CARTESIAN_POINT('',(35.3,-19.165,-5.2));
#10371=CARTESIAN_POINT('Origin',(36.5,-19.165,-5.2));
#10372=CARTESIAN_POINT('Origin',(0.,2.22044604925031E-15,-5.2));
#10373=CARTESIAN_POINT('',(44.3172229039727,17.4469387755102,-5.2));
#10374=CARTESIAN_POINT('',(43.1262531326303,16.1,-5.2));
#10375=CARTESIAN_POINT('Origin',(43.1262531326303,17.3,-5.2));
#10376=CARTESIAN_POINT('',(4.59999999999999,16.1,-5.2));
#10377=CARTESIAN_POINT('',(1.7,16.1,-5.2));
#10378=CARTESIAN_POINT('',(3.39999999999999,17.3,-5.2));
#10379=CARTESIAN_POINT('Origin',(4.59999999999999,17.3,-5.2));
#10380=CARTESIAN_POINT('',(3.39999999999999,25.9,-5.2));
#10381=CARTESIAN_POINT('',(3.39999999999999,13.55,-5.2));
#10382=CARTESIAN_POINT('',(4.59999999999999,27.1,-5.2));
#10383=CARTESIAN_POINT('Origin',(4.59999999999999,25.9,-5.2));
#10384=CARTESIAN_POINT('',(33.4,27.1,-5.2));
#10385=CARTESIAN_POINT('',(16.7,27.1,-5.2));
#10386=CARTESIAN_POINT('Origin',(33.4,16.1,-5.2));
#10387=CARTESIAN_POINT('',(35.3,19.165,-5.2));
#10388=CARTESIAN_POINT('Origin',(36.5,19.165,-5.2));
#10389=CARTESIAN_POINT('Origin',(0.,2.22044604925031E-15,-5.2));
#10390=CARTESIAN_POINT('',(-43.1262531326303,16.1,-5.2));
#10391=CARTESIAN_POINT('',(-44.3172229039727,17.4469387755102,-5.2));
#10392=CARTESIAN_POINT('Origin',(-43.1262531326303,17.3,-5.2));
#10393=CARTESIAN_POINT('',(-34.7469387755102,27.0172229039727,-5.2));
#10394=CARTESIAN_POINT('Origin',(-33.4,16.1,-5.2));
#10395=CARTESIAN_POINT('',(-33.4,25.8262531326303,-5.2));
#10396=CARTESIAN_POINT('Origin',(-34.6,25.8262531326303,-5.2));
#10397=CARTESIAN_POINT('',(-33.4,17.3,-5.2));
#10398=CARTESIAN_POINT('',(-33.4,8.05,-5.2));
#10399=CARTESIAN_POINT('',(-34.6,16.1,-5.2));
#10400=CARTESIAN_POINT('Origin',(-34.6,17.3,-5.2));
#10401=CARTESIAN_POINT('',(-22.2,16.1,-5.2));
#10402=CARTESIAN_POINT('',(-37.7,19.165,-5.2));
#10403=CARTESIAN_POINT('Origin',(-36.5,19.165,-5.2));
#10404=CARTESIAN_POINT('Origin',(-43.1262531326303,17.3,1.2));
#10405=CARTESIAN_POINT('',(-43.1262531326303,16.1,1.2));
#10406=CARTESIAN_POINT('',(-43.1262531326303,16.1,1.2));
#10407=CARTESIAN_POINT('',(-44.3172229039727,17.4469387755102,1.2));
#10408=CARTESIAN_POINT('Origin',(-43.1262531326303,17.3,1.2));
#10409=CARTESIAN_POINT('',(-44.3172229039727,17.4469387755102,1.2));
#10410=CARTESIAN_POINT('Origin',(-33.4,16.1,1.2));
#10411=CARTESIAN_POINT('',(-44.4,16.1,1.2));
#10412=CARTESIAN_POINT('Origin',(-33.4,16.1,1.2));
#10413=CARTESIAN_POINT('',(-44.4,16.1,4.));
#10414=CARTESIAN_POINT('',(-44.4,16.1,1.2));
#10415=CARTESIAN_POINT('',(-33.4,27.1,4.));
#10416=CARTESIAN_POINT('Origin',(-33.4,16.1,4.));
#10417=CARTESIAN_POINT('',(-33.4,27.1,1.2));
#10418=CARTESIAN_POINT('',(-33.4,27.1,1.2));
#10419=CARTESIAN_POINT('',(-34.7469387755102,27.0172229039727,1.2));
#10420=CARTESIAN_POINT('Origin',(-33.4,16.1,1.2));
#10421=CARTESIAN_POINT('',(-34.7469387755102,27.0172229039727,1.2));
#10422=CARTESIAN_POINT('Origin',(-34.6,25.8262531326303,1.2));
#10423=CARTESIAN_POINT('',(-33.4,25.8262531326303,1.2));
#10424=CARTESIAN_POINT('Origin',(-34.6,25.8262531326303,1.2));
#10425=CARTESIAN_POINT('',(-33.4,25.8262531326303,1.2));
#10426=CARTESIAN_POINT('Origin',(-34.6,17.3,1.2));
#10427=CARTESIAN_POINT('',(-33.4,17.3,1.2));
#10428=CARTESIAN_POINT('',(-33.4,17.3,1.2));
#10429=CARTESIAN_POINT('',(-34.6,16.1,1.2));
#10430=CARTESIAN_POINT('Origin',(-34.6,17.3,1.2));
#10431=CARTESIAN_POINT('',(-34.6,16.1,1.2));
#10432=CARTESIAN_POINT('Origin',(-33.4,16.1,1.2));
#10433=CARTESIAN_POINT('',(-31.3,16.1,1.2));
#10434=CARTESIAN_POINT('Origin',(-43.1262531326303,-17.3,1.2));
#10435=CARTESIAN_POINT('',(-44.3172229039727,-17.4469387755102,1.2));
#10436=CARTESIAN_POINT('',(-44.3172229039727,-17.4469387755102,1.2));
#10437=CARTESIAN_POINT('',(-43.1262531326303,-16.1,1.2));
#10438=CARTESIAN_POINT('Origin',(-43.1262531326303,-17.3,1.2));
#10439=CARTESIAN_POINT('',(-43.1262531326303,-16.1,1.2));
#10440=CARTESIAN_POINT('Origin',(-44.4,-16.1,1.2));
#10441=CARTESIAN_POINT('',(43.1262531326303,-16.1,1.2));
#10442=CARTESIAN_POINT('',(-36.8,-16.1,1.2));
#10443=CARTESIAN_POINT('',(43.1262531326303,-16.1,1.2));
#10444=CARTESIAN_POINT('Origin',(43.1262531326303,-17.3,1.2));
#10445=CARTESIAN_POINT('',(44.3172229039727,-17.4469387755102,1.2));
#10446=CARTESIAN_POINT('Origin',(43.1262531326303,-17.3,1.2));
#10447=CARTESIAN_POINT('',(44.3172229039727,-17.4469387755102,1.2));
#10448=CARTESIAN_POINT('Origin',(33.4,-16.1,1.2));
#10449=CARTESIAN_POINT('',(44.4,-16.1,1.2));
#10450=CARTESIAN_POINT('Origin',(33.4,-16.1,1.2));
#10451=CARTESIAN_POINT('',(44.4,-16.1,4.));
#10452=CARTESIAN_POINT('',(44.4,-16.1,1.2));
#10453=CARTESIAN_POINT('',(33.4,-27.1,4.));
#10454=CARTESIAN_POINT('Origin',(33.4,-16.1,4.));
#10455=CARTESIAN_POINT('',(33.4,-27.1,1.2));
#10456=CARTESIAN_POINT('Origin',(43.1262531326303,17.3,1.2));
#10457=CARTESIAN_POINT('',(44.3172229039727,17.4469387755102,1.2));
#10458=CARTESIAN_POINT('',(44.3172229039727,17.4469387755102,1.2));
#10459=CARTESIAN_POINT('',(43.1262531326303,16.1,1.2));
#10460=CARTESIAN_POINT('Origin',(43.1262531326303,17.3,1.2));
#10461=CARTESIAN_POINT('',(43.1262531326303,16.1,1.2));
#10462=CARTESIAN_POINT('Origin',(33.4,16.1,1.2));
#10463=CARTESIAN_POINT('',(44.4,16.1,1.2));
#10464=CARTESIAN_POINT('Origin',(33.4,16.1,1.2));
#10465=CARTESIAN_POINT('',(33.4,27.1,4.));
#10466=CARTESIAN_POINT('',(33.4,27.1,1.2));
#10467=CARTESIAN_POINT('',(44.4,16.1,4.));
#10468=CARTESIAN_POINT('Origin',(33.4,16.1,4.));
#10469=CARTESIAN_POINT('',(44.4,16.1,1.2));
#10470=CARTESIAN_POINT('Origin',(4.59999999999999,25.9,1.2));
#10471=CARTESIAN_POINT('',(3.39999999999999,25.9,1.2));
#10472=CARTESIAN_POINT('',(3.39999999999999,25.9,1.2));
#10473=CARTESIAN_POINT('',(4.59999999999999,27.1,1.2));
#10474=CARTESIAN_POINT('Origin',(4.59999999999999,25.9,1.2));
#10475=CARTESIAN_POINT('',(4.59999999999999,27.1,1.2));
#10476=CARTESIAN_POINT('Origin',(3.39999999999999,16.1,1.2));
#10477=CARTESIAN_POINT('',(3.39999999999999,17.3,1.2));
#10478=CARTESIAN_POINT('',(3.39999999999999,17.3,1.2));
#10479=CARTESIAN_POINT('',(3.39999999999999,13.525,1.2));
#10480=CARTESIAN_POINT('Origin',(4.59999999999999,17.3,1.2));
#10481=CARTESIAN_POINT('',(4.59999999999999,16.1,1.2));
#10482=CARTESIAN_POINT('',(4.59999999999999,16.1,1.2));
#10483=CARTESIAN_POINT('Origin',(4.59999999999999,17.3,1.2));
#10484=CARTESIAN_POINT('Origin',(-33.4,27.1,1.2));
#10485=CARTESIAN_POINT('',(-33.4,19.025,1.2));
#10486=CARTESIAN_POINT('Origin',(-29.2,10.95,1.2));
#10487=CARTESIAN_POINT('',(22.2,27.1,1.2));
#10488=CARTESIAN_POINT('',(7.6,16.1,1.2));
#10489=CARTESIAN_POINT('',(44.4,-14.6,1.2));
#10490=CARTESIAN_POINT('',(-44.4,-16.1,1.2));
#10491=CARTESIAN_POINT('Origin',(-33.4,-16.1,1.2));
#10492=CARTESIAN_POINT('',(-44.4,-7.3,1.2));
#10493=CARTESIAN_POINT('',(-34.65,-7.9,1.2));
#10494=CARTESIAN_POINT('',(-42.,-7.9,1.2));
#10495=CARTESIAN_POINT('',(43.8,-7.9,1.2));
#10496=CARTESIAN_POINT('',(-43.2,-9.1,1.2));
#10497=CARTESIAN_POINT('Origin',(-42.,-9.1,1.2));
#10498=CARTESIAN_POINT('',(-43.2,-12.8,1.2));
#10499=CARTESIAN_POINT('',(-43.2,-7.3,1.2));
#10500=CARTESIAN_POINT('',(-42.,-14.,1.2));
#10501=CARTESIAN_POINT('Origin',(-42.,-12.8,1.2));
#10502=CARTESIAN_POINT('',(-34.65,-14.,1.2));
#10503=CARTESIAN_POINT('',(-43.8,-14.,1.2));
#10504=CARTESIAN_POINT('',(-33.45,-12.8,1.2));
#10505=CARTESIAN_POINT('Origin',(-34.65,-12.8,1.2));
#10506=CARTESIAN_POINT('',(-33.45,-9.1,1.2));
#10507=CARTESIAN_POINT('',(-33.45,-7.3,1.2));
#10508=CARTESIAN_POINT('Origin',(-34.65,-9.1,1.2));
#10509=CARTESIAN_POINT('',(-23.75,-14.,1.2));
#10510=CARTESIAN_POINT('',(-16.4,-14.,1.2));
#10511=CARTESIAN_POINT('',(-43.8,-14.,1.2));
#10512=CARTESIAN_POINT('',(-15.2,-12.8,1.2));
#10513=CARTESIAN_POINT('Origin',(-16.4,-12.8,1.2));
#10514=CARTESIAN_POINT('',(-15.2,-9.1,1.2));
#10515=CARTESIAN_POINT('',(-15.2,-7.3,1.2));
#10516=CARTESIAN_POINT('',(-16.4,-7.9,1.2));
#10517=CARTESIAN_POINT('Origin',(-16.4,-9.1,1.2));
#10518=CARTESIAN_POINT('',(-23.75,-7.9,1.2));
#10519=CARTESIAN_POINT('',(43.8,-7.9,1.2));
#10520=CARTESIAN_POINT('',(-24.95,-9.1,1.2));
#10521=CARTESIAN_POINT('Origin',(-23.75,-9.1,1.2));
#10522=CARTESIAN_POINT('',(-24.95,-12.8,1.2));
#10523=CARTESIAN_POINT('',(-24.95,-7.3,1.2));
#10524=CARTESIAN_POINT('Origin',(-23.75,-12.8,1.2));
#10525=CARTESIAN_POINT('',(16.4,-14.,1.2));
#10526=CARTESIAN_POINT('',(23.75,-14.,1.2));
#10527=CARTESIAN_POINT('',(-43.8,-14.,1.2));
#10528=CARTESIAN_POINT('',(24.95,-12.8,1.2));
#10529=CARTESIAN_POINT('Origin',(23.75,-12.8,1.2));
#10530=CARTESIAN_POINT('',(24.95,-9.1,1.2));
#10531=CARTESIAN_POINT('',(24.95,-7.3,1.2));
#10532=CARTESIAN_POINT('',(23.75,-7.9,1.2));
#10533=CARTESIAN_POINT('Origin',(23.75,-9.1,1.2));
#10534=CARTESIAN_POINT('',(16.4,-7.9,1.2));
#10535=CARTESIAN_POINT('',(43.8,-7.9,1.2));
#10536=CARTESIAN_POINT('',(15.2,-9.1,1.2));
#10537=CARTESIAN_POINT('Origin',(16.4,-9.1,1.2));
#10538=CARTESIAN_POINT('',(15.2,-12.8,1.2));
#10539=CARTESIAN_POINT('',(15.2,-7.3,1.2));
#10540=CARTESIAN_POINT('Origin',(16.4,-12.8,1.2));
#10541=CARTESIAN_POINT('',(34.65,-14.,1.2));
#10542=CARTESIAN_POINT('',(42.,-14.,1.2));
#10543=CARTESIAN_POINT('',(-43.8,-14.,1.2));
#10544=CARTESIAN_POINT('',(43.2,-12.8,1.2));
#10545=CARTESIAN_POINT('Origin',(42.,-12.8,1.2));
#10546=CARTESIAN_POINT('',(43.2,-9.1,1.2));
#10547=CARTESIAN_POINT('',(43.2,-14.6,1.2));
#10548=CARTESIAN_POINT('',(42.,-7.9,1.2));
#10549=CARTESIAN_POINT('Origin',(42.,-9.1,1.2));
#10550=CARTESIAN_POINT('',(34.65,-7.9,1.2));
#10551=CARTESIAN_POINT('',(43.8,-7.9,1.2));
#10552=CARTESIAN_POINT('',(33.45,-9.1,1.2));
#10553=CARTESIAN_POINT('Origin',(34.65,-9.1,1.2));
#10554=CARTESIAN_POINT('',(33.45,-12.8,1.2));
#10555=CARTESIAN_POINT('',(33.45,-7.3,1.2));
#10556=CARTESIAN_POINT('Origin',(34.65,-12.8,1.2));
#10557=CARTESIAN_POINT('',(-32.825,-0.6,1.2));
#10558=CARTESIAN_POINT('',(-42.,-0.6,1.2));
#10559=CARTESIAN_POINT('',(43.8,-0.6,1.2));
#10560=CARTESIAN_POINT('',(-43.2,-1.8,1.2));
#10561=CARTESIAN_POINT('Origin',(-42.,-1.8,1.2));
#10562=CARTESIAN_POINT('',(-43.2,-5.5,1.2));
#10563=CARTESIAN_POINT('',(-43.2,-7.3,1.2));
#10564=CARTESIAN_POINT('',(-42.,-6.7,1.2));
#10565=CARTESIAN_POINT('Origin',(-42.,-5.5,1.2));
#10566=CARTESIAN_POINT('',(-32.825,-6.7,1.2));
#10567=CARTESIAN_POINT('',(43.8,-6.7,1.2));
#10568=CARTESIAN_POINT('',(-31.625,-5.5,1.2));
#10569=CARTESIAN_POINT('Origin',(-32.825,-5.5,1.2));
#10570=CARTESIAN_POINT('',(-31.625,-1.8,1.2));
#10571=CARTESIAN_POINT('',(-31.625,0.,1.2));
#10572=CARTESIAN_POINT('Origin',(-32.825,-1.8,1.2));
#10573=CARTESIAN_POINT('',(-18.225,-0.6,1.2));
#10574=CARTESIAN_POINT('',(-21.925,-0.6,1.2));
#10575=CARTESIAN_POINT('',(43.8,-0.6,1.2));
#10576=CARTESIAN_POINT('',(-23.125,-1.8,1.2));
#10577=CARTESIAN_POINT('Origin',(-21.925,-1.8,1.2));
#10578=CARTESIAN_POINT('',(-23.125,-5.5,1.2));
#10579=CARTESIAN_POINT('',(-23.125,0.,1.2));
#10580=CARTESIAN_POINT('',(-21.925,-6.7,1.2));
#10581=CARTESIAN_POINT('Origin',(-21.925,-5.5,1.2));
#10582=CARTESIAN_POINT('',(-18.225,-6.7,1.2));
#10583=CARTESIAN_POINT('',(43.8,-6.7,1.2));
#10584=CARTESIAN_POINT('',(-17.025,-5.5,1.2));
#10585=CARTESIAN_POINT('Origin',(-18.225,-5.5,1.2));
#10586=CARTESIAN_POINT('',(-17.025,-1.8,1.2));
#10587=CARTESIAN_POINT('',(-17.025,0.,1.2));
#10588=CARTESIAN_POINT('Origin',(-18.225,-1.8,1.2));
#10589=CARTESIAN_POINT('',(-3.625,-0.6,1.2));
#10590=CARTESIAN_POINT('',(-7.325,-0.6,1.2));
#10591=CARTESIAN_POINT('',(43.8,-0.6,1.2));
#10592=CARTESIAN_POINT('',(-8.525,-1.8,1.2));
#10593=CARTESIAN_POINT('Origin',(-7.325,-1.8,1.2));
#10594=CARTESIAN_POINT('',(-8.525,-5.5,1.2));
#10595=CARTESIAN_POINT('',(-8.525,0.,1.2));
#10596=CARTESIAN_POINT('',(-7.325,-6.7,1.2));
#10597=CARTESIAN_POINT('Origin',(-7.325,-5.5,1.2));
#10598=CARTESIAN_POINT('',(-3.625,-6.7,1.2));
#10599=CARTESIAN_POINT('',(43.8,-6.7,1.2));
#10600=CARTESIAN_POINT('',(-2.425,-5.5,1.2));
#10601=CARTESIAN_POINT('Origin',(-3.625,-5.5,1.2));
#10602=CARTESIAN_POINT('',(-2.425,-1.8,1.2));
#10603=CARTESIAN_POINT('',(-2.425,0.,1.2));
#10604=CARTESIAN_POINT('Origin',(-3.625,-1.8,1.2));
#10605=CARTESIAN_POINT('',(10.975,-0.6,1.2));
#10606=CARTESIAN_POINT('',(7.275,-0.6,1.2));
#10607=CARTESIAN_POINT('',(43.8,-0.6,1.2));
#10608=CARTESIAN_POINT('',(6.075,-1.8,1.2));
#10609=CARTESIAN_POINT('Origin',(7.275,-1.8,1.2));
#10610=CARTESIAN_POINT('',(6.075,-5.5,1.2));
#10611=CARTESIAN_POINT('',(6.075,0.,1.2));
#10612=CARTESIAN_POINT('',(7.275,-6.7,1.2));
#10613=CARTESIAN_POINT('Origin',(7.275,-5.5,1.2));
#10614=CARTESIAN_POINT('',(10.975,-6.7,1.2));
#10615=CARTESIAN_POINT('',(43.8,-6.7,1.2));
#10616=CARTESIAN_POINT('',(12.175,-5.5,1.2));
#10617=CARTESIAN_POINT('Origin',(10.975,-5.5,1.2));
#10618=CARTESIAN_POINT('',(12.175,-1.8,1.2));
#10619=CARTESIAN_POINT('',(12.175,0.,1.2));
#10620=CARTESIAN_POINT('Origin',(10.975,-1.8,1.2));
#10621=CARTESIAN_POINT('',(25.575,-0.6,1.2));
#10622=CARTESIAN_POINT('',(21.875,-0.6,1.2));
#10623=CARTESIAN_POINT('',(43.8,-0.6,1.2));
#10624=CARTESIAN_POINT('',(20.675,-1.8,1.2));
#10625=CARTESIAN_POINT('Origin',(21.875,-1.8,1.2));
#10626=CARTESIAN_POINT('',(20.675,-5.5,1.2));
#10627=CARTESIAN_POINT('',(20.675,0.,1.2));
#10628=CARTESIAN_POINT('',(21.875,-6.7,1.2));
#10629=CARTESIAN_POINT('Origin',(21.875,-5.5,1.2));
#10630=CARTESIAN_POINT('',(25.575,-6.7,1.2));
#10631=CARTESIAN_POINT('',(43.8,-6.7,1.2));
#10632=CARTESIAN_POINT('',(26.775,-5.5,1.2));
#10633=CARTESIAN_POINT('Origin',(25.575,-5.5,1.2));
#10634=CARTESIAN_POINT('',(26.775,-1.8,1.2));
#10635=CARTESIAN_POINT('',(26.775,0.,1.2));
#10636=CARTESIAN_POINT('Origin',(25.575,-1.8,1.2));
#10637=CARTESIAN_POINT('',(43.2,-5.5,1.2));
#10638=CARTESIAN_POINT('',(43.2,-1.8,1.2));
#10639=CARTESIAN_POINT('',(43.2,-14.6,1.2));
#10640=CARTESIAN_POINT('',(42.,-0.6,1.2));
#10641=CARTESIAN_POINT('Origin',(42.,-1.8,1.2));
#10642=CARTESIAN_POINT('',(36.475,-0.6,1.2));
#10643=CARTESIAN_POINT('',(43.8,-0.6,1.2));
#10644=CARTESIAN_POINT('',(35.275,-1.8,1.2));
#10645=CARTESIAN_POINT('Origin',(36.475,-1.8,1.2));
#10646=CARTESIAN_POINT('',(35.275,-5.5,1.2));
#10647=CARTESIAN_POINT('',(35.275,0.,1.2));
#10648=CARTESIAN_POINT('',(36.475,-6.7,1.2));
#10649=CARTESIAN_POINT('Origin',(36.475,-5.5,1.2));
#10650=CARTESIAN_POINT('',(42.,-6.7,1.2));
#10651=CARTESIAN_POINT('',(43.8,-6.7,1.2));
#10652=CARTESIAN_POINT('Origin',(42.,-5.5,1.2));
#10653=CARTESIAN_POINT('',(-29.175,6.7,1.2));
#10654=CARTESIAN_POINT('',(-32.875,6.7,1.2));
#10655=CARTESIAN_POINT('',(43.8,6.7,1.2));
#10656=CARTESIAN_POINT('',(-34.075,5.5,1.2));
#10657=CARTESIAN_POINT('Origin',(-32.875,5.5,1.2));
#10658=CARTESIAN_POINT('',(-34.075,1.8,1.2));
#10659=CARTESIAN_POINT('',(-34.075,7.3,1.2));
#10660=CARTESIAN_POINT('',(-32.875,0.6,1.2));
#10661=CARTESIAN_POINT('Origin',(-32.875,1.8,1.2));
#10662=CARTESIAN_POINT('',(-29.175,0.6,1.2));
#10663=CARTESIAN_POINT('',(43.8,0.6,1.2));
#10664=CARTESIAN_POINT('',(-27.975,1.8,1.2));
#10665=CARTESIAN_POINT('Origin',(-29.175,1.8,1.2));
#10666=CARTESIAN_POINT('',(-27.975,5.5,1.2));
#10667=CARTESIAN_POINT('',(-27.975,7.3,1.2));
#10668=CARTESIAN_POINT('Origin',(-29.175,5.5,1.2));
#10669=CARTESIAN_POINT('',(-14.575,6.7,1.2));
#10670=CARTESIAN_POINT('',(-18.275,6.7,1.2));
#10671=CARTESIAN_POINT('',(43.8,6.7,1.2));
#10672=CARTESIAN_POINT('',(-19.475,5.5,1.2));
#10673=CARTESIAN_POINT('Origin',(-18.275,5.5,1.2));
#10674=CARTESIAN_POINT('',(-19.475,1.8,1.2));
#10675=CARTESIAN_POINT('',(-19.475,7.3,1.2));
#10676=CARTESIAN_POINT('',(-18.275,0.6,1.2));
#10677=CARTESIAN_POINT('Origin',(-18.275,1.8,1.2));
#10678=CARTESIAN_POINT('',(-14.575,0.6,1.2));
#10679=CARTESIAN_POINT('',(43.8,0.6,1.2));
#10680=CARTESIAN_POINT('',(-13.375,1.8,1.2));
#10681=CARTESIAN_POINT('Origin',(-14.575,1.8,1.2));
#10682=CARTESIAN_POINT('',(-13.375,5.5,1.2));
#10683=CARTESIAN_POINT('',(-13.375,7.3,1.2));
#10684=CARTESIAN_POINT('Origin',(-14.575,5.5,1.2));
#10685=CARTESIAN_POINT('',(0.0250000000000039,6.7,1.2));
#10686=CARTESIAN_POINT('',(-3.675,6.7,1.2));
#10687=CARTESIAN_POINT('',(43.8,6.7,1.2));
#10688=CARTESIAN_POINT('',(-4.875,5.5,1.2));
#10689=CARTESIAN_POINT('Origin',(-3.675,5.5,1.2));
#10690=CARTESIAN_POINT('',(-4.875,1.8,1.2));
#10691=CARTESIAN_POINT('',(-4.875,7.3,1.2));
#10692=CARTESIAN_POINT('',(-3.675,0.6,1.2));
#10693=CARTESIAN_POINT('Origin',(-3.675,1.8,1.2));
#10694=CARTESIAN_POINT('',(0.0250000000000039,0.6,1.2));
#10695=CARTESIAN_POINT('',(43.8,0.6,1.2));
#10696=CARTESIAN_POINT('',(1.225,1.8,1.2));
#10697=CARTESIAN_POINT('Origin',(0.0249999999999995,1.8,1.2));
#10698=CARTESIAN_POINT('',(1.225,5.5,1.2));
#10699=CARTESIAN_POINT('',(1.225,7.3,1.2));
#10700=CARTESIAN_POINT('Origin',(0.0249999999999995,5.5,1.2));
#10701=CARTESIAN_POINT('',(14.625,6.7,1.2));
#10702=CARTESIAN_POINT('',(10.925,6.7,1.2));
#10703=CARTESIAN_POINT('',(43.8,6.7,1.2));
#10704=CARTESIAN_POINT('',(9.725,5.5,1.2));
#10705=CARTESIAN_POINT('Origin',(10.925,5.5,1.2));
#10706=CARTESIAN_POINT('',(9.725,1.8,1.2));
#10707=CARTESIAN_POINT('',(9.725,7.3,1.2));
#10708=CARTESIAN_POINT('',(10.925,0.6,1.2));
#10709=CARTESIAN_POINT('Origin',(10.925,1.8,1.2));
#10710=CARTESIAN_POINT('',(14.625,0.6,1.2));
#10711=CARTESIAN_POINT('',(43.8,0.6,1.2));
#10712=CARTESIAN_POINT('',(15.825,1.8,1.2));
#10713=CARTESIAN_POINT('Origin',(14.625,1.8,1.2));
#10714=CARTESIAN_POINT('',(15.825,5.5,1.2));
#10715=CARTESIAN_POINT('',(15.825,7.3,1.2));
#10716=CARTESIAN_POINT('Origin',(14.625,5.5,1.2));
#10717=CARTESIAN_POINT('',(29.225,6.7,1.2));
#10718=CARTESIAN_POINT('',(25.525,6.7,1.2));
#10719=CARTESIAN_POINT('',(43.8,6.7,1.2));
#10720=CARTESIAN_POINT('',(24.325,5.5,1.2));
#10721=CARTESIAN_POINT('Origin',(25.525,5.5,1.2));
#10722=CARTESIAN_POINT('',(24.325,1.8,1.2));
#10723=CARTESIAN_POINT('',(24.325,7.3,1.2));
#10724=CARTESIAN_POINT('',(25.525,0.6,1.2));
#10725=CARTESIAN_POINT('Origin',(25.525,1.8,1.2));
#10726=CARTESIAN_POINT('',(29.225,0.6,1.2));
#10727=CARTESIAN_POINT('',(43.8,0.6,1.2));
#10728=CARTESIAN_POINT('',(30.425,1.8,1.2));
#10729=CARTESIAN_POINT('Origin',(29.225,1.8,1.2));
#10730=CARTESIAN_POINT('',(30.425,5.5,1.2));
#10731=CARTESIAN_POINT('',(30.425,7.3,1.2));
#10732=CARTESIAN_POINT('Origin',(29.225,5.5,1.2));
#10733=CARTESIAN_POINT('',(-31.,14.,1.2));
#10734=CARTESIAN_POINT('',(-34.7,14.,1.2));
#10735=CARTESIAN_POINT('',(43.8,14.,1.2));
#10736=CARTESIAN_POINT('',(-35.9,12.8,1.2));
#10737=CARTESIAN_POINT('Origin',(-34.7,12.8,1.2));
#10738=CARTESIAN_POINT('',(-35.9,9.1,1.2));
#10739=CARTESIAN_POINT('',(-35.9,14.6,1.2));
#10740=CARTESIAN_POINT('',(-34.7,7.9,1.2));
#10741=CARTESIAN_POINT('Origin',(-34.7,9.1,1.2));
#10742=CARTESIAN_POINT('',(-31.,7.9,1.2));
#10743=CARTESIAN_POINT('',(43.8,7.9,1.2));
#10744=CARTESIAN_POINT('',(-29.8,9.1,1.2));
#10745=CARTESIAN_POINT('Origin',(-31.,9.1,1.2));
#10746=CARTESIAN_POINT('',(-29.8,12.8,1.2));
#10747=CARTESIAN_POINT('',(-29.8,14.6,1.2));
#10748=CARTESIAN_POINT('Origin',(-31.,12.8,1.2));
#10749=CARTESIAN_POINT('',(-14.,12.8,1.2));
#10750=CARTESIAN_POINT('',(-14.,9.1,1.2));
#10751=CARTESIAN_POINT('',(-14.,14.6,1.2));
#10752=CARTESIAN_POINT('',(-12.8,7.9,1.2));
#10753=CARTESIAN_POINT('Origin',(-12.8,9.1,1.2));
#10754=CARTESIAN_POINT('',(-9.1,7.9,1.2));
#10755=CARTESIAN_POINT('',(43.8,7.9,1.2));
#10756=CARTESIAN_POINT('',(-7.9,9.1,1.2));
#10757=CARTESIAN_POINT('Origin',(-9.1,9.1,1.2));
#10758=CARTESIAN_POINT('',(-7.9,12.8,1.2));
#10759=CARTESIAN_POINT('',(-7.9,14.6,1.2));
#10760=CARTESIAN_POINT('',(-9.1,14.,1.2));
#10761=CARTESIAN_POINT('Origin',(-9.1,12.8,1.2));
#10762=CARTESIAN_POINT('',(-12.8,14.,1.2));
#10763=CARTESIAN_POINT('',(43.8,14.,1.2));
#10764=CARTESIAN_POINT('Origin',(-12.8,12.8,1.2));
#10765=CARTESIAN_POINT('',(-1.8,14.,1.2));
#10766=CARTESIAN_POINT('',(-5.5,14.,1.2));
#10767=CARTESIAN_POINT('',(43.8,14.,1.2));
#10768=CARTESIAN_POINT('',(-6.7,12.8,1.2));
#10769=CARTESIAN_POINT('Origin',(-5.5,12.8,1.2));
#10770=CARTESIAN_POINT('',(-6.7,9.1,1.2));
#10771=CARTESIAN_POINT('',(-6.7,14.6,1.2));
#10772=CARTESIAN_POINT('',(-5.5,7.9,1.2));
#10773=CARTESIAN_POINT('Origin',(-5.5,9.1,1.2));
#10774=CARTESIAN_POINT('',(-1.8,7.9,1.2));
#10775=CARTESIAN_POINT('',(43.8,7.9,1.2));
#10776=CARTESIAN_POINT('',(-0.6,9.1,1.2));
#10777=CARTESIAN_POINT('Origin',(-1.8,9.1,1.2));
#10778=CARTESIAN_POINT('',(-0.6,12.8,1.2));
#10779=CARTESIAN_POINT('',(-0.6,14.6,1.2));
#10780=CARTESIAN_POINT('Origin',(-1.8,12.8,1.2));
#10781=CARTESIAN_POINT('',(15.2,12.8,1.2));
#10782=CARTESIAN_POINT('',(15.2,9.1,1.2));
#10783=CARTESIAN_POINT('',(15.2,14.6,1.2));
#10784=CARTESIAN_POINT('',(16.4,7.9,1.2));
#10785=CARTESIAN_POINT('Origin',(16.4,9.1,1.2));
#10786=CARTESIAN_POINT('',(20.1,7.9,1.2));
#10787=CARTESIAN_POINT('',(43.8,7.9,1.2));
#10788=CARTESIAN_POINT('',(21.3,9.1,1.2));
#10789=CARTESIAN_POINT('Origin',(20.1,9.1,1.2));
#10790=CARTESIAN_POINT('',(21.3,12.8,1.2));
#10791=CARTESIAN_POINT('',(21.3,14.6,1.2));
#10792=CARTESIAN_POINT('',(20.1,14.,1.2));
#10793=CARTESIAN_POINT('Origin',(20.1,12.8,1.2));
#10794=CARTESIAN_POINT('',(16.4,14.,1.2));
#10795=CARTESIAN_POINT('',(43.8,14.,1.2));
#10796=CARTESIAN_POINT('Origin',(16.4,12.8,1.2));
#10797=CARTESIAN_POINT('',(27.4,14.,1.2));
#10798=CARTESIAN_POINT('',(23.7,14.,1.2));
#10799=CARTESIAN_POINT('',(43.8,14.,1.2));
#10800=CARTESIAN_POINT('',(22.5,12.8,1.2));
#10801=CARTESIAN_POINT('Origin',(23.7,12.8,1.2));
#10802=CARTESIAN_POINT('',(22.5,9.1,1.2));
#10803=CARTESIAN_POINT('',(22.5,14.6,1.2));
#10804=CARTESIAN_POINT('',(23.7,7.9,1.2));
#10805=CARTESIAN_POINT('Origin',(23.7,9.1,1.2));
#10806=CARTESIAN_POINT('',(27.4,7.9,1.2));
#10807=CARTESIAN_POINT('',(43.8,7.9,1.2));
#10808=CARTESIAN_POINT('',(28.6,9.1,1.2));
#10809=CARTESIAN_POINT('Origin',(27.4,9.1,1.2));
#10810=CARTESIAN_POINT('',(28.6,12.8,1.2));
#10811=CARTESIAN_POINT('',(28.6,14.6,1.2));
#10812=CARTESIAN_POINT('Origin',(27.4,12.8,1.2));
#10813=CARTESIAN_POINT('',(37.1,12.8,1.2));
#10814=CARTESIAN_POINT('',(37.1,9.1,1.2));
#10815=CARTESIAN_POINT('',(37.1,14.6,1.2));
#10816=CARTESIAN_POINT('',(38.3,7.9,1.2));
#10817=CARTESIAN_POINT('Origin',(38.3,9.1,1.2));
#10818=CARTESIAN_POINT('',(42.,7.9,1.2));
#10819=CARTESIAN_POINT('',(43.8,7.9,1.2));
#10820=CARTESIAN_POINT('',(43.2,9.1,1.2));
#10821=CARTESIAN_POINT('Origin',(42.,9.1,1.2));
#10822=CARTESIAN_POINT('',(43.2,12.8,1.2));
#10823=CARTESIAN_POINT('',(43.2,-14.6,1.2));
#10824=CARTESIAN_POINT('',(42.,14.,1.2));
#10825=CARTESIAN_POINT('Origin',(42.,12.8,1.2));
#10826=CARTESIAN_POINT('',(38.3,14.,1.2));
#10827=CARTESIAN_POINT('',(43.8,14.,1.2));
#10828=CARTESIAN_POINT('Origin',(38.3,12.8,1.2));
#10829=CARTESIAN_POINT('',(-38.3,14.,1.2));
#10830=CARTESIAN_POINT('',(-42.,14.,1.2));
#10831=CARTESIAN_POINT('',(43.8,14.,1.2));
#10832=CARTESIAN_POINT('',(-43.2,12.8,1.2));
#10833=CARTESIAN_POINT('Origin',(-42.,12.8,1.2));
#10834=CARTESIAN_POINT('',(-43.2,9.1,1.2));
#10835=CARTESIAN_POINT('',(-43.2,14.6,1.2));
#10836=CARTESIAN_POINT('',(-42.,7.9,1.2));
#10837=CARTESIAN_POINT('Origin',(-42.,9.1,1.2));
#10838=CARTESIAN_POINT('',(-38.3,7.9,1.2));
#10839=CARTESIAN_POINT('',(43.8,7.9,1.2));
#10840=CARTESIAN_POINT('',(-37.1,9.1,1.2));
#10841=CARTESIAN_POINT('Origin',(-38.3,9.1,1.2));
#10842=CARTESIAN_POINT('',(-37.1,12.8,1.2));
#10843=CARTESIAN_POINT('',(-37.1,14.6,1.2));
#10844=CARTESIAN_POINT('Origin',(-38.3,12.8,1.2));
#10845=CARTESIAN_POINT('',(29.8,12.8,1.2));
#10846=CARTESIAN_POINT('',(29.8,9.1,1.2));
#10847=CARTESIAN_POINT('',(29.8,14.6,1.2));
#10848=CARTESIAN_POINT('',(31.,7.9,1.2));
#10849=CARTESIAN_POINT('Origin',(31.,9.1,1.2));
#10850=CARTESIAN_POINT('',(34.7,7.9,1.2));
#10851=CARTESIAN_POINT('',(43.8,7.9,1.2));
#10852=CARTESIAN_POINT('',(35.9,9.1,1.2));
#10853=CARTESIAN_POINT('Origin',(34.7,9.1,1.2));
#10854=CARTESIAN_POINT('',(35.9,12.8,1.2));
#10855=CARTESIAN_POINT('',(35.9,14.6,1.2));
#10856=CARTESIAN_POINT('',(34.7,14.,1.2));
#10857=CARTESIAN_POINT('Origin',(34.7,12.8,1.2));
#10858=CARTESIAN_POINT('',(31.,14.,1.2));
#10859=CARTESIAN_POINT('',(43.8,14.,1.2));
#10860=CARTESIAN_POINT('Origin',(31.,12.8,1.2));
#10861=CARTESIAN_POINT('',(12.8,14.,1.2));
#10862=CARTESIAN_POINT('',(9.09999999999999,14.,1.2));
#10863=CARTESIAN_POINT('',(43.8,14.,1.2));
#10864=CARTESIAN_POINT('',(7.9,12.8,1.2));
#10865=CARTESIAN_POINT('Origin',(9.09999999999999,12.8,1.2));
#10866=CARTESIAN_POINT('',(7.9,9.1,1.2));
#10867=CARTESIAN_POINT('',(7.9,14.6,1.2));
#10868=CARTESIAN_POINT('',(9.09999999999999,7.9,1.2));
#10869=CARTESIAN_POINT('Origin',(9.09999999999999,9.1,1.2));
#10870=CARTESIAN_POINT('',(12.8,7.9,1.2));
#10871=CARTESIAN_POINT('',(43.8,7.9,1.2));
#10872=CARTESIAN_POINT('',(14.,9.1,1.2));
#10873=CARTESIAN_POINT('Origin',(12.8,9.1,1.2));
#10874=CARTESIAN_POINT('',(14.,12.8,1.2));
#10875=CARTESIAN_POINT('',(14.,14.6,1.2));
#10876=CARTESIAN_POINT('Origin',(12.8,12.8,1.2));
#10877=CARTESIAN_POINT('',(0.6,12.8,1.2));
#10878=CARTESIAN_POINT('',(0.6,9.1,1.2));
#10879=CARTESIAN_POINT('',(0.6,14.6,1.2));
#10880=CARTESIAN_POINT('',(1.8,7.9,1.2));
#10881=CARTESIAN_POINT('Origin',(1.8,9.1,1.2));
#10882=CARTESIAN_POINT('',(5.5,7.9,1.2));
#10883=CARTESIAN_POINT('',(43.8,7.9,1.2));
#10884=CARTESIAN_POINT('',(6.69999999999999,9.1,1.2));
#10885=CARTESIAN_POINT('Origin',(5.5,9.1,1.2));
#10886=CARTESIAN_POINT('',(6.69999999999999,12.8,1.2));
#10887=CARTESIAN_POINT('',(6.69999999999999,14.6,1.2));
#10888=CARTESIAN_POINT('',(5.5,14.,1.2));
#10889=CARTESIAN_POINT('Origin',(5.5,12.8,1.2));
#10890=CARTESIAN_POINT('',(1.8,14.,1.2));
#10891=CARTESIAN_POINT('',(43.8,14.,1.2));
#10892=CARTESIAN_POINT('Origin',(1.8,12.8,1.2));
#10893=CARTESIAN_POINT('',(-16.4,14.,1.2));
#10894=CARTESIAN_POINT('',(-20.1,14.,1.2));
#10895=CARTESIAN_POINT('',(43.8,14.,1.2));
#10896=CARTESIAN_POINT('',(-21.3,12.8,1.2));
#10897=CARTESIAN_POINT('Origin',(-20.1,12.8,1.2));
#10898=CARTESIAN_POINT('',(-21.3,9.1,1.2));
#10899=CARTESIAN_POINT('',(-21.3,14.6,1.2));
#10900=CARTESIAN_POINT('',(-20.1,7.9,1.2));
#10901=CARTESIAN_POINT('Origin',(-20.1,9.1,1.2));
#10902=CARTESIAN_POINT('',(-16.4,7.9,1.2));
#10903=CARTESIAN_POINT('',(43.8,7.9,1.2));
#10904=CARTESIAN_POINT('',(-15.2,9.1,1.2));
#10905=CARTESIAN_POINT('Origin',(-16.4,9.1,1.2));
#10906=CARTESIAN_POINT('',(-15.2,12.8,1.2));
#10907=CARTESIAN_POINT('',(-15.2,14.6,1.2));
#10908=CARTESIAN_POINT('Origin',(-16.4,12.8,1.2));
#10909=CARTESIAN_POINT('',(-28.6,12.8,1.2));
#10910=CARTESIAN_POINT('',(-28.6,9.1,1.2));
#10911=CARTESIAN_POINT('',(-28.6,14.6,1.2));
#10912=CARTESIAN_POINT('',(-27.4,7.9,1.2));
#10913=CARTESIAN_POINT('Origin',(-27.4,9.1,1.2));
#10914=CARTESIAN_POINT('',(-23.7,7.9,1.2));
#10915=CARTESIAN_POINT('',(43.8,7.9,1.2));
#10916=CARTESIAN_POINT('',(-22.5,9.1,1.2));
#10917=CARTESIAN_POINT('Origin',(-23.7,9.1,1.2));
#10918=CARTESIAN_POINT('',(-22.5,12.8,1.2));
#10919=CARTESIAN_POINT('',(-22.5,14.6,1.2));
#10920=CARTESIAN_POINT('',(-23.7,14.,1.2));
#10921=CARTESIAN_POINT('Origin',(-23.7,12.8,1.2));
#10922=CARTESIAN_POINT('',(-27.4,14.,1.2));
#10923=CARTESIAN_POINT('',(43.8,14.,1.2));
#10924=CARTESIAN_POINT('Origin',(-27.4,12.8,1.2));
#10925=CARTESIAN_POINT('',(-36.475,6.7,1.2));
#10926=CARTESIAN_POINT('',(-42.,6.7,1.2));
#10927=CARTESIAN_POINT('',(43.8,6.7,1.2));
#10928=CARTESIAN_POINT('',(-43.2,5.5,1.2));
#10929=CARTESIAN_POINT('Origin',(-42.,5.5,1.2));
#10930=CARTESIAN_POINT('',(-43.2,1.8,1.2));
#10931=CARTESIAN_POINT('',(-43.2,7.3,1.2));
#10932=CARTESIAN_POINT('',(-42.,0.6,1.2));
#10933=CARTESIAN_POINT('Origin',(-42.,1.8,1.2));
#10934=CARTESIAN_POINT('',(-36.475,0.6,1.2));
#10935=CARTESIAN_POINT('',(43.8,0.6,1.2));
#10936=CARTESIAN_POINT('',(-35.275,1.8,1.2));
#10937=CARTESIAN_POINT('Origin',(-36.475,1.8,1.2));
#10938=CARTESIAN_POINT('',(-35.275,5.5,1.2));
#10939=CARTESIAN_POINT('',(-35.275,7.3,1.2));
#10940=CARTESIAN_POINT('Origin',(-36.475,5.5,1.2));
#10941=CARTESIAN_POINT('',(43.2,1.8,1.2));
#10942=CARTESIAN_POINT('',(43.2,5.5,1.2));
#10943=CARTESIAN_POINT('',(43.2,-14.6,1.2));
#10944=CARTESIAN_POINT('',(42.,6.7,1.2));
#10945=CARTESIAN_POINT('Origin',(42.,5.5,1.2));
#10946=CARTESIAN_POINT('',(32.825,6.7,1.2));
#10947=CARTESIAN_POINT('',(43.8,6.7,1.2));
#10948=CARTESIAN_POINT('',(31.625,5.5,1.2));
#10949=CARTESIAN_POINT('Origin',(32.825,5.5,1.2));
#10950=CARTESIAN_POINT('',(31.625,1.8,1.2));
#10951=CARTESIAN_POINT('',(31.625,7.3,1.2));
#10952=CARTESIAN_POINT('',(32.825,0.6,1.2));
#10953=CARTESIAN_POINT('Origin',(32.825,1.8,1.2));
#10954=CARTESIAN_POINT('',(42.,0.6,1.2));
#10955=CARTESIAN_POINT('',(43.8,0.6,1.2));
#10956=CARTESIAN_POINT('Origin',(42.,1.8,1.2));
#10957=CARTESIAN_POINT('',(21.925,6.7,1.2));
#10958=CARTESIAN_POINT('',(18.225,6.7,1.2));
#10959=CARTESIAN_POINT('',(43.8,6.7,1.2));
#10960=CARTESIAN_POINT('',(17.025,5.5,1.2));
#10961=CARTESIAN_POINT('Origin',(18.225,5.5,1.2));
#10962=CARTESIAN_POINT('',(17.025,1.8,1.2));
#10963=CARTESIAN_POINT('',(17.025,7.3,1.2));
#10964=CARTESIAN_POINT('',(18.225,0.6,1.2));
#10965=CARTESIAN_POINT('Origin',(18.225,1.8,1.2));
#10966=CARTESIAN_POINT('',(21.925,0.6,1.2));
#10967=CARTESIAN_POINT('',(43.8,0.6,1.2));
#10968=CARTESIAN_POINT('',(23.125,1.8,1.2));
#10969=CARTESIAN_POINT('Origin',(21.925,1.8,1.2));
#10970=CARTESIAN_POINT('',(23.125,5.5,1.2));
#10971=CARTESIAN_POINT('',(23.125,7.3,1.2));
#10972=CARTESIAN_POINT('Origin',(21.925,5.5,1.2));
#10973=CARTESIAN_POINT('',(7.325,6.7,1.2));
#10974=CARTESIAN_POINT('',(3.625,6.7,1.2));
#10975=CARTESIAN_POINT('',(43.8,6.7,1.2));
#10976=CARTESIAN_POINT('',(2.425,5.5,1.2));
#10977=CARTESIAN_POINT('Origin',(3.625,5.5,1.2));
#10978=CARTESIAN_POINT('',(2.425,1.8,1.2));
#10979=CARTESIAN_POINT('',(2.425,7.3,1.2));
#10980=CARTESIAN_POINT('',(3.625,0.6,1.2));
#10981=CARTESIAN_POINT('Origin',(3.625,1.8,1.2));
#10982=CARTESIAN_POINT('',(7.325,0.6,1.2));
#10983=CARTESIAN_POINT('',(43.8,0.6,1.2));
#10984=CARTESIAN_POINT('',(8.525,1.8,1.2));
#10985=CARTESIAN_POINT('Origin',(7.325,1.8,1.2));
#10986=CARTESIAN_POINT('',(8.525,5.5,1.2));
#10987=CARTESIAN_POINT('',(8.525,7.3,1.2));
#10988=CARTESIAN_POINT('Origin',(7.325,5.5,1.2));
#10989=CARTESIAN_POINT('',(-7.275,6.7,1.2));
#10990=CARTESIAN_POINT('',(-10.975,6.7,1.2));
#10991=CARTESIAN_POINT('',(43.8,6.7,1.2));
#10992=CARTESIAN_POINT('',(-12.175,5.5,1.2));
#10993=CARTESIAN_POINT('Origin',(-10.975,5.5,1.2));
#10994=CARTESIAN_POINT('',(-12.175,1.8,1.2));
#10995=CARTESIAN_POINT('',(-12.175,7.3,1.2));
#10996=CARTESIAN_POINT('',(-10.975,0.6,1.2));
#10997=CARTESIAN_POINT('Origin',(-10.975,1.8,1.2));
#10998=CARTESIAN_POINT('',(-7.275,0.6,1.2));
#10999=CARTESIAN_POINT('',(43.8,0.6,1.2));
#11000=CARTESIAN_POINT('',(-6.075,1.8,1.2));
#11001=CARTESIAN_POINT('Origin',(-7.275,1.8,1.2));
#11002=CARTESIAN_POINT('',(-6.075,5.5,1.2));
#11003=CARTESIAN_POINT('',(-6.075,7.3,1.2));
#11004=CARTESIAN_POINT('Origin',(-7.275,5.5,1.2));
#11005=CARTESIAN_POINT('',(-21.875,6.7,1.2));
#11006=CARTESIAN_POINT('',(-25.575,6.7,1.2));
#11007=CARTESIAN_POINT('',(43.8,6.7,1.2));
#11008=CARTESIAN_POINT('',(-26.775,5.5,1.2));
#11009=CARTESIAN_POINT('Origin',(-25.575,5.5,1.2));
#11010=CARTESIAN_POINT('',(-26.775,1.8,1.2));
#11011=CARTESIAN_POINT('',(-26.775,7.3,1.2));
#11012=CARTESIAN_POINT('',(-25.575,0.6,1.2));
#11013=CARTESIAN_POINT('Origin',(-25.575,1.8,1.2));
#11014=CARTESIAN_POINT('',(-21.875,0.6,1.2));
#11015=CARTESIAN_POINT('',(43.8,0.6,1.2));
#11016=CARTESIAN_POINT('',(-20.675,1.8,1.2));
#11017=CARTESIAN_POINT('Origin',(-21.875,1.8,1.2));
#11018=CARTESIAN_POINT('',(-20.675,5.5,1.2));
#11019=CARTESIAN_POINT('',(-20.675,7.3,1.2));
#11020=CARTESIAN_POINT('Origin',(-21.875,5.5,1.2));
#11021=CARTESIAN_POINT('',(32.875,-0.6,1.2));
#11022=CARTESIAN_POINT('',(29.175,-0.6,1.2));
#11023=CARTESIAN_POINT('',(43.8,-0.6,1.2));
#11024=CARTESIAN_POINT('',(27.975,-1.8,1.2));
#11025=CARTESIAN_POINT('Origin',(29.175,-1.8,1.2));
#11026=CARTESIAN_POINT('',(27.975,-5.5,1.2));
#11027=CARTESIAN_POINT('',(27.975,0.,1.2));
#11028=CARTESIAN_POINT('',(29.175,-6.7,1.2));
#11029=CARTESIAN_POINT('Origin',(29.175,-5.5,1.2));
#11030=CARTESIAN_POINT('',(32.875,-6.7,1.2));
#11031=CARTESIAN_POINT('',(43.8,-6.7,1.2));
#11032=CARTESIAN_POINT('',(34.075,-5.5,1.2));
#11033=CARTESIAN_POINT('Origin',(32.875,-5.5,1.2));
#11034=CARTESIAN_POINT('',(34.075,-1.8,1.2));
#11035=CARTESIAN_POINT('',(34.075,0.,1.2));
#11036=CARTESIAN_POINT('Origin',(32.875,-1.8,1.2));
#11037=CARTESIAN_POINT('',(18.275,-0.6,1.2));
#11038=CARTESIAN_POINT('',(14.575,-0.6,1.2));
#11039=CARTESIAN_POINT('',(43.8,-0.6,1.2));
#11040=CARTESIAN_POINT('',(13.375,-1.8,1.2));
#11041=CARTESIAN_POINT('Origin',(14.575,-1.8,1.2));
#11042=CARTESIAN_POINT('',(13.375,-5.5,1.2));
#11043=CARTESIAN_POINT('',(13.375,0.,1.2));
#11044=CARTESIAN_POINT('',(14.575,-6.7,1.2));
#11045=CARTESIAN_POINT('Origin',(14.575,-5.5,1.2));
#11046=CARTESIAN_POINT('',(18.275,-6.7,1.2));
#11047=CARTESIAN_POINT('',(43.8,-6.7,1.2));
#11048=CARTESIAN_POINT('',(19.475,-5.5,1.2));
#11049=CARTESIAN_POINT('Origin',(18.275,-5.5,1.2));
#11050=CARTESIAN_POINT('',(19.475,-1.8,1.2));
#11051=CARTESIAN_POINT('',(19.475,0.,1.2));
#11052=CARTESIAN_POINT('Origin',(18.275,-1.8,1.2));
#11053=CARTESIAN_POINT('',(3.675,-0.6,1.2));
#11054=CARTESIAN_POINT('',(-0.0250000000000039,-0.6,1.2));
#11055=CARTESIAN_POINT('',(43.8,-0.6,1.2));
#11056=CARTESIAN_POINT('',(-1.225,-1.8,1.2));
#11057=CARTESIAN_POINT('Origin',(-0.0249999999999995,-1.8,1.2));
#11058=CARTESIAN_POINT('',(-1.225,-5.5,1.2));
#11059=CARTESIAN_POINT('',(-1.225,0.,1.2));
#11060=CARTESIAN_POINT('',(-0.0250000000000039,-6.7,1.2));
#11061=CARTESIAN_POINT('Origin',(-0.0249999999999995,-5.5,1.2));
#11062=CARTESIAN_POINT('',(3.675,-6.7,1.2));
#11063=CARTESIAN_POINT('',(43.8,-6.7,1.2));
#11064=CARTESIAN_POINT('',(4.875,-5.5,1.2));
#11065=CARTESIAN_POINT('Origin',(3.675,-5.5,1.2));
#11066=CARTESIAN_POINT('',(4.875,-1.8,1.2));
#11067=CARTESIAN_POINT('',(4.875,0.,1.2));
#11068=CARTESIAN_POINT('Origin',(3.675,-1.8,1.2));
#11069=CARTESIAN_POINT('',(-10.925,-0.6,1.2));
#11070=CARTESIAN_POINT('',(-14.625,-0.6,1.2));
#11071=CARTESIAN_POINT('',(43.8,-0.6,1.2));
#11072=CARTESIAN_POINT('',(-15.825,-1.8,1.2));
#11073=CARTESIAN_POINT('Origin',(-14.625,-1.8,1.2));
#11074=CARTESIAN_POINT('',(-15.825,-5.5,1.2));
#11075=CARTESIAN_POINT('',(-15.825,0.,1.2));
#11076=CARTESIAN_POINT('',(-14.625,-6.7,1.2));
#11077=CARTESIAN_POINT('Origin',(-14.625,-5.5,1.2));
#11078=CARTESIAN_POINT('',(-10.925,-6.7,1.2));
#11079=CARTESIAN_POINT('',(43.8,-6.7,1.2));
#11080=CARTESIAN_POINT('',(-9.725,-5.5,1.2));
#11081=CARTESIAN_POINT('Origin',(-10.925,-5.5,1.2));
#11082=CARTESIAN_POINT('',(-9.725,-1.8,1.2));
#11083=CARTESIAN_POINT('',(-9.725,0.,1.2));
#11084=CARTESIAN_POINT('Origin',(-10.925,-1.8,1.2));
#11085=CARTESIAN_POINT('',(-25.525,-0.6,1.2));
#11086=CARTESIAN_POINT('',(-29.225,-0.6,1.2));
#11087=CARTESIAN_POINT('',(43.8,-0.6,1.2));
#11088=CARTESIAN_POINT('',(-30.425,-1.8,1.2));
#11089=CARTESIAN_POINT('Origin',(-29.225,-1.8,1.2));
#11090=CARTESIAN_POINT('',(-30.425,-5.5,1.2));
#11091=CARTESIAN_POINT('',(-30.425,0.,1.2));
#11092=CARTESIAN_POINT('',(-29.225,-6.7,1.2));
#11093=CARTESIAN_POINT('Origin',(-29.225,-5.5,1.2));
#11094=CARTESIAN_POINT('',(-25.525,-6.7,1.2));
#11095=CARTESIAN_POINT('',(43.8,-6.7,1.2));
#11096=CARTESIAN_POINT('',(-24.325,-5.5,1.2));
#11097=CARTESIAN_POINT('Origin',(-25.525,-5.5,1.2));
#11098=CARTESIAN_POINT('',(-24.325,-1.8,1.2));
#11099=CARTESIAN_POINT('',(-24.325,0.,1.2));
#11100=CARTESIAN_POINT('Origin',(-25.525,-1.8,1.2));
#11101=CARTESIAN_POINT('',(27.35,-14.,1.2));
#11102=CARTESIAN_POINT('',(31.05,-14.,1.2));
#11103=CARTESIAN_POINT('',(-43.8,-14.,1.2));
#11104=CARTESIAN_POINT('',(32.25,-12.8,1.2));
#11105=CARTESIAN_POINT('Origin',(31.05,-12.8,1.2));
#11106=CARTESIAN_POINT('',(32.25,-9.1,1.2));
#11107=CARTESIAN_POINT('',(32.25,-7.3,1.2));
#11108=CARTESIAN_POINT('',(31.05,-7.9,1.2));
#11109=CARTESIAN_POINT('Origin',(31.05,-9.1,1.2));
#11110=CARTESIAN_POINT('',(27.35,-7.9,1.2));
#11111=CARTESIAN_POINT('',(43.8,-7.9,1.2));
#11112=CARTESIAN_POINT('',(26.15,-9.1,1.2));
#11113=CARTESIAN_POINT('Origin',(27.35,-9.1,1.2));
#11114=CARTESIAN_POINT('',(26.15,-12.8,1.2));
#11115=CARTESIAN_POINT('',(26.15,-7.3,1.2));
#11116=CARTESIAN_POINT('Origin',(27.35,-12.8,1.2));
#11117=CARTESIAN_POINT('',(-12.8,-14.,1.2));
#11118=CARTESIAN_POINT('',(12.8,-14.,1.2));
#11119=CARTESIAN_POINT('',(-43.8,-14.,1.2));
#11120=CARTESIAN_POINT('',(14.,-12.8,1.2));
#11121=CARTESIAN_POINT('Origin',(12.8,-12.8,1.2));
#11122=CARTESIAN_POINT('',(14.,-9.1,1.2));
#11123=CARTESIAN_POINT('',(14.,-7.3,1.2));
#11124=CARTESIAN_POINT('',(12.8,-7.9,1.2));
#11125=CARTESIAN_POINT('Origin',(12.8,-9.1,1.2));
#11126=CARTESIAN_POINT('',(-12.8,-7.9,1.2));
#11127=CARTESIAN_POINT('',(43.8,-7.9,1.2));
#11128=CARTESIAN_POINT('',(-14.,-9.1,1.2));
#11129=CARTESIAN_POINT('Origin',(-12.8,-9.1,1.2));
#11130=CARTESIAN_POINT('',(-14.,-12.8,1.2));
#11131=CARTESIAN_POINT('',(-14.,-7.3,1.2));
#11132=CARTESIAN_POINT('Origin',(-12.8,-12.8,1.2));
#11133=CARTESIAN_POINT('',(-31.05,-14.,1.2));
#11134=CARTESIAN_POINT('',(-27.35,-14.,1.2));
#11135=CARTESIAN_POINT('',(-43.8,-14.,1.2));
#11136=CARTESIAN_POINT('',(-26.15,-12.8,1.2));
#11137=CARTESIAN_POINT('Origin',(-27.35,-12.8,1.2));
#11138=CARTESIAN_POINT('',(-26.15,-9.1,1.2));
#11139=CARTESIAN_POINT('',(-26.15,-7.3,1.2));
#11140=CARTESIAN_POINT('',(-27.35,-7.9,1.2));
#11141=CARTESIAN_POINT('Origin',(-27.35,-9.1,1.2));
#11142=CARTESIAN_POINT('',(-31.05,-7.9,1.2));
#11143=CARTESIAN_POINT('',(43.8,-7.9,1.2));
#11144=CARTESIAN_POINT('',(-32.25,-9.1,1.2));
#11145=CARTESIAN_POINT('Origin',(-31.05,-9.1,1.2));
#11146=CARTESIAN_POINT('',(-32.25,-12.8,1.2));
#11147=CARTESIAN_POINT('',(-32.25,-7.3,1.2));
#11148=CARTESIAN_POINT('Origin',(-31.05,-12.8,1.2));
#11149=CARTESIAN_POINT('Origin',(44.4,16.1,1.2));
#11150=CARTESIAN_POINT('Origin',(-36.5,-19.165,4.));
#11151=CARTESIAN_POINT('',(-38.7,-19.165,4.));
#11152=CARTESIAN_POINT('Origin',(-36.5,-19.165,4.));
#11153=CARTESIAN_POINT('',(-38.7,-19.165,2.));
#11154=CARTESIAN_POINT('',(-38.7,-19.165,4.));
#11155=CARTESIAN_POINT('Origin',(-36.5,-19.165,2.));
#11156=CARTESIAN_POINT('Origin',(-2.22044604925031E-15,0.,2.));
#11157=CARTESIAN_POINT('',(-37.7,-19.165,2.));
#11158=CARTESIAN_POINT('Origin',(-36.5,-19.165,2.));
#11159=CARTESIAN_POINT('Origin',(36.5,-19.165,4.));
#11160=CARTESIAN_POINT('',(34.3,-19.165,4.));
#11161=CARTESIAN_POINT('Origin',(36.5,-19.165,4.));
#11162=CARTESIAN_POINT('',(34.3,-19.165,2.));
#11163=CARTESIAN_POINT('',(34.3,-19.165,4.));
#11164=CARTESIAN_POINT('Origin',(36.5,-19.165,2.));
#11165=CARTESIAN_POINT('Origin',(-2.22044604925031E-15,0.,2.));
#11166=CARTESIAN_POINT('',(35.3,-19.165,2.));
#11167=CARTESIAN_POINT('Origin',(36.5,-19.165,2.));
#11168=CARTESIAN_POINT('Origin',(-36.5,19.165,4.));
#11169=CARTESIAN_POINT('',(-38.7,19.165,4.));
#11170=CARTESIAN_POINT('Origin',(-36.5,19.165,4.));
#11171=CARTESIAN_POINT('',(-38.7,19.165,2.));
#11172=CARTESIAN_POINT('',(-38.7,19.165,4.));
#11173=CARTESIAN_POINT('Origin',(-36.5,19.165,2.));
#11174=CARTESIAN_POINT('Origin',(-2.22044604925031E-15,0.,2.));
#11175=CARTESIAN_POINT('',(-37.7,19.165,2.));
#11176=CARTESIAN_POINT('Origin',(-36.5,19.165,2.));
#11177=CARTESIAN_POINT('Origin',(36.5,19.165,4.));
#11178=CARTESIAN_POINT('',(34.3,19.165,4.));
#11179=CARTESIAN_POINT('Origin',(36.5,19.165,4.));
#11180=CARTESIAN_POINT('',(34.3,19.165,2.));
#11181=CARTESIAN_POINT('',(34.3,19.165,4.));
#11182=CARTESIAN_POINT('Origin',(36.5,19.165,2.));
#11183=CARTESIAN_POINT('Origin',(-2.22044604925031E-15,0.,2.));
#11184=CARTESIAN_POINT('',(35.3,19.165,2.));
#11185=CARTESIAN_POINT('Origin',(36.5,19.165,2.));
#11186=CARTESIAN_POINT('Origin',(36.5,19.165,0.));
#11187=CARTESIAN_POINT('',(35.3,19.165,0.));
#11188=CARTESIAN_POINT('Origin',(-36.5,19.165,0.));
#11189=CARTESIAN_POINT('',(-37.7,19.165,0.));
#11190=CARTESIAN_POINT('Origin',(36.5,-19.165,0.));
#11191=CARTESIAN_POINT('',(35.3,-19.165,0.));
#11192=CARTESIAN_POINT('Origin',(-36.5,-19.165,0.));
#11193=CARTESIAN_POINT('',(-37.7,-19.165,0.));
#11194=CARTESIAN_POINT('Origin',(-9.1,12.8,1.2));
#11195=CARTESIAN_POINT('',(-7.9,12.8,4.));
#11196=CARTESIAN_POINT('',(-9.1,14.,4.));
#11197=CARTESIAN_POINT('Origin',(-9.1,12.8,4.));
#11198=CARTESIAN_POINT('',(-9.1,14.,1.2));
#11199=CARTESIAN_POINT('',(-7.9,12.8,1.2));
#11200=CARTESIAN_POINT('Origin',(43.8,14.,1.2));
#11201=CARTESIAN_POINT('',(-12.8,14.,4.));
#11202=CARTESIAN_POINT('',(43.8,14.,4.));
#11203=CARTESIAN_POINT('',(-12.8,14.,1.2));
#11204=CARTESIAN_POINT('Origin',(-16.4,12.8,1.2));
#11205=CARTESIAN_POINT('',(-15.2,12.8,4.));
#11206=CARTESIAN_POINT('',(-16.4,14.,4.));
#11207=CARTESIAN_POINT('Origin',(-16.4,12.8,4.));
#11208=CARTESIAN_POINT('',(-16.4,14.,1.2));
#11209=CARTESIAN_POINT('',(-15.2,12.8,1.2));
#11210=CARTESIAN_POINT('Origin',(43.8,14.,1.2));
#11211=CARTESIAN_POINT('',(-20.1,14.,4.));
#11212=CARTESIAN_POINT('',(43.8,14.,4.));
#11213=CARTESIAN_POINT('',(-20.1,14.,1.2));
#11214=CARTESIAN_POINT('Origin',(-34.65,-9.1,1.2));
#11215=CARTESIAN_POINT('',(-33.45,-9.1,4.));
#11216=CARTESIAN_POINT('',(-33.45,-9.1,1.2));
#11217=CARTESIAN_POINT('',(-34.65,-7.9,4.));
#11218=CARTESIAN_POINT('Origin',(-34.65,-9.1,4.));
#11219=CARTESIAN_POINT('',(-34.65,-7.9,1.2));
#11220=CARTESIAN_POINT('Origin',(-33.45,-7.3,1.2));
#11221=CARTESIAN_POINT('',(-33.45,-12.8,4.));
#11222=CARTESIAN_POINT('',(-33.45,-12.8,1.2));
#11223=CARTESIAN_POINT('',(-33.45,-7.3,4.));
#11224=CARTESIAN_POINT('Origin',(-27.35,-9.1,1.2));
#11225=CARTESIAN_POINT('',(-26.15,-9.1,4.));
#11226=CARTESIAN_POINT('',(-26.15,-9.1,1.2));
#11227=CARTESIAN_POINT('',(-27.35,-7.9,4.));
#11228=CARTESIAN_POINT('Origin',(-27.35,-9.1,4.));
#11229=CARTESIAN_POINT('',(-27.35,-7.9,1.2));
#11230=CARTESIAN_POINT('Origin',(-26.15,-7.3,1.2));
#11231=CARTESIAN_POINT('',(-26.15,-12.8,4.));
#11232=CARTESIAN_POINT('',(-26.15,-12.8,1.2));
#11233=CARTESIAN_POINT('',(-26.15,-7.3,4.));
#11234=CARTESIAN_POINT('Origin',(-16.4,-9.1,1.2));
#11235=CARTESIAN_POINT('',(-15.2,-9.1,4.));
#11236=CARTESIAN_POINT('',(-15.2,-9.1,1.2));
#11237=CARTESIAN_POINT('',(-16.4,-7.9,4.));
#11238=CARTESIAN_POINT('Origin',(-16.4,-9.1,4.));
#11239=CARTESIAN_POINT('',(-16.4,-7.9,1.2));
#11240=CARTESIAN_POINT('Origin',(-15.2,-7.3,1.2));
#11241=CARTESIAN_POINT('',(-15.2,-12.8,4.));
#11242=CARTESIAN_POINT('',(-15.2,-12.8,1.2));
#11243=CARTESIAN_POINT('',(-15.2,-7.3,4.));
#11244=CARTESIAN_POINT('Origin',(12.8,-9.1,1.2));
#11245=CARTESIAN_POINT('',(14.,-9.1,4.));
#11246=CARTESIAN_POINT('',(14.,-9.1,1.2));
#11247=CARTESIAN_POINT('',(12.8,-7.9,4.));
#11248=CARTESIAN_POINT('Origin',(12.8,-9.1,4.));
#11249=CARTESIAN_POINT('',(12.8,-7.9,1.2));
#11250=CARTESIAN_POINT('Origin',(14.,-7.3,1.2));
#11251=CARTESIAN_POINT('',(14.,-12.8,4.));
#11252=CARTESIAN_POINT('',(14.,-12.8,1.2));
#11253=CARTESIAN_POINT('',(14.,-7.3,4.));
#11254=CARTESIAN_POINT('Origin',(23.75,-9.1,1.2));
#11255=CARTESIAN_POINT('',(24.95,-9.1,4.));
#11256=CARTESIAN_POINT('',(24.95,-9.1,1.2));
#11257=CARTESIAN_POINT('',(23.75,-7.9,4.));
#11258=CARTESIAN_POINT('Origin',(23.75,-9.1,4.));
#11259=CARTESIAN_POINT('',(23.75,-7.9,1.2));
#11260=CARTESIAN_POINT('Origin',(24.95,-7.3,1.2));
#11261=CARTESIAN_POINT('',(24.95,-12.8,4.));
#11262=CARTESIAN_POINT('',(24.95,-12.8,1.2));
#11263=CARTESIAN_POINT('',(24.95,-7.3,4.));
#11264=CARTESIAN_POINT('Origin',(31.05,-9.1,1.2));
#11265=CARTESIAN_POINT('',(32.25,-9.1,4.));
#11266=CARTESIAN_POINT('',(32.25,-9.1,1.2));
#11267=CARTESIAN_POINT('',(31.05,-7.9,4.));
#11268=CARTESIAN_POINT('Origin',(31.05,-9.1,4.));
#11269=CARTESIAN_POINT('',(31.05,-7.9,1.2));
#11270=CARTESIAN_POINT('Origin',(32.25,-7.3,1.2));
#11271=CARTESIAN_POINT('',(32.25,-12.8,4.));
#11272=CARTESIAN_POINT('',(32.25,-12.8,1.2));
#11273=CARTESIAN_POINT('',(32.25,-7.3,4.));
#11274=CARTESIAN_POINT('Origin',(42.,-9.1,1.2));
#11275=CARTESIAN_POINT('',(43.2,-9.1,4.));
#11276=CARTESIAN_POINT('',(42.,-7.9,4.));
#11277=CARTESIAN_POINT('Origin',(42.,-9.1,4.));
#11278=CARTESIAN_POINT('',(42.,-7.9,1.2));
#11279=CARTESIAN_POINT('',(43.2,-9.1,1.2));
#11280=CARTESIAN_POINT('Origin',(43.8,-7.9,1.2));
#11281=CARTESIAN_POINT('',(34.65,-7.9,4.));
#11282=CARTESIAN_POINT('',(43.8,-7.9,4.));
#11283=CARTESIAN_POINT('',(34.65,-7.9,1.2));
#11284=CARTESIAN_POINT('Origin',(42.,-1.8,1.2));
#11285=CARTESIAN_POINT('',(43.2,-1.8,4.));
#11286=CARTESIAN_POINT('',(42.,-0.6,4.));
#11287=CARTESIAN_POINT('Origin',(42.,-1.8,4.));
#11288=CARTESIAN_POINT('',(42.,-0.6,1.2));
#11289=CARTESIAN_POINT('',(43.2,-1.8,1.2));
#11290=CARTESIAN_POINT('Origin',(-43.8,-0.6,1.2));
#11291=CARTESIAN_POINT('',(36.475,-0.6,4.));
#11292=CARTESIAN_POINT('',(43.8,-0.6,4.));
#11293=CARTESIAN_POINT('',(36.475,-0.6,1.2));
#11294=CARTESIAN_POINT('Origin',(32.875,-1.8,1.2));
#11295=CARTESIAN_POINT('',(34.075,-1.8,4.));
#11296=CARTESIAN_POINT('',(34.075,-1.8,1.2));
#11297=CARTESIAN_POINT('',(32.875,-0.6,4.));
#11298=CARTESIAN_POINT('Origin',(32.875,-1.8,4.));
#11299=CARTESIAN_POINT('',(32.875,-0.6,1.2));
#11300=CARTESIAN_POINT('Origin',(34.075,0.,1.2));
#11301=CARTESIAN_POINT('',(34.075,-5.5,4.));
#11302=CARTESIAN_POINT('',(34.075,-5.5,1.2));
#11303=CARTESIAN_POINT('',(34.075,0.,4.));
#11304=CARTESIAN_POINT('Origin',(25.575,-1.8,1.2));
#11305=CARTESIAN_POINT('',(26.775,-1.8,4.));
#11306=CARTESIAN_POINT('',(26.775,-1.8,1.2));
#11307=CARTESIAN_POINT('',(25.575,-0.6,4.));
#11308=CARTESIAN_POINT('Origin',(25.575,-1.8,4.));
#11309=CARTESIAN_POINT('',(25.575,-0.6,1.2));
#11310=CARTESIAN_POINT('Origin',(26.775,0.,1.2));
#11311=CARTESIAN_POINT('',(26.775,-5.5,4.));
#11312=CARTESIAN_POINT('',(26.775,-5.5,1.2));
#11313=CARTESIAN_POINT('',(26.775,0.,4.));
#11314=CARTESIAN_POINT('Origin',(18.275,-1.8,1.2));
#11315=CARTESIAN_POINT('',(19.475,-1.8,4.));
#11316=CARTESIAN_POINT('',(19.475,-1.8,1.2));
#11317=CARTESIAN_POINT('',(18.275,-0.6,4.));
#11318=CARTESIAN_POINT('Origin',(18.275,-1.8,4.));
#11319=CARTESIAN_POINT('',(18.275,-0.6,1.2));
#11320=CARTESIAN_POINT('Origin',(19.475,0.,1.2));
#11321=CARTESIAN_POINT('',(19.475,-5.5,4.));
#11322=CARTESIAN_POINT('',(19.475,-5.5,1.2));
#11323=CARTESIAN_POINT('',(19.475,0.,4.));
#11324=CARTESIAN_POINT('Origin',(10.975,-1.8,1.2));
#11325=CARTESIAN_POINT('',(12.175,-1.8,4.));
#11326=CARTESIAN_POINT('',(12.175,-1.8,1.2));
#11327=CARTESIAN_POINT('',(10.975,-0.6,4.));
#11328=CARTESIAN_POINT('Origin',(10.975,-1.8,4.));
#11329=CARTESIAN_POINT('',(10.975,-0.6,1.2));
#11330=CARTESIAN_POINT('Origin',(12.175,0.,1.2));
#11331=CARTESIAN_POINT('',(12.175,-5.5,4.));
#11332=CARTESIAN_POINT('',(12.175,-5.5,1.2));
#11333=CARTESIAN_POINT('',(12.175,0.,4.));
#11334=CARTESIAN_POINT('Origin',(3.675,-1.8,1.2));
#11335=CARTESIAN_POINT('',(4.875,-1.8,4.));
#11336=CARTESIAN_POINT('',(4.875,-1.8,1.2));
#11337=CARTESIAN_POINT('',(3.675,-0.6,4.));
#11338=CARTESIAN_POINT('Origin',(3.675,-1.8,4.));
#11339=CARTESIAN_POINT('',(3.675,-0.6,1.2));
#11340=CARTESIAN_POINT('Origin',(4.875,0.,1.2));
#11341=CARTESIAN_POINT('',(4.875,-5.5,4.));
#11342=CARTESIAN_POINT('',(4.875,-5.5,1.2));
#11343=CARTESIAN_POINT('',(4.875,0.,4.));
#11344=CARTESIAN_POINT('Origin',(-3.625,-1.8,1.2));
#11345=CARTESIAN_POINT('',(-2.425,-1.8,4.));
#11346=CARTESIAN_POINT('',(-2.425,-1.8,1.2));
#11347=CARTESIAN_POINT('',(-3.625,-0.6,4.));
#11348=CARTESIAN_POINT('Origin',(-3.625,-1.8,4.));
#11349=CARTESIAN_POINT('',(-3.625,-0.6,1.2));
#11350=CARTESIAN_POINT('Origin',(-2.425,0.,1.2));
#11351=CARTESIAN_POINT('',(-2.425,-5.5,4.));
#11352=CARTESIAN_POINT('',(-2.425,-5.5,1.2));
#11353=CARTESIAN_POINT('',(-2.425,0.,4.));
#11354=CARTESIAN_POINT('Origin',(-10.925,-1.8,1.2));
#11355=CARTESIAN_POINT('',(-9.725,-1.8,4.));
#11356=CARTESIAN_POINT('',(-9.725,-1.8,1.2));
#11357=CARTESIAN_POINT('',(-10.925,-0.6,4.));
#11358=CARTESIAN_POINT('Origin',(-10.925,-1.8,4.));
#11359=CARTESIAN_POINT('',(-10.925,-0.6,1.2));
#11360=CARTESIAN_POINT('Origin',(-9.725,0.,1.2));
#11361=CARTESIAN_POINT('',(-9.725,-5.5,4.));
#11362=CARTESIAN_POINT('',(-9.725,-5.5,1.2));
#11363=CARTESIAN_POINT('',(-9.725,0.,4.));
#11364=CARTESIAN_POINT('Origin',(-18.225,-1.8,1.2));
#11365=CARTESIAN_POINT('',(-17.025,-1.8,4.));
#11366=CARTESIAN_POINT('',(-17.025,-1.8,1.2));
#11367=CARTESIAN_POINT('',(-18.225,-0.6,4.));
#11368=CARTESIAN_POINT('Origin',(-18.225,-1.8,4.));
#11369=CARTESIAN_POINT('',(-18.225,-0.6,1.2));
#11370=CARTESIAN_POINT('Origin',(-17.025,0.,1.2));
#11371=CARTESIAN_POINT('',(-17.025,-5.5,4.));
#11372=CARTESIAN_POINT('',(-17.025,-5.5,1.2));
#11373=CARTESIAN_POINT('',(-17.025,0.,4.));
#11374=CARTESIAN_POINT('Origin',(-25.525,-1.8,1.2));
#11375=CARTESIAN_POINT('',(-24.325,-1.8,4.));
#11376=CARTESIAN_POINT('',(-24.325,-1.8,1.2));
#11377=CARTESIAN_POINT('',(-25.525,-0.6,4.));
#11378=CARTESIAN_POINT('Origin',(-25.525,-1.8,4.));
#11379=CARTESIAN_POINT('',(-25.525,-0.6,1.2));
#11380=CARTESIAN_POINT('Origin',(-24.325,0.,1.2));
#11381=CARTESIAN_POINT('',(-24.325,-5.5,4.));
#11382=CARTESIAN_POINT('',(-24.325,-5.5,1.2));
#11383=CARTESIAN_POINT('',(-24.325,0.,4.));
#11384=CARTESIAN_POINT('Origin',(-32.825,-1.8,1.2));
#11385=CARTESIAN_POINT('',(-31.625,-1.8,4.));
#11386=CARTESIAN_POINT('',(-31.625,-1.8,1.2));
#11387=CARTESIAN_POINT('',(-32.825,-0.6,4.));
#11388=CARTESIAN_POINT('Origin',(-32.825,-1.8,4.));
#11389=CARTESIAN_POINT('',(-32.825,-0.6,1.2));
#11390=CARTESIAN_POINT('Origin',(-31.625,0.,1.2));
#11391=CARTESIAN_POINT('',(-31.625,-5.5,4.));
#11392=CARTESIAN_POINT('',(-31.625,-5.5,1.2));
#11393=CARTESIAN_POINT('',(-31.625,0.,4.));
#11394=CARTESIAN_POINT('Origin',(42.,5.5,1.2));
#11395=CARTESIAN_POINT('',(43.2,5.5,4.));
#11396=CARTESIAN_POINT('',(43.2,5.5,1.2));
#11397=CARTESIAN_POINT('',(42.,6.7,4.));
#11398=CARTESIAN_POINT('Origin',(42.,5.5,4.));
#11399=CARTESIAN_POINT('',(42.,6.7,1.2));
#11400=CARTESIAN_POINT('Origin',(43.2,-14.6,1.2));
#11401=CARTESIAN_POINT('',(43.2,1.8,4.));
#11402=CARTESIAN_POINT('',(43.2,1.8,1.2));
#11403=CARTESIAN_POINT('',(43.2,-14.6,4.));
#11404=CARTESIAN_POINT('Origin',(29.225,5.5,1.2));
#11405=CARTESIAN_POINT('',(30.425,5.5,4.));
#11406=CARTESIAN_POINT('',(30.425,5.5,1.2));
#11407=CARTESIAN_POINT('',(29.225,6.7,4.));
#11408=CARTESIAN_POINT('Origin',(29.225,5.5,4.));
#11409=CARTESIAN_POINT('',(29.225,6.7,1.2));
#11410=CARTESIAN_POINT('Origin',(30.425,7.3,1.2));
#11411=CARTESIAN_POINT('',(30.425,1.8,4.));
#11412=CARTESIAN_POINT('',(30.425,1.8,1.2));
#11413=CARTESIAN_POINT('',(30.425,7.3,4.));
#11414=CARTESIAN_POINT('Origin',(21.925,5.5,1.2));
#11415=CARTESIAN_POINT('',(23.125,5.5,4.));
#11416=CARTESIAN_POINT('',(23.125,5.5,1.2));
#11417=CARTESIAN_POINT('',(21.925,6.7,4.));
#11418=CARTESIAN_POINT('Origin',(21.925,5.5,4.));
#11419=CARTESIAN_POINT('',(21.925,6.7,1.2));
#11420=CARTESIAN_POINT('Origin',(23.125,7.3,1.2));
#11421=CARTESIAN_POINT('',(23.125,1.8,4.));
#11422=CARTESIAN_POINT('',(23.125,1.8,1.2));
#11423=CARTESIAN_POINT('',(23.125,7.3,4.));
#11424=CARTESIAN_POINT('Origin',(14.625,5.5,1.2));
#11425=CARTESIAN_POINT('',(15.825,5.5,4.));
#11426=CARTESIAN_POINT('',(15.825,5.5,1.2));
#11427=CARTESIAN_POINT('',(14.625,6.7,4.));
#11428=CARTESIAN_POINT('Origin',(14.625,5.5,4.));
#11429=CARTESIAN_POINT('',(14.625,6.7,1.2));
#11430=CARTESIAN_POINT('Origin',(15.825,7.3,1.2));
#11431=CARTESIAN_POINT('',(15.825,1.8,4.));
#11432=CARTESIAN_POINT('',(15.825,1.8,1.2));
#11433=CARTESIAN_POINT('',(15.825,7.3,4.));
#11434=CARTESIAN_POINT('Origin',(7.325,5.5,1.2));
#11435=CARTESIAN_POINT('',(8.525,5.5,4.));
#11436=CARTESIAN_POINT('',(8.525,5.5,1.2));
#11437=CARTESIAN_POINT('',(7.325,6.7,4.));
#11438=CARTESIAN_POINT('Origin',(7.325,5.5,4.));
#11439=CARTESIAN_POINT('',(7.325,6.7,1.2));
#11440=CARTESIAN_POINT('Origin',(8.525,7.3,1.2));
#11441=CARTESIAN_POINT('',(8.525,1.8,4.));
#11442=CARTESIAN_POINT('',(8.525,1.8,1.2));
#11443=CARTESIAN_POINT('',(8.525,7.3,4.));
#11444=CARTESIAN_POINT('Origin',(0.0249999999999995,5.5,1.2));
#11445=CARTESIAN_POINT('',(1.225,5.5,4.));
#11446=CARTESIAN_POINT('',(1.225,5.5,1.2));
#11447=CARTESIAN_POINT('',(0.0250000000000039,6.7,4.));
#11448=CARTESIAN_POINT('Origin',(0.0249999999999995,5.5,4.));
#11449=CARTESIAN_POINT('',(0.0249999999999995,6.7,1.2));
#11450=CARTESIAN_POINT('Origin',(1.225,7.3,1.2));
#11451=CARTESIAN_POINT('',(1.225,1.8,4.));
#11452=CARTESIAN_POINT('',(1.225,1.8,1.2));
#11453=CARTESIAN_POINT('',(1.225,7.3,4.));
#11454=CARTESIAN_POINT('Origin',(-7.275,5.5,1.2));
#11455=CARTESIAN_POINT('',(-6.075,5.5,4.));
#11456=CARTESIAN_POINT('',(-6.075,5.5,1.2));
#11457=CARTESIAN_POINT('',(-7.275,6.7,4.));
#11458=CARTESIAN_POINT('Origin',(-7.275,5.5,4.));
#11459=CARTESIAN_POINT('',(-7.275,6.7,1.2));
#11460=CARTESIAN_POINT('Origin',(-6.075,7.3,1.2));
#11461=CARTESIAN_POINT('',(-6.075,1.8,4.));
#11462=CARTESIAN_POINT('',(-6.075,1.8,1.2));
#11463=CARTESIAN_POINT('',(-6.075,7.3,4.));
#11464=CARTESIAN_POINT('Origin',(-14.575,5.5,1.2));
#11465=CARTESIAN_POINT('',(-13.375,5.5,4.));
#11466=CARTESIAN_POINT('',(-13.375,5.5,1.2));
#11467=CARTESIAN_POINT('',(-14.575,6.7,4.));
#11468=CARTESIAN_POINT('Origin',(-14.575,5.5,4.));
#11469=CARTESIAN_POINT('',(-14.575,6.7,1.2));
#11470=CARTESIAN_POINT('Origin',(-13.375,7.3,1.2));
#11471=CARTESIAN_POINT('',(-13.375,1.8,4.));
#11472=CARTESIAN_POINT('',(-13.375,1.8,1.2));
#11473=CARTESIAN_POINT('',(-13.375,7.3,4.));
#11474=CARTESIAN_POINT('Origin',(-21.875,5.5,1.2));
#11475=CARTESIAN_POINT('',(-20.675,5.5,4.));
#11476=CARTESIAN_POINT('',(-20.675,5.5,1.2));
#11477=CARTESIAN_POINT('',(-21.875,6.7,4.));
#11478=CARTESIAN_POINT('Origin',(-21.875,5.5,4.));
#11479=CARTESIAN_POINT('',(-21.875,6.7,1.2));
#11480=CARTESIAN_POINT('Origin',(-20.675,7.3,1.2));
#11481=CARTESIAN_POINT('',(-20.675,1.8,4.));
#11482=CARTESIAN_POINT('',(-20.675,1.8,1.2));
#11483=CARTESIAN_POINT('',(-20.675,7.3,4.));
#11484=CARTESIAN_POINT('Origin',(-29.175,5.5,1.2));
#11485=CARTESIAN_POINT('',(-27.975,5.5,4.));
#11486=CARTESIAN_POINT('',(-27.975,5.5,1.2));
#11487=CARTESIAN_POINT('',(-29.175,6.7,4.));
#11488=CARTESIAN_POINT('Origin',(-29.175,5.5,4.));
#11489=CARTESIAN_POINT('',(-29.175,6.7,1.2));
#11490=CARTESIAN_POINT('Origin',(-27.975,7.3,1.2));
#11491=CARTESIAN_POINT('',(-27.975,1.8,4.));
#11492=CARTESIAN_POINT('',(-27.975,1.8,1.2));
#11493=CARTESIAN_POINT('',(-27.975,7.3,4.));
#11494=CARTESIAN_POINT('Origin',(-36.475,5.5,1.2));
#11495=CARTESIAN_POINT('',(-35.275,5.5,4.));
#11496=CARTESIAN_POINT('',(-35.275,5.5,1.2));
#11497=CARTESIAN_POINT('',(-36.475,6.7,4.));
#11498=CARTESIAN_POINT('Origin',(-36.475,5.5,4.));
#11499=CARTESIAN_POINT('',(-36.475,6.7,1.2));
#11500=CARTESIAN_POINT('Origin',(-35.275,7.3,1.2));
#11501=CARTESIAN_POINT('',(-35.275,1.8,4.));
#11502=CARTESIAN_POINT('',(-35.275,1.8,1.2));
#11503=CARTESIAN_POINT('',(-35.275,7.3,4.));
#11504=CARTESIAN_POINT('Origin',(42.,12.8,1.2));
#11505=CARTESIAN_POINT('',(43.2,12.8,4.));
#11506=CARTESIAN_POINT('',(43.2,12.8,1.2));
#11507=CARTESIAN_POINT('',(42.,14.,4.));
#11508=CARTESIAN_POINT('Origin',(42.,12.8,4.));
#11509=CARTESIAN_POINT('',(42.,14.,1.2));
#11510=CARTESIAN_POINT('Origin',(43.2,-14.6,1.2));
#11511=CARTESIAN_POINT('',(43.2,9.1,4.));
#11512=CARTESIAN_POINT('',(43.2,9.1,1.2));
#11513=CARTESIAN_POINT('',(43.2,-14.6,4.));
#11514=CARTESIAN_POINT('Origin',(34.7,12.8,1.2));
#11515=CARTESIAN_POINT('',(35.9,12.8,4.));
#11516=CARTESIAN_POINT('',(34.7,14.,4.));
#11517=CARTESIAN_POINT('Origin',(34.7,12.8,4.));
#11518=CARTESIAN_POINT('',(34.7,14.,1.2));
#11519=CARTESIAN_POINT('',(35.9,12.8,1.2));
#11520=CARTESIAN_POINT('Origin',(43.8,14.,1.2));
#11521=CARTESIAN_POINT('',(31.,14.,4.));
#11522=CARTESIAN_POINT('',(43.8,14.,4.));
#11523=CARTESIAN_POINT('',(31.,14.,1.2));
#11524=CARTESIAN_POINT('Origin',(27.4,12.8,1.2));
#11525=CARTESIAN_POINT('',(28.6,12.8,4.));
#11526=CARTESIAN_POINT('',(27.4,14.,4.));
#11527=CARTESIAN_POINT('Origin',(27.4,12.8,4.));
#11528=CARTESIAN_POINT('',(27.4,14.,1.2));
#11529=CARTESIAN_POINT('',(28.6,12.8,1.2));
#11530=CARTESIAN_POINT('Origin',(43.8,14.,1.2));
#11531=CARTESIAN_POINT('',(23.7,14.,4.));
#11532=CARTESIAN_POINT('',(43.8,14.,4.));
#11533=CARTESIAN_POINT('',(23.7,14.,1.2));
#11534=CARTESIAN_POINT('Origin',(20.1,12.8,1.2));
#11535=CARTESIAN_POINT('',(21.3,12.8,4.));
#11536=CARTESIAN_POINT('',(20.1,14.,4.));
#11537=CARTESIAN_POINT('Origin',(20.1,12.8,4.));
#11538=CARTESIAN_POINT('',(20.1,14.,1.2));
#11539=CARTESIAN_POINT('',(21.3,12.8,1.2));
#11540=CARTESIAN_POINT('Origin',(43.8,14.,1.2));
#11541=CARTESIAN_POINT('',(16.4,14.,4.));
#11542=CARTESIAN_POINT('',(43.8,14.,4.));
#11543=CARTESIAN_POINT('',(16.4,14.,1.2));
#11544=CARTESIAN_POINT('Origin',(12.8,12.8,1.2));
#11545=CARTESIAN_POINT('',(14.,12.8,4.));
#11546=CARTESIAN_POINT('',(12.8,14.,4.));
#11547=CARTESIAN_POINT('Origin',(12.8,12.8,4.));
#11548=CARTESIAN_POINT('',(12.8,14.,1.2));
#11549=CARTESIAN_POINT('',(14.,12.8,1.2));
#11550=CARTESIAN_POINT('Origin',(43.8,14.,1.2));
#11551=CARTESIAN_POINT('',(9.09999999999999,14.,4.));
#11552=CARTESIAN_POINT('',(43.8,14.,4.));
#11553=CARTESIAN_POINT('',(9.09999999999999,14.,1.2));
#11554=CARTESIAN_POINT('Origin',(5.5,12.8,1.2));
#11555=CARTESIAN_POINT('',(6.69999999999999,12.8,4.));
#11556=CARTESIAN_POINT('',(5.5,14.,4.));
#11557=CARTESIAN_POINT('Origin',(5.5,12.8,4.));
#11558=CARTESIAN_POINT('',(5.5,14.,1.2));
#11559=CARTESIAN_POINT('',(6.69999999999999,12.8,1.2));
#11560=CARTESIAN_POINT('Origin',(43.8,14.,1.2));
#11561=CARTESIAN_POINT('',(1.8,14.,4.));
#11562=CARTESIAN_POINT('',(43.8,14.,4.));
#11563=CARTESIAN_POINT('',(1.8,14.,1.2));
#11564=CARTESIAN_POINT('Origin',(-1.8,12.8,1.2));
#11565=CARTESIAN_POINT('',(-0.6,12.8,4.));
#11566=CARTESIAN_POINT('',(-1.8,14.,4.));
#11567=CARTESIAN_POINT('Origin',(-1.8,12.8,4.));
#11568=CARTESIAN_POINT('',(-1.8,14.,1.2));
#11569=CARTESIAN_POINT('',(-0.6,12.8,1.2));
#11570=CARTESIAN_POINT('Origin',(43.8,14.,1.2));
#11571=CARTESIAN_POINT('',(-5.5,14.,4.));
#11572=CARTESIAN_POINT('',(43.8,14.,4.));
#11573=CARTESIAN_POINT('',(-5.5,14.,1.2));
#11574=CARTESIAN_POINT('Origin',(-23.7,12.8,1.2));
#11575=CARTESIAN_POINT('',(-22.5,12.8,4.));
#11576=CARTESIAN_POINT('',(-23.7,14.,4.));
#11577=CARTESIAN_POINT('Origin',(-23.7,12.8,4.));
#11578=CARTESIAN_POINT('',(-23.7,14.,1.2));
#11579=CARTESIAN_POINT('',(-22.5,12.8,1.2));
#11580=CARTESIAN_POINT('Origin',(43.8,14.,1.2));
#11581=CARTESIAN_POINT('',(-27.4,14.,4.));
#11582=CARTESIAN_POINT('',(43.8,14.,4.));
#11583=CARTESIAN_POINT('',(-27.4,14.,1.2));
#11584=CARTESIAN_POINT('Origin',(-31.,12.8,1.2));
#11585=CARTESIAN_POINT('',(-29.8,12.8,4.));
#11586=CARTESIAN_POINT('',(-31.,14.,4.));
#11587=CARTESIAN_POINT('Origin',(-31.,12.8,4.));
#11588=CARTESIAN_POINT('',(-31.,14.,1.2));
#11589=CARTESIAN_POINT('',(-29.8,12.8,1.2));
#11590=CARTESIAN_POINT('Origin',(43.8,14.,1.2));
#11591=CARTESIAN_POINT('',(-34.7,14.,4.));
#11592=CARTESIAN_POINT('',(43.8,14.,4.));
#11593=CARTESIAN_POINT('',(-34.7,14.,1.2));
#11594=CARTESIAN_POINT('Origin',(-38.3,12.8,1.2));
#11595=CARTESIAN_POINT('',(-37.1,12.8,4.));
#11596=CARTESIAN_POINT('',(-38.3,14.,4.));
#11597=CARTESIAN_POINT('Origin',(-38.3,12.8,4.));
#11598=CARTESIAN_POINT('',(-38.3,14.,1.2));
#11599=CARTESIAN_POINT('',(-37.1,12.8,1.2));
#11600=CARTESIAN_POINT('Origin',(43.8,14.,1.2));
#11601=CARTESIAN_POINT('',(-42.,14.,4.));
#11602=CARTESIAN_POINT('',(43.8,14.,4.));
#11603=CARTESIAN_POINT('',(-42.,14.,1.2));
#11604=CARTESIAN_POINT('Origin',(-34.65,-12.8,1.2));
#11605=CARTESIAN_POINT('',(-34.65,-14.,4.));
#11606=CARTESIAN_POINT('Origin',(-34.65,-12.8,4.));
#11607=CARTESIAN_POINT('',(-34.65,-14.,1.2));
#11608=CARTESIAN_POINT('Origin',(-27.35,-12.8,1.2));
#11609=CARTESIAN_POINT('',(-27.35,-14.,4.));
#11610=CARTESIAN_POINT('Origin',(-27.35,-12.8,4.));
#11611=CARTESIAN_POINT('',(-27.35,-14.,1.2));
#11612=CARTESIAN_POINT('Origin',(-16.4,-12.8,1.2));
#11613=CARTESIAN_POINT('',(-16.4,-14.,4.));
#11614=CARTESIAN_POINT('Origin',(-16.4,-12.8,4.));
#11615=CARTESIAN_POINT('',(-16.4,-14.,1.2));
#11616=CARTESIAN_POINT('Origin',(12.8,-12.8,1.2));
#11617=CARTESIAN_POINT('',(12.8,-14.,4.));
#11618=CARTESIAN_POINT('Origin',(12.8,-12.8,4.));
#11619=CARTESIAN_POINT('',(12.8,-14.,1.2));
#11620=CARTESIAN_POINT('Origin',(23.75,-12.8,1.2));
#11621=CARTESIAN_POINT('',(23.75,-14.,4.));
#11622=CARTESIAN_POINT('Origin',(23.75,-12.8,4.));
#11623=CARTESIAN_POINT('',(23.75,-14.,1.2));
#11624=CARTESIAN_POINT('Origin',(31.05,-12.8,1.2));
#11625=CARTESIAN_POINT('',(31.05,-14.,4.));
#11626=CARTESIAN_POINT('Origin',(31.05,-12.8,4.));
#11627=CARTESIAN_POINT('',(31.05,-14.,1.2));
#11628=CARTESIAN_POINT('Origin',(42.,-12.8,1.2));
#11629=CARTESIAN_POINT('',(42.,-14.,4.));
#11630=CARTESIAN_POINT('',(42.,-14.,1.2));
#11631=CARTESIAN_POINT('',(43.2,-12.8,4.));
#11632=CARTESIAN_POINT('Origin',(42.,-12.8,4.));
#11633=CARTESIAN_POINT('',(43.2,-12.8,1.2));
#11634=CARTESIAN_POINT('Origin',(-43.8,-14.,1.2));
#11635=CARTESIAN_POINT('',(34.65,-14.,4.));
#11636=CARTESIAN_POINT('',(34.65,-14.,1.2));
#11637=CARTESIAN_POINT('',(-43.8,-14.,4.));
#11638=CARTESIAN_POINT('Origin',(42.,-5.5,1.2));
#11639=CARTESIAN_POINT('',(42.,-6.7,4.));
#11640=CARTESIAN_POINT('',(42.,-6.7,1.2));
#11641=CARTESIAN_POINT('',(43.2,-5.5,4.));
#11642=CARTESIAN_POINT('Origin',(42.,-5.5,4.));
#11643=CARTESIAN_POINT('',(43.2,-5.5,1.2));
#11644=CARTESIAN_POINT('Origin',(43.8,-6.7,1.2));
#11645=CARTESIAN_POINT('',(36.475,-6.7,4.));
#11646=CARTESIAN_POINT('',(36.475,-6.7,1.2));
#11647=CARTESIAN_POINT('',(43.8,-6.7,4.));
#11648=CARTESIAN_POINT('Origin',(32.875,-5.5,1.2));
#11649=CARTESIAN_POINT('',(32.875,-6.7,4.));
#11650=CARTESIAN_POINT('Origin',(32.875,-5.5,4.));
#11651=CARTESIAN_POINT('',(32.875,-6.7,1.2));
#11652=CARTESIAN_POINT('Origin',(25.575,-5.5,1.2));
#11653=CARTESIAN_POINT('',(25.575,-6.7,4.));
#11654=CARTESIAN_POINT('Origin',(25.575,-5.5,4.));
#11655=CARTESIAN_POINT('',(25.575,-6.7,1.2));
#11656=CARTESIAN_POINT('Origin',(18.275,-5.5,1.2));
#11657=CARTESIAN_POINT('',(18.275,-6.7,4.));
#11658=CARTESIAN_POINT('Origin',(18.275,-5.5,4.));
#11659=CARTESIAN_POINT('',(18.275,-6.7,1.2));
#11660=CARTESIAN_POINT('Origin',(10.975,-5.5,1.2));
#11661=CARTESIAN_POINT('',(10.975,-6.7,4.));
#11662=CARTESIAN_POINT('Origin',(10.975,-5.5,4.));
#11663=CARTESIAN_POINT('',(10.975,-6.7,1.2));
#11664=CARTESIAN_POINT('Origin',(3.675,-5.5,1.2));
#11665=CARTESIAN_POINT('',(3.675,-6.7,4.));
#11666=CARTESIAN_POINT('Origin',(3.675,-5.5,4.));
#11667=CARTESIAN_POINT('',(3.675,-6.7,1.2));
#11668=CARTESIAN_POINT('Origin',(-3.625,-5.5,1.2));
#11669=CARTESIAN_POINT('',(-3.625,-6.7,4.));
#11670=CARTESIAN_POINT('Origin',(-3.625,-5.5,4.));
#11671=CARTESIAN_POINT('',(-3.625,-6.7,1.2));
#11672=CARTESIAN_POINT('Origin',(-10.925,-5.5,1.2));
#11673=CARTESIAN_POINT('',(-10.925,-6.7,4.));
#11674=CARTESIAN_POINT('Origin',(-10.925,-5.5,4.));
#11675=CARTESIAN_POINT('',(-10.925,-6.7,1.2));
#11676=CARTESIAN_POINT('Origin',(-18.225,-5.5,1.2));
#11677=CARTESIAN_POINT('',(-18.225,-6.7,4.));
#11678=CARTESIAN_POINT('Origin',(-18.225,-5.5,4.));
#11679=CARTESIAN_POINT('',(-18.225,-6.7,1.2));
#11680=CARTESIAN_POINT('Origin',(-25.525,-5.5,1.2));
#11681=CARTESIAN_POINT('',(-25.525,-6.7,4.));
#11682=CARTESIAN_POINT('Origin',(-25.525,-5.5,4.));
#11683=CARTESIAN_POINT('',(-25.525,-6.7,1.2));
#11684=CARTESIAN_POINT('Origin',(-32.825,-5.5,1.2));
#11685=CARTESIAN_POINT('',(-32.825,-6.7,4.));
#11686=CARTESIAN_POINT('Origin',(-32.825,-5.5,4.));
#11687=CARTESIAN_POINT('',(-32.825,-6.7,1.2));
#11688=CARTESIAN_POINT('Origin',(-36.475,1.8,1.2));
#11689=CARTESIAN_POINT('',(-36.475,0.6,4.));
#11690=CARTESIAN_POINT('Origin',(-36.475,1.8,4.));
#11691=CARTESIAN_POINT('',(-36.475,0.6,1.2));
#11692=CARTESIAN_POINT('Origin',(-29.175,1.8,1.2));
#11693=CARTESIAN_POINT('',(-29.175,0.6,4.));
#11694=CARTESIAN_POINT('Origin',(-29.175,1.8,4.));
#11695=CARTESIAN_POINT('',(-29.175,0.6,1.2));
#11696=CARTESIAN_POINT('Origin',(-21.875,1.8,1.2));
#11697=CARTESIAN_POINT('',(-21.875,0.6,4.));
#11698=CARTESIAN_POINT('Origin',(-21.875,1.8,4.));
#11699=CARTESIAN_POINT('',(-21.875,0.6,1.2));
#11700=CARTESIAN_POINT('Origin',(-14.575,1.8,1.2));
#11701=CARTESIAN_POINT('',(-14.575,0.6,4.));
#11702=CARTESIAN_POINT('Origin',(-14.575,1.8,4.));
#11703=CARTESIAN_POINT('',(-14.575,0.6,1.2));
#11704=CARTESIAN_POINT('Origin',(-7.275,1.8,1.2));
#11705=CARTESIAN_POINT('',(-7.275,0.6,4.));
#11706=CARTESIAN_POINT('Origin',(-7.275,1.8,4.));
#11707=CARTESIAN_POINT('',(-7.275,0.6,1.2));
#11708=CARTESIAN_POINT('Origin',(0.0249999999999995,1.8,1.2));
#11709=CARTESIAN_POINT('',(0.0250000000000039,0.6,4.));
#11710=CARTESIAN_POINT('Origin',(0.0249999999999995,1.8,4.));
#11711=CARTESIAN_POINT('',(0.0249999999999995,0.6,1.2));
#11712=CARTESIAN_POINT('Origin',(7.325,1.8,1.2));
#11713=CARTESIAN_POINT('',(7.325,0.6,4.));
#11714=CARTESIAN_POINT('Origin',(7.325,1.8,4.));
#11715=CARTESIAN_POINT('',(7.325,0.6,1.2));
#11716=CARTESIAN_POINT('Origin',(14.625,1.8,1.2));
#11717=CARTESIAN_POINT('',(14.625,0.6,4.));
#11718=CARTESIAN_POINT('Origin',(14.625,1.8,4.));
#11719=CARTESIAN_POINT('',(14.625,0.6,1.2));
#11720=CARTESIAN_POINT('Origin',(21.925,1.8,1.2));
#11721=CARTESIAN_POINT('',(21.925,0.6,4.));
#11722=CARTESIAN_POINT('Origin',(21.925,1.8,4.));
#11723=CARTESIAN_POINT('',(21.925,0.6,1.2));
#11724=CARTESIAN_POINT('Origin',(29.225,1.8,1.2));
#11725=CARTESIAN_POINT('',(29.225,0.6,4.));
#11726=CARTESIAN_POINT('Origin',(29.225,1.8,4.));
#11727=CARTESIAN_POINT('',(29.225,0.6,1.2));
#11728=CARTESIAN_POINT('Origin',(42.,1.8,1.2));
#11729=CARTESIAN_POINT('',(42.,0.6,4.));
#11730=CARTESIAN_POINT('',(42.,0.6,1.2));
#11731=CARTESIAN_POINT('Origin',(42.,1.8,4.));
#11732=CARTESIAN_POINT('Origin',(-43.8,0.6,1.2));
#11733=CARTESIAN_POINT('',(32.825,0.6,4.));
#11734=CARTESIAN_POINT('',(32.825,0.6,1.2));
#11735=CARTESIAN_POINT('',(43.8,0.6,4.));
#11736=CARTESIAN_POINT('Origin',(42.,9.1,1.2));
#11737=CARTESIAN_POINT('',(42.,7.9,4.));
#11738=CARTESIAN_POINT('Origin',(42.,9.1,4.));
#11739=CARTESIAN_POINT('',(42.,7.9,1.2));
#11740=CARTESIAN_POINT('Origin',(34.7,9.1,1.2));
#11741=CARTESIAN_POINT('',(34.7,7.9,4.));
#11742=CARTESIAN_POINT('',(34.7,7.9,1.2));
#11743=CARTESIAN_POINT('',(35.9,9.1,4.));
#11744=CARTESIAN_POINT('Origin',(34.7,9.1,4.));
#11745=CARTESIAN_POINT('',(35.9,9.1,1.2));
#11746=CARTESIAN_POINT('Origin',(-43.8,7.9,1.2));
#11747=CARTESIAN_POINT('',(31.,7.9,4.));
#11748=CARTESIAN_POINT('',(31.,7.9,1.2));
#11749=CARTESIAN_POINT('',(43.8,7.9,4.));
#11750=CARTESIAN_POINT('Origin',(27.4,9.1,1.2));
#11751=CARTESIAN_POINT('',(27.4,7.9,4.));
#11752=CARTESIAN_POINT('',(27.4,7.9,1.2));
#11753=CARTESIAN_POINT('',(28.6,9.1,4.));
#11754=CARTESIAN_POINT('Origin',(27.4,9.1,4.));
#11755=CARTESIAN_POINT('',(28.6,9.1,1.2));
#11756=CARTESIAN_POINT('Origin',(-43.8,7.9,1.2));
#11757=CARTESIAN_POINT('',(23.7,7.9,4.));
#11758=CARTESIAN_POINT('',(23.7,7.9,1.2));
#11759=CARTESIAN_POINT('',(43.8,7.9,4.));
#11760=CARTESIAN_POINT('Origin',(20.1,9.1,1.2));
#11761=CARTESIAN_POINT('',(20.1,7.9,4.));
#11762=CARTESIAN_POINT('',(20.1,7.9,1.2));
#11763=CARTESIAN_POINT('',(21.3,9.1,4.));
#11764=CARTESIAN_POINT('Origin',(20.1,9.1,4.));
#11765=CARTESIAN_POINT('',(21.3,9.1,1.2));
#11766=CARTESIAN_POINT('Origin',(-43.8,7.9,1.2));
#11767=CARTESIAN_POINT('',(16.4,7.9,4.));
#11768=CARTESIAN_POINT('',(16.4,7.9,1.2));
#11769=CARTESIAN_POINT('',(43.8,7.9,4.));
#11770=CARTESIAN_POINT('Origin',(12.8,9.1,1.2));
#11771=CARTESIAN_POINT('',(12.8,7.9,4.));
#11772=CARTESIAN_POINT('',(12.8,7.9,1.2));
#11773=CARTESIAN_POINT('',(14.,9.1,4.));
#11774=CARTESIAN_POINT('Origin',(12.8,9.1,4.));
#11775=CARTESIAN_POINT('',(14.,9.1,1.2));
#11776=CARTESIAN_POINT('Origin',(-43.8,7.9,1.2));
#11777=CARTESIAN_POINT('',(9.09999999999999,7.9,4.));
#11778=CARTESIAN_POINT('',(9.09999999999999,7.9,1.2));
#11779=CARTESIAN_POINT('',(43.8,7.9,4.));
#11780=CARTESIAN_POINT('Origin',(5.5,9.1,1.2));
#11781=CARTESIAN_POINT('',(5.5,7.9,4.));
#11782=CARTESIAN_POINT('',(5.5,7.9,1.2));
#11783=CARTESIAN_POINT('',(6.69999999999999,9.1,4.));
#11784=CARTESIAN_POINT('Origin',(5.5,9.1,4.));
#11785=CARTESIAN_POINT('',(6.69999999999999,9.1,1.2));
#11786=CARTESIAN_POINT('Origin',(-43.8,7.9,1.2));
#11787=CARTESIAN_POINT('',(1.8,7.9,4.));
#11788=CARTESIAN_POINT('',(1.8,7.9,1.2));
#11789=CARTESIAN_POINT('',(43.8,7.9,4.));
#11790=CARTESIAN_POINT('Origin',(-1.8,9.1,1.2));
#11791=CARTESIAN_POINT('',(-1.8,7.9,4.));
#11792=CARTESIAN_POINT('',(-1.8,7.9,1.2));
#11793=CARTESIAN_POINT('',(-0.6,9.1,4.));
#11794=CARTESIAN_POINT('Origin',(-1.8,9.1,4.));
#11795=CARTESIAN_POINT('',(-0.6,9.1,1.2));
#11796=CARTESIAN_POINT('Origin',(-43.8,7.9,1.2));
#11797=CARTESIAN_POINT('',(-5.5,7.9,4.));
#11798=CARTESIAN_POINT('',(-5.5,7.9,1.2));
#11799=CARTESIAN_POINT('',(43.8,7.9,4.));
#11800=CARTESIAN_POINT('Origin',(-9.1,9.1,1.2));
#11801=CARTESIAN_POINT('',(-9.1,7.9,4.));
#11802=CARTESIAN_POINT('',(-9.1,7.9,1.2));
#11803=CARTESIAN_POINT('',(-7.9,9.1,4.));
#11804=CARTESIAN_POINT('Origin',(-9.1,9.1,4.));
#11805=CARTESIAN_POINT('',(-7.9,9.1,1.2));
#11806=CARTESIAN_POINT('Origin',(-43.8,7.9,1.2));
#11807=CARTESIAN_POINT('',(-12.8,7.9,4.));
#11808=CARTESIAN_POINT('',(-12.8,7.9,1.2));
#11809=CARTESIAN_POINT('',(43.8,7.9,4.));
#11810=CARTESIAN_POINT('Origin',(-16.4,9.1,1.2));
#11811=CARTESIAN_POINT('',(-16.4,7.9,4.));
#11812=CARTESIAN_POINT('',(-16.4,7.9,1.2));
#11813=CARTESIAN_POINT('',(-15.2,9.1,4.));
#11814=CARTESIAN_POINT('Origin',(-16.4,9.1,4.));
#11815=CARTESIAN_POINT('',(-15.2,9.1,1.2));
#11816=CARTESIAN_POINT('Origin',(-43.8,7.9,1.2));
#11817=CARTESIAN_POINT('',(-20.1,7.9,4.));
#11818=CARTESIAN_POINT('',(-20.1,7.9,1.2));
#11819=CARTESIAN_POINT('',(43.8,7.9,4.));
#11820=CARTESIAN_POINT('Origin',(-23.7,9.1,1.2));
#11821=CARTESIAN_POINT('',(-23.7,7.9,4.));
#11822=CARTESIAN_POINT('',(-23.7,7.9,1.2));
#11823=CARTESIAN_POINT('',(-22.5,9.1,4.));
#11824=CARTESIAN_POINT('Origin',(-23.7,9.1,4.));
#11825=CARTESIAN_POINT('',(-22.5,9.1,1.2));
#11826=CARTESIAN_POINT('Origin',(-43.8,7.9,1.2));
#11827=CARTESIAN_POINT('',(-27.4,7.9,4.));
#11828=CARTESIAN_POINT('',(-27.4,7.9,1.2));
#11829=CARTESIAN_POINT('',(43.8,7.9,4.));
#11830=CARTESIAN_POINT('Origin',(-31.,9.1,1.2));
#11831=CARTESIAN_POINT('',(-31.,7.9,4.));
#11832=CARTESIAN_POINT('',(-31.,7.9,1.2));
#11833=CARTESIAN_POINT('',(-29.8,9.1,4.));
#11834=CARTESIAN_POINT('Origin',(-31.,9.1,4.));
#11835=CARTESIAN_POINT('',(-29.8,9.1,1.2));
#11836=CARTESIAN_POINT('Origin',(-43.8,7.9,1.2));
#11837=CARTESIAN_POINT('',(-34.7,7.9,4.));
#11838=CARTESIAN_POINT('',(-34.7,7.9,1.2));
#11839=CARTESIAN_POINT('',(43.8,7.9,4.));
#11840=CARTESIAN_POINT('Origin',(-38.3,9.1,1.2));
#11841=CARTESIAN_POINT('',(-38.3,7.9,4.));
#11842=CARTESIAN_POINT('',(-38.3,7.9,1.2));
#11843=CARTESIAN_POINT('',(-37.1,9.1,4.));
#11844=CARTESIAN_POINT('Origin',(-38.3,9.1,4.));
#11845=CARTESIAN_POINT('',(-37.1,9.1,1.2));
#11846=CARTESIAN_POINT('Origin',(-43.8,7.9,1.2));
#11847=CARTESIAN_POINT('',(-42.,7.9,4.));
#11848=CARTESIAN_POINT('',(-42.,7.9,1.2));
#11849=CARTESIAN_POINT('',(43.8,7.9,4.));
#11850=CARTESIAN_POINT('Origin',(-42.,-12.8,1.2));
#11851=CARTESIAN_POINT('',(-43.2,-12.8,4.));
#11852=CARTESIAN_POINT('',(-43.2,-12.8,1.2));
#11853=CARTESIAN_POINT('',(-42.,-14.,4.));
#11854=CARTESIAN_POINT('Origin',(-42.,-12.8,4.));
#11855=CARTESIAN_POINT('',(-42.,-14.,1.2));
#11856=CARTESIAN_POINT('Origin',(-43.2,0.,1.2));
#11857=CARTESIAN_POINT('',(-43.2,-9.1,4.));
#11858=CARTESIAN_POINT('',(-43.2,-9.1,1.2));
#11859=CARTESIAN_POINT('',(-43.2,0.,4.));
#11860=CARTESIAN_POINT('Origin',(-31.05,-12.8,1.2));
#11861=CARTESIAN_POINT('',(-32.25,-12.8,4.));
#11862=CARTESIAN_POINT('',(-32.25,-12.8,1.2));
#11863=CARTESIAN_POINT('',(-31.05,-14.,4.));
#11864=CARTESIAN_POINT('Origin',(-31.05,-12.8,4.));
#11865=CARTESIAN_POINT('',(-31.05,-14.,1.2));
#11866=CARTESIAN_POINT('Origin',(-32.25,-7.3,1.2));
#11867=CARTESIAN_POINT('',(-32.25,-9.1,4.));
#11868=CARTESIAN_POINT('',(-32.25,-9.1,1.2));
#11869=CARTESIAN_POINT('',(-32.25,-7.3,4.));
#11870=CARTESIAN_POINT('Origin',(-23.75,-12.8,1.2));
#11871=CARTESIAN_POINT('',(-24.95,-12.8,4.));
#11872=CARTESIAN_POINT('',(-24.95,-12.8,1.2));
#11873=CARTESIAN_POINT('',(-23.75,-14.,4.));
#11874=CARTESIAN_POINT('Origin',(-23.75,-12.8,4.));
#11875=CARTESIAN_POINT('',(-23.75,-14.,1.2));
#11876=CARTESIAN_POINT('Origin',(-24.95,-7.3,1.2));
#11877=CARTESIAN_POINT('',(-24.95,-9.1,4.));
#11878=CARTESIAN_POINT('',(-24.95,-9.1,1.2));
#11879=CARTESIAN_POINT('',(-24.95,-7.3,4.));
#11880=CARTESIAN_POINT('Origin',(-12.8,-12.8,1.2));
#11881=CARTESIAN_POINT('',(-14.,-12.8,4.));
#11882=CARTESIAN_POINT('',(-14.,-12.8,1.2));
#11883=CARTESIAN_POINT('',(-12.8,-14.,4.));
#11884=CARTESIAN_POINT('Origin',(-12.8,-12.8,4.));
#11885=CARTESIAN_POINT('',(-12.8,-14.,1.2));
#11886=CARTESIAN_POINT('Origin',(-14.,-7.3,1.2));
#11887=CARTESIAN_POINT('',(-14.,-9.1,4.));
#11888=CARTESIAN_POINT('',(-14.,-9.1,1.2));
#11889=CARTESIAN_POINT('',(-14.,-7.3,4.));
#11890=CARTESIAN_POINT('Origin',(16.4,-12.8,1.2));
#11891=CARTESIAN_POINT('',(15.2,-12.8,4.));
#11892=CARTESIAN_POINT('',(15.2,-12.8,1.2));
#11893=CARTESIAN_POINT('',(16.4,-14.,4.));
#11894=CARTESIAN_POINT('Origin',(16.4,-12.8,4.));
#11895=CARTESIAN_POINT('',(16.4,-14.,1.2));
#11896=CARTESIAN_POINT('Origin',(15.2,-7.3,1.2));
#11897=CARTESIAN_POINT('',(15.2,-9.1,4.));
#11898=CARTESIAN_POINT('',(15.2,-9.1,1.2));
#11899=CARTESIAN_POINT('',(15.2,-7.3,4.));
#11900=CARTESIAN_POINT('Origin',(27.35,-12.8,1.2));
#11901=CARTESIAN_POINT('',(26.15,-12.8,4.));
#11902=CARTESIAN_POINT('',(26.15,-12.8,1.2));
#11903=CARTESIAN_POINT('',(27.35,-14.,4.));
#11904=CARTESIAN_POINT('Origin',(27.35,-12.8,4.));
#11905=CARTESIAN_POINT('',(27.35,-14.,1.2));
#11906=CARTESIAN_POINT('Origin',(26.15,-7.3,1.2));
#11907=CARTESIAN_POINT('',(26.15,-9.1,4.));
#11908=CARTESIAN_POINT('',(26.15,-9.1,1.2));
#11909=CARTESIAN_POINT('',(26.15,-7.3,4.));
#11910=CARTESIAN_POINT('Origin',(34.65,-12.8,1.2));
#11911=CARTESIAN_POINT('',(33.45,-12.8,4.));
#11912=CARTESIAN_POINT('',(33.45,-12.8,1.2));
#11913=CARTESIAN_POINT('Origin',(34.65,-12.8,4.));
#11914=CARTESIAN_POINT('Origin',(33.45,-7.3,1.2));
#11915=CARTESIAN_POINT('',(33.45,-9.1,4.));
#11916=CARTESIAN_POINT('',(33.45,-9.1,1.2));
#11917=CARTESIAN_POINT('',(33.45,-7.3,4.));
#11918=CARTESIAN_POINT('Origin',(36.475,-5.5,1.2));
#11919=CARTESIAN_POINT('',(35.275,-5.5,4.));
#11920=CARTESIAN_POINT('',(35.275,-5.5,1.2));
#11921=CARTESIAN_POINT('Origin',(36.475,-5.5,4.));
#11922=CARTESIAN_POINT('Origin',(35.275,0.,1.2));
#11923=CARTESIAN_POINT('',(35.275,-1.8,4.));
#11924=CARTESIAN_POINT('',(35.275,-1.8,1.2));
#11925=CARTESIAN_POINT('',(35.275,0.,4.));
#11926=CARTESIAN_POINT('Origin',(29.175,-5.5,1.2));
#11927=CARTESIAN_POINT('',(27.975,-5.5,4.));
#11928=CARTESIAN_POINT('',(27.975,-5.5,1.2));
#11929=CARTESIAN_POINT('',(29.175,-6.7,4.));
#11930=CARTESIAN_POINT('Origin',(29.175,-5.5,4.));
#11931=CARTESIAN_POINT('',(29.175,-6.7,1.2));
#11932=CARTESIAN_POINT('Origin',(27.975,0.,1.2));
#11933=CARTESIAN_POINT('',(27.975,-1.8,4.));
#11934=CARTESIAN_POINT('',(27.975,-1.8,1.2));
#11935=CARTESIAN_POINT('',(27.975,0.,4.));
#11936=CARTESIAN_POINT('Origin',(21.875,-5.5,1.2));
#11937=CARTESIAN_POINT('',(20.675,-5.5,4.));
#11938=CARTESIAN_POINT('',(20.675,-5.5,1.2));
#11939=CARTESIAN_POINT('',(21.875,-6.7,4.));
#11940=CARTESIAN_POINT('Origin',(21.875,-5.5,4.));
#11941=CARTESIAN_POINT('',(21.875,-6.7,1.2));
#11942=CARTESIAN_POINT('Origin',(20.675,0.,1.2));
#11943=CARTESIAN_POINT('',(20.675,-1.8,4.));
#11944=CARTESIAN_POINT('',(20.675,-1.8,1.2));
#11945=CARTESIAN_POINT('',(20.675,0.,4.));
#11946=CARTESIAN_POINT('Origin',(14.575,-5.5,1.2));
#11947=CARTESIAN_POINT('',(13.375,-5.5,4.));
#11948=CARTESIAN_POINT('',(13.375,-5.5,1.2));
#11949=CARTESIAN_POINT('',(14.575,-6.7,4.));
#11950=CARTESIAN_POINT('Origin',(14.575,-5.5,4.));
#11951=CARTESIAN_POINT('',(14.575,-6.7,1.2));
#11952=CARTESIAN_POINT('Origin',(13.375,0.,1.2));
#11953=CARTESIAN_POINT('',(13.375,-1.8,4.));
#11954=CARTESIAN_POINT('',(13.375,-1.8,1.2));
#11955=CARTESIAN_POINT('',(13.375,0.,4.));
#11956=CARTESIAN_POINT('Origin',(7.275,-5.5,1.2));
#11957=CARTESIAN_POINT('',(6.075,-5.5,4.));
#11958=CARTESIAN_POINT('',(6.075,-5.5,1.2));
#11959=CARTESIAN_POINT('',(7.275,-6.7,4.));
#11960=CARTESIAN_POINT('Origin',(7.275,-5.5,4.));
#11961=CARTESIAN_POINT('',(7.275,-6.7,1.2));
#11962=CARTESIAN_POINT('Origin',(6.075,0.,1.2));
#11963=CARTESIAN_POINT('',(6.075,-1.8,4.));
#11964=CARTESIAN_POINT('',(6.075,-1.8,1.2));
#11965=CARTESIAN_POINT('',(6.075,0.,4.));
#11966=CARTESIAN_POINT('Origin',(-0.0249999999999995,-5.5,1.2));
#11967=CARTESIAN_POINT('',(-1.225,-5.5,4.));
#11968=CARTESIAN_POINT('',(-1.225,-5.5,1.2));
#11969=CARTESIAN_POINT('',(-0.0250000000000039,-6.7,4.));
#11970=CARTESIAN_POINT('Origin',(-0.0249999999999995,-5.5,4.));
#11971=CARTESIAN_POINT('',(-0.0249999999999995,-6.7,1.2));
#11972=CARTESIAN_POINT('Origin',(-1.225,0.,1.2));
#11973=CARTESIAN_POINT('',(-1.225,-1.8,4.));
#11974=CARTESIAN_POINT('',(-1.225,-1.8,1.2));
#11975=CARTESIAN_POINT('',(-1.225,0.,4.));
#11976=CARTESIAN_POINT('Origin',(-7.325,-5.5,1.2));
#11977=CARTESIAN_POINT('',(-8.525,-5.5,4.));
#11978=CARTESIAN_POINT('',(-8.525,-5.5,1.2));
#11979=CARTESIAN_POINT('',(-7.325,-6.7,4.));
#11980=CARTESIAN_POINT('Origin',(-7.325,-5.5,4.));
#11981=CARTESIAN_POINT('',(-7.325,-6.7,1.2));
#11982=CARTESIAN_POINT('Origin',(-8.525,0.,1.2));
#11983=CARTESIAN_POINT('',(-8.525,-1.8,4.));
#11984=CARTESIAN_POINT('',(-8.525,-1.8,1.2));
#11985=CARTESIAN_POINT('',(-8.525,0.,4.));
#11986=CARTESIAN_POINT('Origin',(-14.625,-5.5,1.2));
#11987=CARTESIAN_POINT('',(-15.825,-5.5,4.));
#11988=CARTESIAN_POINT('',(-15.825,-5.5,1.2));
#11989=CARTESIAN_POINT('',(-14.625,-6.7,4.));
#11990=CARTESIAN_POINT('Origin',(-14.625,-5.5,4.));
#11991=CARTESIAN_POINT('',(-14.625,-6.7,1.2));
#11992=CARTESIAN_POINT('Origin',(-15.825,0.,1.2));
#11993=CARTESIAN_POINT('',(-15.825,-1.8,4.));
#11994=CARTESIAN_POINT('',(-15.825,-1.8,1.2));
#11995=CARTESIAN_POINT('',(-15.825,0.,4.));
#11996=CARTESIAN_POINT('Origin',(-21.925,-5.5,1.2));
#11997=CARTESIAN_POINT('',(-23.125,-5.5,4.));
#11998=CARTESIAN_POINT('',(-23.125,-5.5,1.2));
#11999=CARTESIAN_POINT('',(-21.925,-6.7,4.));
#12000=CARTESIAN_POINT('Origin',(-21.925,-5.5,4.));
#12001=CARTESIAN_POINT('',(-21.925,-6.7,1.2));
#12002=CARTESIAN_POINT('Origin',(-23.125,0.,1.2));
#12003=CARTESIAN_POINT('',(-23.125,-1.8,4.));
#12004=CARTESIAN_POINT('',(-23.125,-1.8,1.2));
#12005=CARTESIAN_POINT('',(-23.125,0.,4.));
#12006=CARTESIAN_POINT('Origin',(-29.225,-5.5,1.2));
#12007=CARTESIAN_POINT('',(-30.425,-5.5,4.));
#12008=CARTESIAN_POINT('',(-30.425,-5.5,1.2));
#12009=CARTESIAN_POINT('',(-29.225,-6.7,4.));
#12010=CARTESIAN_POINT('Origin',(-29.225,-5.5,4.));
#12011=CARTESIAN_POINT('',(-29.225,-6.7,1.2));
#12012=CARTESIAN_POINT('Origin',(-30.425,0.,1.2));
#12013=CARTESIAN_POINT('',(-30.425,-1.8,4.));
#12014=CARTESIAN_POINT('',(-30.425,-1.8,1.2));
#12015=CARTESIAN_POINT('',(-30.425,0.,4.));
#12016=CARTESIAN_POINT('Origin',(-42.,-5.5,1.2));
#12017=CARTESIAN_POINT('',(-43.2,-5.5,4.));
#12018=CARTESIAN_POINT('',(-42.,-6.7,4.));
#12019=CARTESIAN_POINT('Origin',(-42.,-5.5,4.));
#12020=CARTESIAN_POINT('',(-42.,-6.7,1.2));
#12021=CARTESIAN_POINT('',(-43.2,-5.5,1.2));
#12022=CARTESIAN_POINT('Origin',(43.8,-6.7,1.2));
#12023=CARTESIAN_POINT('',(43.8,-6.7,4.));
#12024=CARTESIAN_POINT('Origin',(-42.,1.8,1.2));
#12025=CARTESIAN_POINT('',(-43.2,1.8,4.));
#12026=CARTESIAN_POINT('',(-43.2,1.8,1.2));
#12027=CARTESIAN_POINT('',(-42.,0.6,4.));
#12028=CARTESIAN_POINT('Origin',(-42.,1.8,4.));
#12029=CARTESIAN_POINT('',(-42.,0.6,1.2));
#12030=CARTESIAN_POINT('Origin',(-43.2,7.3,1.2));
#12031=CARTESIAN_POINT('',(-43.2,5.5,4.));
#12032=CARTESIAN_POINT('',(-43.2,5.5,1.2));
#12033=CARTESIAN_POINT('',(-43.2,7.3,4.));
#12034=CARTESIAN_POINT('Origin',(-32.875,1.8,1.2));
#12035=CARTESIAN_POINT('',(-34.075,1.8,4.));
#12036=CARTESIAN_POINT('',(-34.075,1.8,1.2));
#12037=CARTESIAN_POINT('',(-32.875,0.6,4.));
#12038=CARTESIAN_POINT('Origin',(-32.875,1.8,4.));
#12039=CARTESIAN_POINT('',(-32.875,0.6,1.2));
#12040=CARTESIAN_POINT('Origin',(-34.075,7.3,1.2));
#12041=CARTESIAN_POINT('',(-34.075,5.5,4.));
#12042=CARTESIAN_POINT('',(-34.075,5.5,1.2));
#12043=CARTESIAN_POINT('',(-34.075,7.3,4.));
#12044=CARTESIAN_POINT('Origin',(-25.575,1.8,1.2));
#12045=CARTESIAN_POINT('',(-26.775,1.8,4.));
#12046=CARTESIAN_POINT('',(-26.775,1.8,1.2));
#12047=CARTESIAN_POINT('',(-25.575,0.6,4.));
#12048=CARTESIAN_POINT('Origin',(-25.575,1.8,4.));
#12049=CARTESIAN_POINT('',(-25.575,0.6,1.2));
#12050=CARTESIAN_POINT('Origin',(-26.775,7.3,1.2));
#12051=CARTESIAN_POINT('',(-26.775,5.5,4.));
#12052=CARTESIAN_POINT('',(-26.775,5.5,1.2));
#12053=CARTESIAN_POINT('',(-26.775,7.3,4.));
#12054=CARTESIAN_POINT('Origin',(-18.275,1.8,1.2));
#12055=CARTESIAN_POINT('',(-19.475,1.8,4.));
#12056=CARTESIAN_POINT('',(-19.475,1.8,1.2));
#12057=CARTESIAN_POINT('',(-18.275,0.6,4.));
#12058=CARTESIAN_POINT('Origin',(-18.275,1.8,4.));
#12059=CARTESIAN_POINT('',(-18.275,0.6,1.2));
#12060=CARTESIAN_POINT('Origin',(-19.475,7.3,1.2));
#12061=CARTESIAN_POINT('',(-19.475,5.5,4.));
#12062=CARTESIAN_POINT('',(-19.475,5.5,1.2));
#12063=CARTESIAN_POINT('',(-19.475,7.3,4.));
#12064=CARTESIAN_POINT('Origin',(-10.975,1.8,1.2));
#12065=CARTESIAN_POINT('',(-12.175,1.8,4.));
#12066=CARTESIAN_POINT('',(-12.175,1.8,1.2));
#12067=CARTESIAN_POINT('',(-10.975,0.6,4.));
#12068=CARTESIAN_POINT('Origin',(-10.975,1.8,4.));
#12069=CARTESIAN_POINT('',(-10.975,0.6,1.2));
#12070=CARTESIAN_POINT('Origin',(-12.175,7.3,1.2));
#12071=CARTESIAN_POINT('',(-12.175,5.5,4.));
#12072=CARTESIAN_POINT('',(-12.175,5.5,1.2));
#12073=CARTESIAN_POINT('',(-12.175,7.3,4.));
#12074=CARTESIAN_POINT('Origin',(-3.675,1.8,1.2));
#12075=CARTESIAN_POINT('',(-4.875,1.8,4.));
#12076=CARTESIAN_POINT('',(-4.875,1.8,1.2));
#12077=CARTESIAN_POINT('',(-3.675,0.6,4.));
#12078=CARTESIAN_POINT('Origin',(-3.675,1.8,4.));
#12079=CARTESIAN_POINT('',(-3.675,0.6,1.2));
#12080=CARTESIAN_POINT('Origin',(-4.875,7.3,1.2));
#12081=CARTESIAN_POINT('',(-4.875,5.5,4.));
#12082=CARTESIAN_POINT('',(-4.875,5.5,1.2));
#12083=CARTESIAN_POINT('',(-4.875,7.3,4.));
#12084=CARTESIAN_POINT('Origin',(3.625,1.8,1.2));
#12085=CARTESIAN_POINT('',(2.425,1.8,4.));
#12086=CARTESIAN_POINT('',(2.425,1.8,1.2));
#12087=CARTESIAN_POINT('',(3.625,0.6,4.));
#12088=CARTESIAN_POINT('Origin',(3.625,1.8,4.));
#12089=CARTESIAN_POINT('',(3.625,0.6,1.2));
#12090=CARTESIAN_POINT('Origin',(2.425,7.3,1.2));
#12091=CARTESIAN_POINT('',(2.425,5.5,4.));
#12092=CARTESIAN_POINT('',(2.425,5.5,1.2));
#12093=CARTESIAN_POINT('',(2.425,7.3,4.));
#12094=CARTESIAN_POINT('Origin',(10.925,1.8,1.2));
#12095=CARTESIAN_POINT('',(9.725,1.8,4.));
#12096=CARTESIAN_POINT('',(9.725,1.8,1.2));
#12097=CARTESIAN_POINT('',(10.925,0.6,4.));
#12098=CARTESIAN_POINT('Origin',(10.925,1.8,4.));
#12099=CARTESIAN_POINT('',(10.925,0.6,1.2));
#12100=CARTESIAN_POINT('Origin',(9.725,7.3,1.2));
#12101=CARTESIAN_POINT('',(9.725,5.5,4.));
#12102=CARTESIAN_POINT('',(9.725,5.5,1.2));
#12103=CARTESIAN_POINT('',(9.725,7.3,4.));
#12104=CARTESIAN_POINT('Origin',(18.225,1.8,1.2));
#12105=CARTESIAN_POINT('',(17.025,1.8,4.));
#12106=CARTESIAN_POINT('',(17.025,1.8,1.2));
#12107=CARTESIAN_POINT('',(18.225,0.6,4.));
#12108=CARTESIAN_POINT('Origin',(18.225,1.8,4.));
#12109=CARTESIAN_POINT('',(18.225,0.6,1.2));
#12110=CARTESIAN_POINT('Origin',(17.025,7.3,1.2));
#12111=CARTESIAN_POINT('',(17.025,5.5,4.));
#12112=CARTESIAN_POINT('',(17.025,5.5,1.2));
#12113=CARTESIAN_POINT('',(17.025,7.3,4.));
#12114=CARTESIAN_POINT('Origin',(25.525,1.8,1.2));
#12115=CARTESIAN_POINT('',(24.325,1.8,4.));
#12116=CARTESIAN_POINT('',(24.325,1.8,1.2));
#12117=CARTESIAN_POINT('',(25.525,0.6,4.));
#12118=CARTESIAN_POINT('Origin',(25.525,1.8,4.));
#12119=CARTESIAN_POINT('',(25.525,0.6,1.2));
#12120=CARTESIAN_POINT('Origin',(24.325,7.3,1.2));
#12121=CARTESIAN_POINT('',(24.325,5.5,4.));
#12122=CARTESIAN_POINT('',(24.325,5.5,1.2));
#12123=CARTESIAN_POINT('',(24.325,7.3,4.));
#12124=CARTESIAN_POINT('Origin',(32.825,1.8,1.2));
#12125=CARTESIAN_POINT('',(31.625,1.8,4.));
#12126=CARTESIAN_POINT('',(31.625,1.8,1.2));
#12127=CARTESIAN_POINT('Origin',(32.825,1.8,4.));
#12128=CARTESIAN_POINT('Origin',(31.625,7.3,1.2));
#12129=CARTESIAN_POINT('',(31.625,5.5,4.));
#12130=CARTESIAN_POINT('',(31.625,5.5,1.2));
#12131=CARTESIAN_POINT('',(31.625,7.3,4.));
#12132=CARTESIAN_POINT('Origin',(38.3,9.1,1.2));
#12133=CARTESIAN_POINT('',(37.1,9.1,4.));
#12134=CARTESIAN_POINT('',(38.3,7.9,4.));
#12135=CARTESIAN_POINT('Origin',(38.3,9.1,4.));
#12136=CARTESIAN_POINT('',(38.3,7.9,1.2));
#12137=CARTESIAN_POINT('',(37.1,9.1,1.2));
#12138=CARTESIAN_POINT('Origin',(-43.8,7.9,1.2));
#12139=CARTESIAN_POINT('',(43.8,7.9,4.));
#12140=CARTESIAN_POINT('Origin',(31.,9.1,1.2));
#12141=CARTESIAN_POINT('',(29.8,9.1,4.));
#12142=CARTESIAN_POINT('Origin',(31.,9.1,4.));
#12143=CARTESIAN_POINT('',(29.8,9.1,1.2));
#12144=CARTESIAN_POINT('Origin',(23.7,9.1,1.2));
#12145=CARTESIAN_POINT('',(22.5,9.1,4.));
#12146=CARTESIAN_POINT('Origin',(23.7,9.1,4.));
#12147=CARTESIAN_POINT('',(22.5,9.1,1.2));
#12148=CARTESIAN_POINT('Origin',(16.4,9.1,1.2));
#12149=CARTESIAN_POINT('',(15.2,9.1,4.));
#12150=CARTESIAN_POINT('Origin',(16.4,9.1,4.));
#12151=CARTESIAN_POINT('',(15.2,9.1,1.2));
#12152=CARTESIAN_POINT('Origin',(9.09999999999999,9.1,1.2));
#12153=CARTESIAN_POINT('',(7.9,9.1,4.));
#12154=CARTESIAN_POINT('Origin',(9.09999999999999,9.1,4.));
#12155=CARTESIAN_POINT('',(7.9,9.1,1.2));
#12156=CARTESIAN_POINT('Origin',(1.8,9.1,1.2));
#12157=CARTESIAN_POINT('',(0.6,9.1,4.));
#12158=CARTESIAN_POINT('Origin',(1.8,9.1,4.));
#12159=CARTESIAN_POINT('',(0.6,9.1,1.2));
#12160=CARTESIAN_POINT('Origin',(-5.5,9.1,1.2));
#12161=CARTESIAN_POINT('',(-6.7,9.1,4.));
#12162=CARTESIAN_POINT('Origin',(-5.5,9.1,4.));
#12163=CARTESIAN_POINT('',(-6.7,9.1,1.2));
#12164=CARTESIAN_POINT('Origin',(-12.8,9.1,1.2));
#12165=CARTESIAN_POINT('',(-14.,9.1,4.));
#12166=CARTESIAN_POINT('Origin',(-12.8,9.1,4.));
#12167=CARTESIAN_POINT('',(-14.,9.1,1.2));
#12168=CARTESIAN_POINT('Origin',(-20.1,9.1,1.2));
#12169=CARTESIAN_POINT('',(-21.3,9.1,4.));
#12170=CARTESIAN_POINT('Origin',(-20.1,9.1,4.));
#12171=CARTESIAN_POINT('',(-21.3,9.1,1.2));
#12172=CARTESIAN_POINT('Origin',(-27.4,9.1,1.2));
#12173=CARTESIAN_POINT('',(-28.6,9.1,4.));
#12174=CARTESIAN_POINT('Origin',(-27.4,9.1,4.));
#12175=CARTESIAN_POINT('',(-28.6,9.1,1.2));
#12176=CARTESIAN_POINT('Origin',(-34.7,9.1,1.2));
#12177=CARTESIAN_POINT('',(-35.9,9.1,4.));
#12178=CARTESIAN_POINT('Origin',(-34.7,9.1,4.));
#12179=CARTESIAN_POINT('',(-35.9,9.1,1.2));
#12180=CARTESIAN_POINT('Origin',(-42.,9.1,1.2));
#12181=CARTESIAN_POINT('',(-43.2,9.1,4.));
#12182=CARTESIAN_POINT('',(-43.2,9.1,1.2));
#12183=CARTESIAN_POINT('Origin',(-42.,9.1,4.));
#12184=CARTESIAN_POINT('Origin',(-43.2,14.6,1.2));
#12185=CARTESIAN_POINT('',(-43.2,12.8,4.));
#12186=CARTESIAN_POINT('',(-43.2,12.8,1.2));
#12187=CARTESIAN_POINT('',(-43.2,14.6,4.));
#12188=CARTESIAN_POINT('Origin',(-42.,-9.1,1.2));
#12189=CARTESIAN_POINT('',(-42.,-7.9,4.));
#12190=CARTESIAN_POINT('',(-42.,-7.9,1.2));
#12191=CARTESIAN_POINT('Origin',(-42.,-9.1,4.));
#12192=CARTESIAN_POINT('Origin',(43.8,-7.9,1.2));
#12193=CARTESIAN_POINT('',(43.8,-7.9,4.));
#12194=CARTESIAN_POINT('Origin',(-31.05,-9.1,1.2));
#12195=CARTESIAN_POINT('',(-31.05,-7.9,4.));
#12196=CARTESIAN_POINT('Origin',(-31.05,-9.1,4.));
#12197=CARTESIAN_POINT('',(-31.05,-7.9,1.2));
#12198=CARTESIAN_POINT('Origin',(-23.75,-9.1,1.2));
#12199=CARTESIAN_POINT('',(-23.75,-7.9,4.));
#12200=CARTESIAN_POINT('Origin',(-23.75,-9.1,4.));
#12201=CARTESIAN_POINT('',(-23.75,-7.9,1.2));
#12202=CARTESIAN_POINT('Origin',(-12.8,-9.1,1.2));
#12203=CARTESIAN_POINT('',(-12.8,-7.9,4.));
#12204=CARTESIAN_POINT('Origin',(-12.8,-9.1,4.));
#12205=CARTESIAN_POINT('',(-12.8,-7.9,1.2));
#12206=CARTESIAN_POINT('Origin',(16.4,-9.1,1.2));
#12207=CARTESIAN_POINT('',(16.4,-7.9,4.));
#12208=CARTESIAN_POINT('Origin',(16.4,-9.1,4.));
#12209=CARTESIAN_POINT('',(16.4,-7.9,1.2));
#12210=CARTESIAN_POINT('Origin',(27.35,-9.1,1.2));
#12211=CARTESIAN_POINT('',(27.35,-7.9,4.));
#12212=CARTESIAN_POINT('Origin',(27.35,-9.1,4.));
#12213=CARTESIAN_POINT('',(27.35,-7.9,1.2));
#12214=CARTESIAN_POINT('Origin',(34.65,-9.1,1.2));
#12215=CARTESIAN_POINT('Origin',(34.65,-9.1,4.));
#12216=CARTESIAN_POINT('Origin',(-42.,-1.8,1.2));
#12217=CARTESIAN_POINT('',(-42.,-0.6,4.));
#12218=CARTESIAN_POINT('',(-42.,-0.6,1.2));
#12219=CARTESIAN_POINT('',(-43.2,-1.8,4.));
#12220=CARTESIAN_POINT('Origin',(-42.,-1.8,4.));
#12221=CARTESIAN_POINT('',(-43.2,-1.8,1.2));
#12222=CARTESIAN_POINT('Origin',(-43.8,-0.6,1.2));
#12223=CARTESIAN_POINT('',(43.8,-0.6,4.));
#12224=CARTESIAN_POINT('Origin',(-29.225,-1.8,1.2));
#12225=CARTESIAN_POINT('',(-29.225,-0.6,4.));
#12226=CARTESIAN_POINT('Origin',(-29.225,-1.8,4.));
#12227=CARTESIAN_POINT('',(-29.225,-0.6,1.2));
#12228=CARTESIAN_POINT('Origin',(-21.925,-1.8,1.2));
#12229=CARTESIAN_POINT('',(-21.925,-0.6,4.));
#12230=CARTESIAN_POINT('Origin',(-21.925,-1.8,4.));
#12231=CARTESIAN_POINT('',(-21.925,-0.6,1.2));
#12232=CARTESIAN_POINT('Origin',(-14.625,-1.8,1.2));
#12233=CARTESIAN_POINT('',(-14.625,-0.6,4.));
#12234=CARTESIAN_POINT('Origin',(-14.625,-1.8,4.));
#12235=CARTESIAN_POINT('',(-14.625,-0.6,1.2));
#12236=CARTESIAN_POINT('Origin',(-7.325,-1.8,1.2));
#12237=CARTESIAN_POINT('',(-7.325,-0.6,4.));
#12238=CARTESIAN_POINT('Origin',(-7.325,-1.8,4.));
#12239=CARTESIAN_POINT('',(-7.325,-0.6,1.2));
#12240=CARTESIAN_POINT('Origin',(-0.0249999999999995,-1.8,1.2));
#12241=CARTESIAN_POINT('',(-0.0250000000000039,-0.6,4.));
#12242=CARTESIAN_POINT('Origin',(-0.0249999999999995,-1.8,4.));
#12243=CARTESIAN_POINT('',(-0.0249999999999995,-0.6,1.2));
#12244=CARTESIAN_POINT('Origin',(7.275,-1.8,1.2));
#12245=CARTESIAN_POINT('',(7.275,-0.6,4.));
#12246=CARTESIAN_POINT('Origin',(7.275,-1.8,4.));
#12247=CARTESIAN_POINT('',(7.275,-0.6,1.2));
#12248=CARTESIAN_POINT('Origin',(14.575,-1.8,1.2));
#12249=CARTESIAN_POINT('',(14.575,-0.6,4.));
#12250=CARTESIAN_POINT('Origin',(14.575,-1.8,4.));
#12251=CARTESIAN_POINT('',(14.575,-0.6,1.2));
#12252=CARTESIAN_POINT('Origin',(21.875,-1.8,1.2));
#12253=CARTESIAN_POINT('',(21.875,-0.6,4.));
#12254=CARTESIAN_POINT('Origin',(21.875,-1.8,4.));
#12255=CARTESIAN_POINT('',(21.875,-0.6,1.2));
#12256=CARTESIAN_POINT('Origin',(29.175,-1.8,1.2));
#12257=CARTESIAN_POINT('',(29.175,-0.6,4.));
#12258=CARTESIAN_POINT('Origin',(29.175,-1.8,4.));
#12259=CARTESIAN_POINT('',(29.175,-0.6,1.2));
#12260=CARTESIAN_POINT('Origin',(36.475,-1.8,1.2));
#12261=CARTESIAN_POINT('Origin',(36.475,-1.8,4.));
#12262=CARTESIAN_POINT('Origin',(-42.,5.5,1.2));
#12263=CARTESIAN_POINT('',(-42.,6.7,4.));
#12264=CARTESIAN_POINT('Origin',(-42.,5.5,4.));
#12265=CARTESIAN_POINT('',(-42.,6.7,1.2));
#12266=CARTESIAN_POINT('Origin',(-32.875,5.5,1.2));
#12267=CARTESIAN_POINT('',(-32.875,6.7,4.));
#12268=CARTESIAN_POINT('Origin',(-32.875,5.5,4.));
#12269=CARTESIAN_POINT('',(-32.875,6.7,1.2));
#12270=CARTESIAN_POINT('Origin',(-25.575,5.5,1.2));
#12271=CARTESIAN_POINT('',(-25.575,6.7,4.));
#12272=CARTESIAN_POINT('Origin',(-25.575,5.5,4.));
#12273=CARTESIAN_POINT('',(-25.575,6.7,1.2));
#12274=CARTESIAN_POINT('Origin',(-18.275,5.5,1.2));
#12275=CARTESIAN_POINT('',(-18.275,6.7,4.));
#12276=CARTESIAN_POINT('Origin',(-18.275,5.5,4.));
#12277=CARTESIAN_POINT('',(-18.275,6.7,1.2));
#12278=CARTESIAN_POINT('Origin',(-10.975,5.5,1.2));
#12279=CARTESIAN_POINT('',(-10.975,6.7,4.));
#12280=CARTESIAN_POINT('Origin',(-10.975,5.5,4.));
#12281=CARTESIAN_POINT('',(-10.975,6.7,1.2));
#12282=CARTESIAN_POINT('Origin',(-3.675,5.5,1.2));
#12283=CARTESIAN_POINT('',(-3.675,6.7,4.));
#12284=CARTESIAN_POINT('Origin',(-3.675,5.5,4.));
#12285=CARTESIAN_POINT('',(-3.675,6.7,1.2));
#12286=CARTESIAN_POINT('Origin',(3.625,5.5,1.2));
#12287=CARTESIAN_POINT('',(3.625,6.7,4.));
#12288=CARTESIAN_POINT('Origin',(3.625,5.5,4.));
#12289=CARTESIAN_POINT('',(3.625,6.7,1.2));
#12290=CARTESIAN_POINT('Origin',(10.925,5.5,1.2));
#12291=CARTESIAN_POINT('',(10.925,6.7,4.));
#12292=CARTESIAN_POINT('Origin',(10.925,5.5,4.));
#12293=CARTESIAN_POINT('',(10.925,6.7,1.2));
#12294=CARTESIAN_POINT('Origin',(18.225,5.5,1.2));
#12295=CARTESIAN_POINT('',(18.225,6.7,4.));
#12296=CARTESIAN_POINT('Origin',(18.225,5.5,4.));
#12297=CARTESIAN_POINT('',(18.225,6.7,1.2));
#12298=CARTESIAN_POINT('Origin',(25.525,5.5,1.2));
#12299=CARTESIAN_POINT('',(25.525,6.7,4.));
#12300=CARTESIAN_POINT('Origin',(25.525,5.5,4.));
#12301=CARTESIAN_POINT('',(25.525,6.7,1.2));
#12302=CARTESIAN_POINT('Origin',(32.825,5.5,1.2));
#12303=CARTESIAN_POINT('',(32.825,6.7,4.));
#12304=CARTESIAN_POINT('Origin',(32.825,5.5,4.));
#12305=CARTESIAN_POINT('',(32.825,6.7,1.2));
#12306=CARTESIAN_POINT('Origin',(-20.1,12.8,1.2));
#12307=CARTESIAN_POINT('',(-21.3,12.8,4.));
#12308=CARTESIAN_POINT('Origin',(-20.1,12.8,4.));
#12309=CARTESIAN_POINT('',(-21.3,12.8,1.2));
#12310=CARTESIAN_POINT('Origin',(-12.8,12.8,1.2));
#12311=CARTESIAN_POINT('',(-14.,12.8,4.));
#12312=CARTESIAN_POINT('Origin',(-12.8,12.8,4.));
#12313=CARTESIAN_POINT('',(-14.,12.8,1.2));
#12314=CARTESIAN_POINT('Origin',(-5.5,12.8,1.2));
#12315=CARTESIAN_POINT('',(-6.7,12.8,4.));
#12316=CARTESIAN_POINT('Origin',(-5.5,12.8,4.));
#12317=CARTESIAN_POINT('',(-6.7,12.8,1.2));
#12318=CARTESIAN_POINT('Origin',(1.8,12.8,1.2));
#12319=CARTESIAN_POINT('',(0.6,12.8,4.));
#12320=CARTESIAN_POINT('Origin',(1.8,12.8,4.));
#12321=CARTESIAN_POINT('',(0.6,12.8,1.2));
#12322=CARTESIAN_POINT('Origin',(9.09999999999999,12.8,1.2));
#12323=CARTESIAN_POINT('',(7.9,12.8,4.));
#12324=CARTESIAN_POINT('Origin',(9.09999999999999,12.8,4.));
#12325=CARTESIAN_POINT('',(7.9,12.8,1.2));
#12326=CARTESIAN_POINT('Origin',(16.4,12.8,1.2));
#12327=CARTESIAN_POINT('',(15.2,12.8,4.));
#12328=CARTESIAN_POINT('Origin',(16.4,12.8,4.));
#12329=CARTESIAN_POINT('',(15.2,12.8,1.2));
#12330=CARTESIAN_POINT('Origin',(23.7,12.8,1.2));
#12331=CARTESIAN_POINT('',(22.5,12.8,4.));
#12332=CARTESIAN_POINT('Origin',(23.7,12.8,4.));
#12333=CARTESIAN_POINT('',(22.5,12.8,1.2));
#12334=CARTESIAN_POINT('Origin',(31.,12.8,1.2));
#12335=CARTESIAN_POINT('',(29.8,12.8,4.));
#12336=CARTESIAN_POINT('Origin',(31.,12.8,4.));
#12337=CARTESIAN_POINT('',(29.8,12.8,1.2));
#12338=CARTESIAN_POINT('Origin',(38.3,12.8,1.2));
#12339=CARTESIAN_POINT('',(38.3,14.,4.));
#12340=CARTESIAN_POINT('',(38.3,14.,1.2));
#12341=CARTESIAN_POINT('',(37.1,12.8,4.));
#12342=CARTESIAN_POINT('Origin',(38.3,12.8,4.));
#12343=CARTESIAN_POINT('',(37.1,12.8,1.2));
#12344=CARTESIAN_POINT('Origin',(43.8,14.,1.2));
#12345=CARTESIAN_POINT('',(43.8,14.,4.));
#12346=CARTESIAN_POINT('Origin',(-27.4,12.8,1.2));
#12347=CARTESIAN_POINT('',(-28.6,12.8,4.));
#12348=CARTESIAN_POINT('Origin',(-27.4,12.8,4.));
#12349=CARTESIAN_POINT('',(-28.6,12.8,1.2));
#12350=CARTESIAN_POINT('Origin',(-34.7,12.8,1.2));
#12351=CARTESIAN_POINT('',(-35.9,12.8,4.));
#12352=CARTESIAN_POINT('Origin',(-34.7,12.8,4.));
#12353=CARTESIAN_POINT('',(-35.9,12.8,1.2));
#12354=CARTESIAN_POINT('Origin',(-42.,12.8,1.2));
#12355=CARTESIAN_POINT('Origin',(-42.,12.8,4.));
#12356=CARTESIAN_POINT('Origin',(-44.4,-27.1,1.2));
#12357=CARTESIAN_POINT('',(-33.4,-27.1,4.));
#12358=CARTESIAN_POINT('',(-22.2,-27.1,4.));
#12359=CARTESIAN_POINT('',(-33.4,-27.1,1.2));
#12360=CARTESIAN_POINT('Origin',(-29.2,10.95,4.));
#12361=CARTESIAN_POINT('',(44.4,-13.55,4.));
#12362=CARTESIAN_POINT('',(22.2,27.1,4.));
#12363=CARTESIAN_POINT('',(-44.4,-16.1,4.));
#12364=CARTESIAN_POINT('',(-44.4,13.55,4.));
#12365=CARTESIAN_POINT('Origin',(-33.4,-16.1,4.));
#12366=CARTESIAN_POINT('',(-43.8,-14.,4.));
#12367=CARTESIAN_POINT('',(-43.8,-14.,4.));
#12368=CARTESIAN_POINT('',(43.8,-7.9,4.));
#12369=CARTESIAN_POINT('',(-43.8,-14.,4.));
#12370=CARTESIAN_POINT('',(43.8,-7.9,4.));
#12371=CARTESIAN_POINT('',(-43.8,-14.,4.));
#12372=CARTESIAN_POINT('',(43.8,-7.9,4.));
#12373=CARTESIAN_POINT('',(-43.8,-14.,4.));
#12374=CARTESIAN_POINT('',(43.8,-7.9,4.));
#12375=CARTESIAN_POINT('',(-43.8,-14.,4.));
#12376=CARTESIAN_POINT('',(43.8,-7.9,4.));
#12377=CARTESIAN_POINT('',(43.2,-14.6,4.));
#12378=CARTESIAN_POINT('',(-43.2,0.,4.));
#12379=CARTESIAN_POINT('',(43.8,-0.6,4.));
#12380=CARTESIAN_POINT('',(43.8,-6.7,4.));
#12381=CARTESIAN_POINT('',(43.8,-0.6,4.));
#12382=CARTESIAN_POINT('',(43.8,-6.7,4.));
#12383=CARTESIAN_POINT('',(43.8,-0.6,4.));
#12384=CARTESIAN_POINT('',(43.8,-6.7,4.));
#12385=CARTESIAN_POINT('',(43.8,-0.6,4.));
#12386=CARTESIAN_POINT('',(43.8,-6.7,4.));
#12387=CARTESIAN_POINT('',(43.8,-0.6,4.));
#12388=CARTESIAN_POINT('',(43.8,-6.7,4.));
#12389=CARTESIAN_POINT('',(43.8,-0.6,4.));
#12390=CARTESIAN_POINT('',(43.8,-6.7,4.));
#12391=CARTESIAN_POINT('',(43.8,-0.6,4.));
#12392=CARTESIAN_POINT('',(43.8,-6.7,4.));
#12393=CARTESIAN_POINT('',(43.8,-0.6,4.));
#12394=CARTESIAN_POINT('',(43.8,-6.7,4.));
#12395=CARTESIAN_POINT('',(43.8,-0.6,4.));
#12396=CARTESIAN_POINT('',(43.8,-6.7,4.));
#12397=CARTESIAN_POINT('',(43.2,-14.6,4.));
#12398=CARTESIAN_POINT('',(43.8,6.7,4.));
#12399=CARTESIAN_POINT('',(43.8,0.6,4.));
#12400=CARTESIAN_POINT('',(43.8,6.7,4.));
#12401=CARTESIAN_POINT('',(43.8,0.6,4.));
#12402=CARTESIAN_POINT('',(43.8,6.7,4.));
#12403=CARTESIAN_POINT('',(43.8,0.6,4.));
#12404=CARTESIAN_POINT('',(43.8,6.7,4.));
#12405=CARTESIAN_POINT('',(43.8,0.6,4.));
#12406=CARTESIAN_POINT('',(43.8,6.7,4.));
#12407=CARTESIAN_POINT('',(43.8,0.6,4.));
#12408=CARTESIAN_POINT('',(43.8,6.7,4.));
#12409=CARTESIAN_POINT('',(43.8,0.6,4.));
#12410=CARTESIAN_POINT('',(43.8,6.7,4.));
#12411=CARTESIAN_POINT('',(43.8,0.6,4.));
#12412=CARTESIAN_POINT('',(43.8,6.7,4.));
#12413=CARTESIAN_POINT('',(43.8,0.6,4.));
#12414=CARTESIAN_POINT('',(43.8,6.7,4.));
#12415=CARTESIAN_POINT('',(43.8,0.6,4.));
#12416=CARTESIAN_POINT('',(43.8,6.7,4.));
#12417=CARTESIAN_POINT('',(43.8,6.7,4.));
#12418=CARTESIAN_POINT('',(43.8,0.6,4.));
#12419=CARTESIAN_POINT('',(-29.8,14.6,4.));
#12420=CARTESIAN_POINT('',(-35.9,14.6,4.));
#12421=CARTESIAN_POINT('',(-7.9,14.6,4.));
#12422=CARTESIAN_POINT('',(-14.,14.6,4.));
#12423=CARTESIAN_POINT('',(-0.6,14.6,4.));
#12424=CARTESIAN_POINT('',(-6.7,14.6,4.));
#12425=CARTESIAN_POINT('',(21.3,14.6,4.));
#12426=CARTESIAN_POINT('',(15.2,14.6,4.));
#12427=CARTESIAN_POINT('',(28.6,14.6,4.));
#12428=CARTESIAN_POINT('',(22.5,14.6,4.));
#12429=CARTESIAN_POINT('',(37.1,14.6,4.));
#12430=CARTESIAN_POINT('',(-37.1,14.6,4.));
#12431=CARTESIAN_POINT('',(35.9,14.6,4.));
#12432=CARTESIAN_POINT('',(29.8,14.6,4.));
#12433=CARTESIAN_POINT('',(14.,14.6,4.));
#12434=CARTESIAN_POINT('',(7.9,14.6,4.));
#12435=CARTESIAN_POINT('',(6.69999999999999,14.6,4.));
#12436=CARTESIAN_POINT('',(0.6,14.6,4.));
#12437=CARTESIAN_POINT('',(-15.2,14.6,4.));
#12438=CARTESIAN_POINT('',(-21.3,14.6,4.));
#12439=CARTESIAN_POINT('',(-22.5,14.6,4.));
#12440=CARTESIAN_POINT('',(-28.6,14.6,4.));
#12441=CARTESIAN_POINT('Origin',(44.4,27.1,1.2));
#12442=CARTESIAN_POINT('Origin',(-33.4,-16.1,1.2));
#12443=CARTESIAN_POINT('',(-44.4,-16.1,1.2));
#12444=CARTESIAN_POINT('Origin',(-43.8,-14.,1.2));
#12445=CARTESIAN_POINT('Origin',(43.8,-7.9,1.2));
#12446=CARTESIAN_POINT('Origin',(-43.8,-14.,1.2));
#12447=CARTESIAN_POINT('Origin',(-43.8,-14.,1.2));
#12448=CARTESIAN_POINT('Origin',(43.8,-7.9,1.2));
#12449=CARTESIAN_POINT('Origin',(-43.8,-14.,1.2));
#12450=CARTESIAN_POINT('Origin',(43.8,-7.9,1.2));
#12451=CARTESIAN_POINT('Origin',(-43.8,-14.,1.2));
#12452=CARTESIAN_POINT('Origin',(43.8,-7.9,1.2));
#12453=CARTESIAN_POINT('Origin',(-43.8,-14.,1.2));
#12454=CARTESIAN_POINT('Origin',(43.8,-7.9,1.2));
#12455=CARTESIAN_POINT('Origin',(43.8,-6.7,1.2));
#12456=CARTESIAN_POINT('Origin',(-43.8,-0.6,1.2));
#12457=CARTESIAN_POINT('Origin',(43.8,-6.7,1.2));
#12458=CARTESIAN_POINT('Origin',(-43.8,-0.6,1.2));
#12459=CARTESIAN_POINT('Origin',(43.8,-6.7,1.2));
#12460=CARTESIAN_POINT('Origin',(-43.8,-0.6,1.2));
#12461=CARTESIAN_POINT('Origin',(43.8,-6.7,1.2));
#12462=CARTESIAN_POINT('Origin',(-43.8,-0.6,1.2));
#12463=CARTESIAN_POINT('Origin',(43.8,-6.7,1.2));
#12464=CARTESIAN_POINT('Origin',(-43.8,-0.6,1.2));
#12465=CARTESIAN_POINT('Origin',(43.8,-6.7,1.2));
#12466=CARTESIAN_POINT('Origin',(-43.8,-0.6,1.2));
#12467=CARTESIAN_POINT('Origin',(43.8,-6.7,1.2));
#12468=CARTESIAN_POINT('Origin',(-43.8,-0.6,1.2));
#12469=CARTESIAN_POINT('Origin',(43.8,-6.7,1.2));
#12470=CARTESIAN_POINT('Origin',(-43.8,-0.6,1.2));
#12471=CARTESIAN_POINT('Origin',(43.8,-6.7,1.2));
#12472=CARTESIAN_POINT('Origin',(-43.8,-0.6,1.2));
#12473=CARTESIAN_POINT('Origin',(-43.8,0.6,1.2));
#12474=CARTESIAN_POINT('Origin',(-43.8,6.7,1.2));
#12475=CARTESIAN_POINT('Origin',(-43.8,0.6,1.2));
#12476=CARTESIAN_POINT('Origin',(-43.8,0.6,1.2));
#12477=CARTESIAN_POINT('Origin',(-43.8,6.7,1.2));
#12478=CARTESIAN_POINT('Origin',(-43.8,0.6,1.2));
#12479=CARTESIAN_POINT('Origin',(-43.8,6.7,1.2));
#12480=CARTESIAN_POINT('Origin',(-43.8,0.6,1.2));
#12481=CARTESIAN_POINT('Origin',(-43.8,6.7,1.2));
#12482=CARTESIAN_POINT('Origin',(-43.8,0.6,1.2));
#12483=CARTESIAN_POINT('Origin',(-43.8,6.7,1.2));
#12484=CARTESIAN_POINT('Origin',(-43.8,0.6,1.2));
#12485=CARTESIAN_POINT('Origin',(-43.8,6.7,1.2));
#12486=CARTESIAN_POINT('Origin',(-43.8,0.6,1.2));
#12487=CARTESIAN_POINT('Origin',(-43.8,6.7,1.2));
#12488=CARTESIAN_POINT('Origin',(-43.8,0.6,1.2));
#12489=CARTESIAN_POINT('Origin',(-43.8,6.7,1.2));
#12490=CARTESIAN_POINT('Origin',(-43.8,6.7,1.2));
#12491=CARTESIAN_POINT('Origin',(-43.8,0.6,1.2));
#12492=CARTESIAN_POINT('Origin',(-43.8,6.7,1.2));
#12493=CARTESIAN_POINT('Origin',(-43.2,0.,1.2));
#12494=CARTESIAN_POINT('Origin',(43.2,-14.6,1.2));
#12495=CARTESIAN_POINT('Origin',(-44.4,0.,1.2));
#12496=CARTESIAN_POINT('Origin',(43.2,-14.6,1.2));
#12497=CARTESIAN_POINT('Origin',(44.4,-14.6,1.2));
#12498=CARTESIAN_POINT('Origin',(-43.8,6.7,1.2));
#12499=CARTESIAN_POINT('Origin',(-37.1,14.6,1.2));
#12500=CARTESIAN_POINT('Origin',(-35.9,14.6,1.2));
#12501=CARTESIAN_POINT('Origin',(-22.5,14.6,1.2));
#12502=CARTESIAN_POINT('Origin',(-21.3,14.6,1.2));
#12503=CARTESIAN_POINT('Origin',(-7.9,14.6,1.2));
#12504=CARTESIAN_POINT('Origin',(-6.7,14.6,1.2));
#12505=CARTESIAN_POINT('Origin',(6.69999999999999,14.6,1.2));
#12506=CARTESIAN_POINT('Origin',(7.9,14.6,1.2));
#12507=CARTESIAN_POINT('Origin',(21.3,14.6,1.2));
#12508=CARTESIAN_POINT('Origin',(22.5,14.6,1.2));
#12509=CARTESIAN_POINT('Origin',(35.9,14.6,1.2));
#12510=CARTESIAN_POINT('Origin',(37.1,14.6,1.2));
#12511=CARTESIAN_POINT('Origin',(28.6,14.6,1.2));
#12512=CARTESIAN_POINT('Origin',(29.8,14.6,1.2));
#12513=CARTESIAN_POINT('Origin',(14.,14.6,1.2));
#12514=CARTESIAN_POINT('Origin',(15.2,14.6,1.2));
#12515=CARTESIAN_POINT('Origin',(-0.6,14.6,1.2));
#12516=CARTESIAN_POINT('Origin',(0.6,14.6,1.2));
#12517=CARTESIAN_POINT('Origin',(-15.2,14.6,1.2));
#12518=CARTESIAN_POINT('Origin',(-14.,14.6,1.2));
#12519=CARTESIAN_POINT('Origin',(-29.8,14.6,1.2));
#12520=CARTESIAN_POINT('Origin',(-28.6,14.6,1.2));
#12521=UNCERTAINTY_MEASURE_WITH_UNIT(LENGTH_MEASURE(0.01),#12525,
'DISTANCE_ACCURACY_VALUE',
'Maximum model space distance between geometric entities at asserted c
onnectivities');
#12522=UNCERTAINTY_MEASURE_WITH_UNIT(LENGTH_MEASURE(0.01),#12525,
'DISTANCE_ACCURACY_VALUE',
'Maximum model space distance between geometric entities at asserted c
onnectivities');
#12523=(
GEOMETRIC_REPRESENTATION_CONTEXT(3)
GLOBAL_UNCERTAINTY_ASSIGNED_CONTEXT((#12521))
GLOBAL_UNIT_ASSIGNED_CONTEXT((#12525,#12527,#12528))
REPRESENTATION_CONTEXT('','3D')
);
#12524=(
GEOMETRIC_REPRESENTATION_CONTEXT(3)
GLOBAL_UNCERTAINTY_ASSIGNED_CONTEXT((#12522))
GLOBAL_UNIT_ASSIGNED_CONTEXT((#12525,#12527,#12528))
REPRESENTATION_CONTEXT('','3D')
);
#12525=(
LENGTH_UNIT()
NAMED_UNIT(*)
SI_UNIT(.MILLI.,.METRE.)
);
#12526=(
LENGTH_UNIT()
NAMED_UNIT(*)
SI_UNIT($,.METRE.)
);
#12527=(
NAMED_UNIT(*)
PLANE_ANGLE_UNIT()
SI_UNIT($,.RADIAN.)
);
#12528=(
NAMED_UNIT(*)
SI_UNIT($,.STERADIAN.)
SOLID_ANGLE_UNIT()
);
#12529=SHAPE_DEFINITION_REPRESENTATION(#12530,#12531);
#12530=PRODUCT_DEFINITION_SHAPE('',$,#12533);
#12531=SHAPE_REPRESENTATION('',(#7427),#12523);
#12532=PRODUCT_DEFINITION_CONTEXT('part definition',#12537,'design');
#12533=PRODUCT_DEFINITION('v4.1-plate','v4.1-plate',#12534,#12532);
#12534=PRODUCT_DEFINITION_FORMATION('',$,#12539);
#12535=PRODUCT_RELATED_PRODUCT_CATEGORY('v4.1-plate','v4.1-plate',(#12539));
#12536=APPLICATION_PROTOCOL_DEFINITION('international standard',
'automotive_design',2009,#12537);
#12537=APPLICATION_CONTEXT(
'Core Data for Automotive Mechanical Design Process');
#12538=PRODUCT_CONTEXT('part definition',#12537,'mechanical');
#12539=PRODUCT('v4.1-plate','v4.1-plate',$,(#12538));
#12540=PRESENTATION_STYLE_ASSIGNMENT((#12542));
#12541=PRESENTATION_STYLE_ASSIGNMENT((#12543));
#12542=SURFACE_STYLE_USAGE(.BOTH.,#12544);
#12543=SURFACE_STYLE_USAGE(.BOTH.,#12545);
#12544=SURFACE_SIDE_STYLE('',(#12546));
#12545=SURFACE_SIDE_STYLE('',(#12547));
#12546=SURFACE_STYLE_FILL_AREA(#12548);
#12547=SURFACE_STYLE_FILL_AREA(#12549);
#12548=FILL_AREA_STYLE('Steel - Satin',(#12550));
#12549=FILL_AREA_STYLE('Opaque(15,102,15)',(#12551));
#12550=FILL_AREA_STYLE_COLOUR('Steel - Satin',#12552);
#12551=FILL_AREA_STYLE_COLOUR('Opaque(15,102,15)',#12553);
#12552=COLOUR_RGB('Steel - Satin',0.627450980392157,0.627450980392157,0.627450980392157);
#12553=COLOUR_RGB('Opaque(15,102,15)',0.309803921568627,0.749019607843137,
0.309803921568627);
ENDSEC;
END-ISO-10303-21;
