solid ASCII
  facet normal 8.715574e-02 9.961947e-01 0.000000e+00
    outer loop
      vertex   -3.220000e+01 -1.610000e+01 -6.000000e+00
      vertex   -3.220000e+01 -1.610000e+01 -1.080000e+01
      vertex   -3.240838e+01 -1.608177e+01 -6.000000e+00
    endloop
  endfacet
  facet normal 8.715574e-02 9.961947e-01 0.000000e+00
    outer loop
      vertex   -3.240838e+01 -1.608177e+01 -6.000000e+00
      vertex   -3.220000e+01 -1.610000e+01 -1.080000e+01
      vertex   -3.240838e+01 -1.608177e+01 -1.080000e+01
    endloop
  endfacet
  facet normal 2.588190e-01 9.659258e-01 0.000000e+00
    outer loop
      vertex   -3.240838e+01 -1.608177e+01 -6.000000e+00
      vertex   -3.240838e+01 -1.608177e+01 -1.080000e+01
      vertex   -3.261042e+01 -1.602763e+01 -6.000000e+00
    endloop
  endfacet
  facet normal 2.588190e-01 9.659258e-01 0.000000e+00
    outer loop
      vertex   -3.261042e+01 -1.602763e+01 -6.000000e+00
      vertex   -3.240838e+01 -1.608177e+01 -1.080000e+01
      vertex   -3.261042e+01 -1.602763e+01 -1.080000e+01
    endloop
  endfacet
  facet normal 4.226183e-01 9.063078e-01 0.000000e+00
    outer loop
      vertex   -3.261042e+01 -1.602763e+01 -6.000000e+00
      vertex   -3.261042e+01 -1.602763e+01 -1.080000e+01
      vertex   -3.280000e+01 -1.593923e+01 -6.000000e+00
    endloop
  endfacet
  facet normal 4.226183e-01 9.063078e-01 0.000000e+00
    outer loop
      vertex   -3.280000e+01 -1.593923e+01 -6.000000e+00
      vertex   -3.261042e+01 -1.602763e+01 -1.080000e+01
      vertex   -3.280000e+01 -1.593923e+01 -1.080000e+01
    endloop
  endfacet
  facet normal 5.735764e-01 8.191520e-01 0.000000e+00
    outer loop
      vertex   -3.280000e+01 -1.593923e+01 -6.000000e+00
      vertex   -3.280000e+01 -1.593923e+01 -1.080000e+01
      vertex   -3.297135e+01 -1.581925e+01 -6.000000e+00
    endloop
  endfacet
  facet normal 5.735764e-01 8.191520e-01 0.000000e+00
    outer loop
      vertex   -3.297135e+01 -1.581925e+01 -6.000000e+00
      vertex   -3.280000e+01 -1.593923e+01 -1.080000e+01
      vertex   -3.297135e+01 -1.581925e+01 -1.080000e+01
    endloop
  endfacet
  facet normal 7.071068e-01 7.071068e-01 0.000000e+00
    outer loop
      vertex   -3.297135e+01 -1.581925e+01 -6.000000e+00
      vertex   -3.297135e+01 -1.581925e+01 -1.080000e+01
      vertex   -3.311925e+01 -1.567135e+01 -6.000000e+00
    endloop
  endfacet
  facet normal 7.071068e-01 7.071068e-01 0.000000e+00
    outer loop
      vertex   -3.311925e+01 -1.567135e+01 -6.000000e+00
      vertex   -3.297135e+01 -1.581925e+01 -1.080000e+01
      vertex   -3.311925e+01 -1.567135e+01 -1.080000e+01
    endloop
  endfacet
  facet normal 8.191520e-01 5.735764e-01 0.000000e+00
    outer loop
      vertex   -3.311925e+01 -1.567135e+01 -6.000000e+00
      vertex   -3.311925e+01 -1.567135e+01 -1.080000e+01
      vertex   -3.323923e+01 -1.550000e+01 -6.000000e+00
    endloop
  endfacet
  facet normal 8.191520e-01 5.735764e-01 0.000000e+00
    outer loop
      vertex   -3.323923e+01 -1.550000e+01 -6.000000e+00
      vertex   -3.311925e+01 -1.567135e+01 -1.080000e+01
      vertex   -3.323923e+01 -1.550000e+01 -1.080000e+01
    endloop
  endfacet
  facet normal 9.063078e-01 4.226183e-01 0.000000e+00
    outer loop
      vertex   -3.323923e+01 -1.550000e+01 -6.000000e+00
      vertex   -3.323923e+01 -1.550000e+01 -1.080000e+01
      vertex   -3.332763e+01 -1.531042e+01 -6.000000e+00
    endloop
  endfacet
  facet normal 9.063078e-01 4.226183e-01 0.000000e+00
    outer loop
      vertex   -3.332763e+01 -1.531042e+01 -6.000000e+00
      vertex   -3.323923e+01 -1.550000e+01 -1.080000e+01
      vertex   -3.332763e+01 -1.531042e+01 -1.080000e+01
    endloop
  endfacet
  facet normal 9.659258e-01 2.588190e-01 0.000000e+00
    outer loop
      vertex   -3.332763e+01 -1.531042e+01 -6.000000e+00
      vertex   -3.332763e+01 -1.531042e+01 -1.080000e+01
      vertex   -3.338177e+01 -1.510838e+01 -6.000000e+00
    endloop
  endfacet
  facet normal 9.659258e-01 2.588190e-01 0.000000e+00
    outer loop
      vertex   -3.338177e+01 -1.510838e+01 -6.000000e+00
      vertex   -3.332763e+01 -1.531042e+01 -1.080000e+01
      vertex   -3.338177e+01 -1.510838e+01 -1.080000e+01
    endloop
  endfacet
  facet normal 9.961947e-01 8.715574e-02 0.000000e+00
    outer loop
      vertex   -3.338177e+01 -1.510838e+01 -6.000000e+00
      vertex   -3.338177e+01 -1.510838e+01 -1.080000e+01
      vertex   -3.340000e+01 -1.490000e+01 -6.000000e+00
    endloop
  endfacet
  facet normal 9.961947e-01 8.715574e-02 0.000000e+00
    outer loop
      vertex   -3.340000e+01 -1.490000e+01 -6.000000e+00
      vertex   -3.338177e+01 -1.510838e+01 -1.080000e+01
      vertex   -3.340000e+01 -1.490000e+01 -1.080000e+01
    endloop
  endfacet
  facet normal -0.000000e+00 1.000000e+00 0.000000e+00
    outer loop
      vertex   -3.220000e+01 -1.610000e+01 -6.000000e+00
      vertex   2.203750e+01 -1.610000e+01 -6.000000e+00
      vertex   -3.220000e+01 -1.610000e+01 -1.080000e+01
    endloop
  endfacet
  facet normal 0.000000e+00 1.000000e+00 0.000000e+00
    outer loop
      vertex   -3.220000e+01 -1.610000e+01 -1.080000e+01
      vertex   2.203750e+01 -1.610000e+01 -6.000000e+00
      vertex   2.203750e+01 -1.610000e+01 -1.080000e+01
    endloop
  endfacet
  facet normal -3.807019e-02 9.992751e-01 0.000000e+00
    outer loop
      vertex   -3.474694e+01 2.701722e+01 -1.080000e+01
      vertex   -3.474694e+01 2.701722e+01 -6.000000e+00
      vertex   -3.454410e+01 2.702495e+01 -1.080000e+01
    endloop
  endfacet
  facet normal -3.807019e-02 9.992751e-01 0.000000e+00
    outer loop
      vertex   -3.454410e+01 2.702495e+01 -1.080000e+01
      vertex   -3.474694e+01 2.701722e+01 -6.000000e+00
      vertex   -3.454410e+01 2.702495e+01 -6.000000e+00
    endloop
  endfacet
  facet normal 1.308992e-01 9.913957e-01 -0.000000e+00
    outer loop
      vertex   -3.454410e+01 2.702495e+01 -1.080000e+01
      vertex   -3.454410e+01 2.702495e+01 -6.000000e+00
      vertex   -3.434287e+01 2.699838e+01 -1.080000e+01
    endloop
  endfacet
  facet normal 1.308992e-01 9.913957e-01 -0.000000e+00
    outer loop
      vertex   -3.434287e+01 2.699838e+01 -1.080000e+01
      vertex   -3.454410e+01 2.702495e+01 -6.000000e+00
      vertex   -3.434287e+01 2.699838e+01 -6.000000e+00
    endloop
  endfacet
  facet normal 2.961232e-01 9.551497e-01 -0.000000e+00
    outer loop
      vertex   -3.434287e+01 2.699838e+01 -1.080000e+01
      vertex   -3.434287e+01 2.699838e+01 -6.000000e+00
      vertex   -3.414899e+01 2.693827e+01 -1.080000e+01
    endloop
  endfacet
  facet normal 2.961232e-01 9.551497e-01 -0.000000e+00
    outer loop
      vertex   -3.414899e+01 2.693827e+01 -1.080000e+01
      vertex   -3.434287e+01 2.699838e+01 -6.000000e+00
      vertex   -3.414899e+01 2.693827e+01 -6.000000e+00
    endloop
  endfacet
  facet normal 4.528744e-01 8.915743e-01 -0.000000e+00
    outer loop
      vertex   -3.414899e+01 2.693827e+01 -1.080000e+01
      vertex   -3.414899e+01 2.693827e+01 -6.000000e+00
      vertex   -3.396801e+01 2.684635e+01 -1.080000e+01
    endloop
  endfacet
  facet normal 4.528744e-01 8.915743e-01 -0.000000e+00
    outer loop
      vertex   -3.396801e+01 2.684635e+01 -1.080000e+01
      vertex   -3.414899e+01 2.693827e+01 -6.000000e+00
      vertex   -3.396801e+01 2.684635e+01 -6.000000e+00
    endloop
  endfacet
  facet normal 5.966675e-01 8.024886e-01 -0.000000e+00
    outer loop
      vertex   -3.396801e+01 2.684635e+01 -1.080000e+01
      vertex   -3.396801e+01 2.684635e+01 -6.000000e+00
      vertex   -3.380512e+01 2.672523e+01 -1.080000e+01
    endloop
  endfacet
  facet normal 5.966675e-01 8.024886e-01 -0.000000e+00
    outer loop
      vertex   -3.380512e+01 2.672523e+01 -1.080000e+01
      vertex   -3.396801e+01 2.684635e+01 -6.000000e+00
      vertex   -3.380512e+01 2.672523e+01 -6.000000e+00
    endloop
  endfacet
  facet normal 7.233884e-01 6.904414e-01 -0.000000e+00
    outer loop
      vertex   -3.380512e+01 2.672523e+01 -1.080000e+01
      vertex   -3.380512e+01 2.672523e+01 -6.000000e+00
      vertex   -3.366497e+01 2.657840e+01 -1.080000e+01
    endloop
  endfacet
  facet normal 7.233884e-01 6.904414e-01 -0.000000e+00
    outer loop
      vertex   -3.366497e+01 2.657840e+01 -1.080000e+01
      vertex   -3.380512e+01 2.672523e+01 -6.000000e+00
      vertex   -3.366497e+01 2.657840e+01 -6.000000e+00
    endloop
  endfacet
  facet normal 8.294111e-01 5.586388e-01 -0.000000e+00
    outer loop
      vertex   -3.366497e+01 2.657840e+01 -1.080000e+01
      vertex   -3.366497e+01 2.657840e+01 -6.000000e+00
      vertex   -3.355158e+01 2.641004e+01 -1.080000e+01
    endloop
  endfacet
  facet normal 8.294111e-01 5.586388e-01 -0.000000e+00
    outer loop
      vertex   -3.355158e+01 2.641004e+01 -1.080000e+01
      vertex   -3.366497e+01 2.657840e+01 -6.000000e+00
      vertex   -3.355158e+01 2.641004e+01 -6.000000e+00
    endloop
  endfacet
  facet normal 9.117021e-01 4.108520e-01 -0.000000e+00
    outer loop
      vertex   -3.355158e+01 2.641004e+01 -1.080000e+01
      vertex   -3.355158e+01 2.641004e+01 -6.000000e+00
      vertex   -3.346818e+01 2.622498e+01 -1.080000e+01
    endloop
  endfacet
  facet normal 9.117021e-01 4.108520e-01 -0.000000e+00
    outer loop
      vertex   -3.346818e+01 2.622498e+01 -1.080000e+01
      vertex   -3.355158e+01 2.641004e+01 -6.000000e+00
      vertex   -3.346818e+01 2.622498e+01 -6.000000e+00
    endloop
  endfacet
  facet normal 9.679068e-01 2.513096e-01 -0.000000e+00
    outer loop
      vertex   -3.346818e+01 2.622498e+01 -1.080000e+01
      vertex   -3.346818e+01 2.622498e+01 -6.000000e+00
      vertex   -3.341717e+01 2.602851e+01 -1.080000e+01
    endloop
  endfacet
  facet normal 9.679068e-01 2.513096e-01 -0.000000e+00
    outer loop
      vertex   -3.341717e+01 2.602851e+01 -1.080000e+01
      vertex   -3.346818e+01 2.622498e+01 -6.000000e+00
      vertex   -3.341717e+01 2.602851e+01 -6.000000e+00
    endloop
  endfacet
  facet normal 9.964170e-01 8.457651e-02 -0.000000e+00
    outer loop
      vertex   -3.341717e+01 2.602851e+01 -1.080000e+01
      vertex   -3.341717e+01 2.602851e+01 -6.000000e+00
      vertex   -3.340000e+01 2.582625e+01 -1.080000e+01
    endloop
  endfacet
  facet normal 9.964170e-01 8.457651e-02 -0.000000e+00
    outer loop
      vertex   -3.340000e+01 2.582625e+01 -1.080000e+01
      vertex   -3.341717e+01 2.602851e+01 -6.000000e+00
      vertex   -3.340000e+01 2.582625e+01 -6.000000e+00
    endloop
  endfacet
  facet normal 1.000000e+00 -1.744680e-16 0.000000e+00
    outer loop
      vertex   -3.340000e+01 -1.490000e+01 -1.080000e+01
      vertex   -3.340000e+01 2.582625e+01 -1.080000e+01
      vertex   -3.340000e+01 -1.490000e+01 -6.000000e+00
    endloop
  endfacet
  facet normal 1.000000e+00 -1.744680e-16 0.000000e+00
    outer loop
      vertex   -3.340000e+01 -1.490000e+01 -6.000000e+00
      vertex   -3.340000e+01 2.582625e+01 -1.080000e+01
      vertex   -3.340000e+01 2.582625e+01 -6.000000e+00
    endloop
  endfacet
  facet normal 0.000000e+00 0.000000e+00 1.000000e+00
    outer loop
      vertex   3.571215e+01 1.902608e+01 -6.000000e+00
      vertex   3.570000e+01 1.916500e+01 -6.000000e+00
      vertex   2.323750e+01 2.590000e+01 -6.000000e+00
    endloop
  endfacet
  facet normal 0.000000e+00 0.000000e+00 1.000000e+00
    outer loop
      vertex   2.323750e+01 2.590000e+01 -6.000000e+00
      vertex   3.570000e+01 1.916500e+01 -6.000000e+00
      vertex   3.571215e+01 1.930392e+01 -6.000000e+00
    endloop
  endfacet
  facet normal 0.000000e+00 0.000000e+00 1.000000e+00
    outer loop
      vertex   2.323750e+01 2.590000e+01 -6.000000e+00
      vertex   3.571215e+01 1.930392e+01 -6.000000e+00
      vertex   3.574825e+01 1.943862e+01 -6.000000e+00
    endloop
  endfacet
  facet normal 0.000000e+00 -0.000000e+00 1.000000e+00
    outer loop
      vertex   3.574825e+01 1.943862e+01 -6.000000e+00
      vertex   3.580718e+01 1.956500e+01 -6.000000e+00
      vertex   2.323750e+01 2.590000e+01 -6.000000e+00
    endloop
  endfacet
  facet normal 0.000000e+00 0.000000e+00 1.000000e+00
    outer loop
      vertex   2.323750e+01 2.590000e+01 -6.000000e+00
      vertex   3.580718e+01 1.956500e+01 -6.000000e+00
      vertex   3.588716e+01 1.967923e+01 -6.000000e+00
    endloop
  endfacet
  facet normal 0.000000e+00 0.000000e+00 1.000000e+00
    outer loop
      vertex   2.323750e+01 2.590000e+01 -6.000000e+00
      vertex   3.588716e+01 1.967923e+01 -6.000000e+00
      vertex   3.598577e+01 1.977784e+01 -6.000000e+00
    endloop
  endfacet
  facet normal -0.000000e+00 0.000000e+00 1.000000e+00
    outer loop
      vertex   2.323750e+01 2.590000e+01 -6.000000e+00
      vertex   3.598577e+01 1.977784e+01 -6.000000e+00
      vertex   3.340000e+01 2.710000e+01 -6.000000e+00
    endloop
  endfacet
  facet normal 0.000000e+00 0.000000e+00 1.000000e+00
    outer loop
      vertex   3.340000e+01 2.710000e+01 -6.000000e+00
      vertex   3.598577e+01 1.977784e+01 -6.000000e+00
      vertex   3.610000e+01 1.985782e+01 -6.000000e+00
    endloop
  endfacet
  facet normal 0.000000e+00 0.000000e+00 1.000000e+00
    outer loop
      vertex   3.340000e+01 2.710000e+01 -6.000000e+00
      vertex   3.610000e+01 1.985782e+01 -6.000000e+00
      vertex   3.622638e+01 1.991675e+01 -6.000000e+00
    endloop
  endfacet
  facet normal 0.000000e+00 -0.000000e+00 1.000000e+00
    outer loop
      vertex   3.636108e+01 1.995285e+01 -6.000000e+00
      vertex   3.679919e+01 2.656162e+01 -6.000000e+00
      vertex   3.622638e+01 1.991675e+01 -6.000000e+00
    endloop
  endfacet
  facet normal 0.000000e+00 -0.000000e+00 1.000000e+00
    outer loop
      vertex   3.622638e+01 1.991675e+01 -6.000000e+00
      vertex   3.679919e+01 2.656162e+01 -6.000000e+00
      vertex   3.568703e+01 2.685962e+01 -6.000000e+00
    endloop
  endfacet
  facet normal 0.000000e+00 0.000000e+00 1.000000e+00
    outer loop
      vertex   3.622638e+01 1.991675e+01 -6.000000e+00
      vertex   3.568703e+01 2.685962e+01 -6.000000e+00
      vertex   3.454981e+01 2.703974e+01 -6.000000e+00
    endloop
  endfacet
  facet normal 0.000000e+00 -0.000000e+00 1.000000e+00
    outer loop
      vertex   3.650000e+01 1.996500e+01 -6.000000e+00
      vertex   3.986564e+01 2.499919e+01 -6.000000e+00
      vertex   3.636108e+01 1.995285e+01 -6.000000e+00
    endloop
  endfacet
  facet normal 0.000000e+00 0.000000e+00 1.000000e+00
    outer loop
      vertex   3.636108e+01 1.995285e+01 -6.000000e+00
      vertex   3.986564e+01 2.499919e+01 -6.000000e+00
      vertex   3.890000e+01 2.562628e+01 -6.000000e+00
    endloop
  endfacet
  facet normal 0.000000e+00 0.000000e+00 1.000000e+00
    outer loop
      vertex   3.636108e+01 1.995285e+01 -6.000000e+00
      vertex   3.890000e+01 2.562628e+01 -6.000000e+00
      vertex   3.787410e+01 2.614900e+01 -6.000000e+00
    endloop
  endfacet
  facet normal 0.000000e+00 0.000000e+00 1.000000e+00
    outer loop
      vertex   3.986564e+01 2.499919e+01 -6.000000e+00
      vertex   3.650000e+01 1.996500e+01 -6.000000e+00
      vertex   4.076044e+01 2.427459e+01 -6.000000e+00
    endloop
  endfacet
  facet normal 0.000000e+00 0.000000e+00 1.000000e+00
    outer loop
      vertex   4.076044e+01 2.427459e+01 -6.000000e+00
      vertex   3.650000e+01 1.996500e+01 -6.000000e+00
      vertex   3.663892e+01 1.995285e+01 -6.000000e+00
    endloop
  endfacet
  facet normal 0.000000e+00 0.000000e+00 1.000000e+00
    outer loop
      vertex   4.076044e+01 2.427459e+01 -6.000000e+00
      vertex   3.663892e+01 1.995285e+01 -6.000000e+00
      vertex   4.157459e+01 2.346044e+01 -6.000000e+00
    endloop
  endfacet
  facet normal 0.000000e+00 0.000000e+00 1.000000e+00
    outer loop
      vertex   4.157459e+01 2.346044e+01 -6.000000e+00
      vertex   3.663892e+01 1.995285e+01 -6.000000e+00
      vertex   3.677362e+01 1.991675e+01 -6.000000e+00
    endloop
  endfacet
  facet normal 0.000000e+00 0.000000e+00 1.000000e+00
    outer loop
      vertex   4.157459e+01 2.346044e+01 -6.000000e+00
      vertex   3.677362e+01 1.991675e+01 -6.000000e+00
      vertex   4.229919e+01 2.256564e+01 -6.000000e+00
    endloop
  endfacet
  facet normal 0.000000e+00 0.000000e+00 1.000000e+00
    outer loop
      vertex   4.229919e+01 2.256564e+01 -6.000000e+00
      vertex   3.677362e+01 1.991675e+01 -6.000000e+00
      vertex   3.690000e+01 1.985782e+01 -6.000000e+00
    endloop
  endfacet
  facet normal 0.000000e+00 0.000000e+00 1.000000e+00
    outer loop
      vertex   4.229919e+01 2.256564e+01 -6.000000e+00
      vertex   3.690000e+01 1.985782e+01 -6.000000e+00
      vertex   4.292628e+01 2.160000e+01 -6.000000e+00
    endloop
  endfacet
  facet normal 0.000000e+00 0.000000e+00 1.000000e+00
    outer loop
      vertex   4.292628e+01 2.160000e+01 -6.000000e+00
      vertex   3.690000e+01 1.985782e+01 -6.000000e+00
      vertex   3.701423e+01 1.977784e+01 -6.000000e+00
    endloop
  endfacet
  facet normal 0.000000e+00 0.000000e+00 1.000000e+00
    outer loop
      vertex   4.292628e+01 2.160000e+01 -6.000000e+00
      vertex   3.701423e+01 1.977784e+01 -6.000000e+00
      vertex   3.711284e+01 1.967923e+01 -6.000000e+00
    endloop
  endfacet
  facet normal 0.000000e+00 0.000000e+00 1.000000e+00
    outer loop
      vertex   4.292628e+01 2.160000e+01 -6.000000e+00
      vertex   3.711284e+01 1.967923e+01 -6.000000e+00
      vertex   4.344900e+01 2.057410e+01 -6.000000e+00
    endloop
  endfacet
  facet normal 0.000000e+00 0.000000e+00 1.000000e+00
    outer loop
      vertex   4.344900e+01 2.057410e+01 -6.000000e+00
      vertex   3.711284e+01 1.967923e+01 -6.000000e+00
      vertex   3.719282e+01 1.956500e+01 -6.000000e+00
    endloop
  endfacet
  facet normal 0.000000e+00 0.000000e+00 1.000000e+00
    outer loop
      vertex   4.344900e+01 2.057410e+01 -6.000000e+00
      vertex   3.719282e+01 1.956500e+01 -6.000000e+00
      vertex   3.725175e+01 1.943862e+01 -6.000000e+00
    endloop
  endfacet
  facet normal -0.000000e+00 0.000000e+00 1.000000e+00
    outer loop
      vertex   3.725175e+01 1.943862e+01 -6.000000e+00
      vertex   3.728785e+01 1.930392e+01 -6.000000e+00
      vertex   4.344900e+01 2.057410e+01 -6.000000e+00
    endloop
  endfacet
  facet normal 0.000000e+00 0.000000e+00 1.000000e+00
    outer loop
      vertex   4.344900e+01 2.057410e+01 -6.000000e+00
      vertex   3.728785e+01 1.930392e+01 -6.000000e+00
      vertex   4.386162e+01 1.949919e+01 -6.000000e+00
    endloop
  endfacet
  facet normal 0.000000e+00 0.000000e+00 1.000000e+00
    outer loop
      vertex   4.386162e+01 1.949919e+01 -6.000000e+00
      vertex   3.728785e+01 1.930392e+01 -6.000000e+00
      vertex   3.730000e+01 1.916500e+01 -6.000000e+00
    endloop
  endfacet
  facet normal 0.000000e+00 0.000000e+00 1.000000e+00
    outer loop
      vertex   4.386162e+01 1.949919e+01 -6.000000e+00
      vertex   3.730000e+01 1.916500e+01 -6.000000e+00
      vertex   3.728785e+01 1.902608e+01 -6.000000e+00
    endloop
  endfacet
  facet normal -0.000000e+00 0.000000e+00 1.000000e+00
    outer loop
      vertex   3.728785e+01 1.902608e+01 -6.000000e+00
      vertex   3.725175e+01 1.889138e+01 -6.000000e+00
      vertex   4.386162e+01 1.949919e+01 -6.000000e+00
    endloop
  endfacet
  facet normal 0.000000e+00 0.000000e+00 1.000000e+00
    outer loop
      vertex   4.386162e+01 1.949919e+01 -6.000000e+00
      vertex   3.725175e+01 1.889138e+01 -6.000000e+00
      vertex   4.415962e+01 1.838703e+01 -6.000000e+00
    endloop
  endfacet
  facet normal 0.000000e+00 0.000000e+00 1.000000e+00
    outer loop
      vertex   4.415962e+01 1.838703e+01 -6.000000e+00
      vertex   3.725175e+01 1.889138e+01 -6.000000e+00
      vertex   3.719282e+01 1.876500e+01 -6.000000e+00
    endloop
  endfacet
  facet normal 0.000000e+00 0.000000e+00 1.000000e+00
    outer loop
      vertex   4.415962e+01 1.838703e+01 -6.000000e+00
      vertex   3.719282e+01 1.876500e+01 -6.000000e+00
      vertex   3.711284e+01 1.865077e+01 -6.000000e+00
    endloop
  endfacet
  facet normal 0.000000e+00 0.000000e+00 1.000000e+00
    outer loop
      vertex   4.415962e+01 1.838703e+01 -6.000000e+00
      vertex   3.711284e+01 1.865077e+01 -6.000000e+00
      vertex   4.433974e+01 1.724981e+01 -6.000000e+00
    endloop
  endfacet
  facet normal 0.000000e+00 0.000000e+00 1.000000e+00
    outer loop
      vertex   4.433974e+01 1.724981e+01 -6.000000e+00
      vertex   3.711284e+01 1.865077e+01 -6.000000e+00
      vertex   3.701423e+01 1.855216e+01 -6.000000e+00
    endloop
  endfacet
  facet normal 0.000000e+00 0.000000e+00 1.000000e+00
    outer loop
      vertex   4.433974e+01 1.724981e+01 -6.000000e+00
      vertex   3.701423e+01 1.855216e+01 -6.000000e+00
      vertex   3.690000e+01 1.847218e+01 -6.000000e+00
    endloop
  endfacet
  facet normal 0.000000e+00 0.000000e+00 1.000000e+00
    outer loop
      vertex   4.433974e+01 1.724981e+01 -6.000000e+00
      vertex   3.690000e+01 1.847218e+01 -6.000000e+00
      vertex   4.440000e+01 1.610000e+01 -6.000000e+00
    endloop
  endfacet
  facet normal 0.000000e+00 0.000000e+00 1.000000e+00
    outer loop
      vertex   4.440000e+01 1.610000e+01 -6.000000e+00
      vertex   3.690000e+01 1.847218e+01 -6.000000e+00
      vertex   3.677362e+01 1.841325e+01 -6.000000e+00
    endloop
  endfacet
  facet normal 0.000000e+00 0.000000e+00 1.000000e+00
    outer loop
      vertex   4.440000e+01 1.610000e+01 -6.000000e+00
      vertex   3.677362e+01 1.841325e+01 -6.000000e+00
      vertex   3.663892e+01 1.837715e+01 -6.000000e+00
    endloop
  endfacet
  facet normal 0.000000e+00 0.000000e+00 1.000000e+00
    outer loop
      vertex   3.663892e+01 1.837715e+01 -6.000000e+00
      vertex   3.650000e+01 1.836500e+01 -6.000000e+00
      vertex   4.440000e+01 1.610000e+01 -6.000000e+00
    endloop
  endfacet
  facet normal 0.000000e+00 0.000000e+00 1.000000e+00
    outer loop
      vertex   4.440000e+01 1.610000e+01 -6.000000e+00
      vertex   3.650000e+01 1.836500e+01 -6.000000e+00
      vertex   3.636108e+01 1.837715e+01 -6.000000e+00
    endloop
  endfacet
  facet normal 0.000000e+00 0.000000e+00 1.000000e+00
    outer loop
      vertex   4.440000e+01 1.610000e+01 -6.000000e+00
      vertex   3.636108e+01 1.837715e+01 -6.000000e+00
      vertex   2.323750e+01 -1.490000e+01 -6.000000e+00
    endloop
  endfacet
  facet normal 0.000000e+00 0.000000e+00 1.000000e+00
    outer loop
      vertex   2.323750e+01 -1.490000e+01 -6.000000e+00
      vertex   3.636108e+01 1.837715e+01 -6.000000e+00
      vertex   3.622638e+01 1.841325e+01 -6.000000e+00
    endloop
  endfacet
  facet normal 0.000000e+00 0.000000e+00 1.000000e+00
    outer loop
      vertex   2.323750e+01 -1.490000e+01 -6.000000e+00
      vertex   3.622638e+01 1.841325e+01 -6.000000e+00
      vertex   3.610000e+01 1.847218e+01 -6.000000e+00
    endloop
  endfacet
  facet normal 0.000000e+00 0.000000e+00 1.000000e+00
    outer loop
      vertex   3.610000e+01 1.847218e+01 -6.000000e+00
      vertex   3.598577e+01 1.855216e+01 -6.000000e+00
      vertex   2.323750e+01 -1.490000e+01 -6.000000e+00
    endloop
  endfacet
  facet normal 0.000000e+00 0.000000e+00 1.000000e+00
    outer loop
      vertex   2.323750e+01 -1.490000e+01 -6.000000e+00
      vertex   3.598577e+01 1.855216e+01 -6.000000e+00
      vertex   2.323750e+01 2.590000e+01 -6.000000e+00
    endloop
  endfacet
  facet normal 0.000000e+00 0.000000e+00 1.000000e+00
    outer loop
      vertex   2.323750e+01 2.590000e+01 -6.000000e+00
      vertex   3.598577e+01 1.855216e+01 -6.000000e+00
      vertex   3.588716e+01 1.865077e+01 -6.000000e+00
    endloop
  endfacet
  facet normal 0.000000e+00 0.000000e+00 1.000000e+00
    outer loop
      vertex   2.323750e+01 2.590000e+01 -6.000000e+00
      vertex   3.588716e+01 1.865077e+01 -6.000000e+00
      vertex   3.580718e+01 1.876500e+01 -6.000000e+00
    endloop
  endfacet
  facet normal 0.000000e+00 0.000000e+00 1.000000e+00
    outer loop
      vertex   3.580718e+01 1.876500e+01 -6.000000e+00
      vertex   3.574825e+01 1.889138e+01 -6.000000e+00
      vertex   2.323750e+01 2.590000e+01 -6.000000e+00
    endloop
  endfacet
  facet normal 0.000000e+00 0.000000e+00 1.000000e+00
    outer loop
      vertex   2.323750e+01 2.590000e+01 -6.000000e+00
      vertex   3.574825e+01 1.889138e+01 -6.000000e+00
      vertex   3.571215e+01 1.902608e+01 -6.000000e+00
    endloop
  endfacet
  facet normal 0.000000e+00 0.000000e+00 1.000000e+00
    outer loop
      vertex   -3.728785e+01 1.902608e+01 -6.000000e+00
      vertex   -3.730000e+01 1.916500e+01 -6.000000e+00
      vertex   -4.387468e+01 1.945873e+01 -6.000000e+00
    endloop
  endfacet
  facet normal 0.000000e+00 0.000000e+00 1.000000e+00
    outer loop
      vertex   -4.387468e+01 1.945873e+01 -6.000000e+00
      vertex   -3.730000e+01 1.916500e+01 -6.000000e+00
      vertex   -3.728785e+01 1.930392e+01 -6.000000e+00
    endloop
  endfacet
  facet normal -0.000000e+00 0.000000e+00 1.000000e+00
    outer loop
      vertex   -4.387468e+01 1.945873e+01 -6.000000e+00
      vertex   -3.728785e+01 1.930392e+01 -6.000000e+00
      vertex   -4.347192e+01 2.052226e+01 -6.000000e+00
    endloop
  endfacet
  facet normal 0.000000e+00 0.000000e+00 1.000000e+00
    outer loop
      vertex   -4.347192e+01 2.052226e+01 -6.000000e+00
      vertex   -3.728785e+01 1.930392e+01 -6.000000e+00
      vertex   -3.725175e+01 1.943862e+01 -6.000000e+00
    endloop
  endfacet
  facet normal 0.000000e+00 0.000000e+00 1.000000e+00
    outer loop
      vertex   -4.347192e+01 2.052226e+01 -6.000000e+00
      vertex   -3.725175e+01 1.943862e+01 -6.000000e+00
      vertex   -3.719282e+01 1.956500e+01 -6.000000e+00
    endloop
  endfacet
  facet normal 0.000000e+00 -0.000000e+00 1.000000e+00
    outer loop
      vertex   -3.719282e+01 1.956500e+01 -6.000000e+00
      vertex   -3.711284e+01 1.967923e+01 -6.000000e+00
      vertex   -4.347192e+01 2.052226e+01 -6.000000e+00
    endloop
  endfacet
  facet normal -0.000000e+00 0.000000e+00 1.000000e+00
    outer loop
      vertex   -4.347192e+01 2.052226e+01 -6.000000e+00
      vertex   -3.711284e+01 1.967923e+01 -6.000000e+00
      vertex   -4.296151e+01 2.153852e+01 -6.000000e+00
    endloop
  endfacet
  facet normal 0.000000e+00 0.000000e+00 1.000000e+00
    outer loop
      vertex   -4.296151e+01 2.153852e+01 -6.000000e+00
      vertex   -3.711284e+01 1.967923e+01 -6.000000e+00
      vertex   -3.701423e+01 1.977784e+01 -6.000000e+00
    endloop
  endfacet
  facet normal 0.000000e+00 0.000000e+00 1.000000e+00
    outer loop
      vertex   -4.296151e+01 2.153852e+01 -6.000000e+00
      vertex   -3.701423e+01 1.977784e+01 -6.000000e+00
      vertex   -3.690000e+01 1.985782e+01 -6.000000e+00
    endloop
  endfacet
  facet normal -0.000000e+00 0.000000e+00 1.000000e+00
    outer loop
      vertex   -4.296151e+01 2.153852e+01 -6.000000e+00
      vertex   -3.690000e+01 1.985782e+01 -6.000000e+00
      vertex   -4.234890e+01 2.249665e+01 -6.000000e+00
    endloop
  endfacet
  facet normal 0.000000e+00 0.000000e+00 1.000000e+00
    outer loop
      vertex   -4.234890e+01 2.249665e+01 -6.000000e+00
      vertex   -3.690000e+01 1.985782e+01 -6.000000e+00
      vertex   -3.677362e+01 1.991675e+01 -6.000000e+00
    endloop
  endfacet
  facet normal -0.000000e+00 0.000000e+00 1.000000e+00
    outer loop
      vertex   -4.234890e+01 2.249665e+01 -6.000000e+00
      vertex   -3.677362e+01 1.991675e+01 -6.000000e+00
      vertex   -4.164064e+01 2.338641e+01 -6.000000e+00
    endloop
  endfacet
  facet normal 0.000000e+00 0.000000e+00 1.000000e+00
    outer loop
      vertex   -4.164064e+01 2.338641e+01 -6.000000e+00
      vertex   -3.677362e+01 1.991675e+01 -6.000000e+00
      vertex   -3.663892e+01 1.995285e+01 -6.000000e+00
    endloop
  endfacet
  facet normal -0.000000e+00 0.000000e+00 1.000000e+00
    outer loop
      vertex   -4.164064e+01 2.338641e+01 -6.000000e+00
      vertex   -3.663892e+01 1.995285e+01 -6.000000e+00
      vertex   -4.084430e+01 2.419830e+01 -6.000000e+00
    endloop
  endfacet
  facet normal 0.000000e+00 0.000000e+00 1.000000e+00
    outer loop
      vertex   -4.084430e+01 2.419830e+01 -6.000000e+00
      vertex   -3.663892e+01 1.995285e+01 -6.000000e+00
      vertex   -3.650000e+01 1.996500e+01 -6.000000e+00
    endloop
  endfacet
  facet normal -0.000000e+00 0.000000e+00 1.000000e+00
    outer loop
      vertex   -4.084430e+01 2.419830e+01 -6.000000e+00
      vertex   -3.650000e+01 1.996500e+01 -6.000000e+00
      vertex   -3.996839e+01 2.492362e+01 -6.000000e+00
    endloop
  endfacet
  facet normal -0.000000e+00 0.000000e+00 1.000000e+00
    outer loop
      vertex   -3.996839e+01 2.492362e+01 -6.000000e+00
      vertex   -3.650000e+01 1.996500e+01 -6.000000e+00
      vertex   -3.340000e+01 2.582625e+01 -6.000000e+00
    endloop
  endfacet
  facet normal 0.000000e+00 0.000000e+00 1.000000e+00
    outer loop
      vertex   -3.996839e+01 2.492362e+01 -6.000000e+00
      vertex   -3.340000e+01 2.582625e+01 -6.000000e+00
      vertex   -3.902227e+01 2.555463e+01 -6.000000e+00
    endloop
  endfacet
  facet normal 0.000000e+00 0.000000e+00 1.000000e+00
    outer loop
      vertex   -3.902227e+01 2.555463e+01 -6.000000e+00
      vertex   -3.340000e+01 2.582625e+01 -6.000000e+00
      vertex   -3.801607e+01 2.608459e+01 -6.000000e+00
    endloop
  endfacet
  facet normal -0.000000e+00 0.000000e+00 1.000000e+00
    outer loop
      vertex   -3.801607e+01 2.608459e+01 -6.000000e+00
      vertex   -3.340000e+01 2.582625e+01 -6.000000e+00
      vertex   -3.696052e+01 2.650782e+01 -6.000000e+00
    endloop
  endfacet
  facet normal -0.000000e+00 0.000000e+00 1.000000e+00
    outer loop
      vertex   -3.696052e+01 2.650782e+01 -6.000000e+00
      vertex   -3.340000e+01 2.582625e+01 -6.000000e+00
      vertex   -3.586691e+01 2.681981e+01 -6.000000e+00
    endloop
  endfacet
  facet normal 0.000000e+00 0.000000e+00 1.000000e+00
    outer loop
      vertex   -3.586691e+01 2.681981e+01 -6.000000e+00
      vertex   -3.340000e+01 2.582625e+01 -6.000000e+00
      vertex   -3.341717e+01 2.602851e+01 -6.000000e+00
    endloop
  endfacet
  facet normal 0.000000e+00 0.000000e+00 1.000000e+00
    outer loop
      vertex   -3.586691e+01 2.681981e+01 -6.000000e+00
      vertex   -3.341717e+01 2.602851e+01 -6.000000e+00
      vertex   -3.346818e+01 2.622498e+01 -6.000000e+00
    endloop
  endfacet
  facet normal -0.000000e+00 0.000000e+00 1.000000e+00
    outer loop
      vertex   -3.650000e+01 1.996500e+01 -6.000000e+00
      vertex   -3.636108e+01 1.995285e+01 -6.000000e+00
      vertex   -3.340000e+01 2.582625e+01 -6.000000e+00
    endloop
  endfacet
  facet normal 0.000000e+00 0.000000e+00 1.000000e+00
    outer loop
      vertex   -3.340000e+01 2.582625e+01 -6.000000e+00
      vertex   -3.636108e+01 1.995285e+01 -6.000000e+00
      vertex   -3.622638e+01 1.991675e+01 -6.000000e+00
    endloop
  endfacet
  facet normal 0.000000e+00 0.000000e+00 1.000000e+00
    outer loop
      vertex   -3.340000e+01 2.582625e+01 -6.000000e+00
      vertex   -3.622638e+01 1.991675e+01 -6.000000e+00
      vertex   -3.610000e+01 1.985782e+01 -6.000000e+00
    endloop
  endfacet
  facet normal -0.000000e+00 0.000000e+00 1.000000e+00
    outer loop
      vertex   -3.610000e+01 1.985782e+01 -6.000000e+00
      vertex   -3.598577e+01 1.977784e+01 -6.000000e+00
      vertex   -3.340000e+01 2.582625e+01 -6.000000e+00
    endloop
  endfacet
  facet normal 0.000000e+00 0.000000e+00 1.000000e+00
    outer loop
      vertex   -3.340000e+01 2.582625e+01 -6.000000e+00
      vertex   -3.598577e+01 1.977784e+01 -6.000000e+00
      vertex   -3.588716e+01 1.967923e+01 -6.000000e+00
    endloop
  endfacet
  facet normal 0.000000e+00 0.000000e+00 1.000000e+00
    outer loop
      vertex   -3.340000e+01 2.582625e+01 -6.000000e+00
      vertex   -3.588716e+01 1.967923e+01 -6.000000e+00
      vertex   -3.580718e+01 1.956500e+01 -6.000000e+00
    endloop
  endfacet
  facet normal -0.000000e+00 0.000000e+00 1.000000e+00
    outer loop
      vertex   -3.580718e+01 1.956500e+01 -6.000000e+00
      vertex   -3.574825e+01 1.943862e+01 -6.000000e+00
      vertex   -3.340000e+01 2.582625e+01 -6.000000e+00
    endloop
  endfacet
  facet normal 0.000000e+00 0.000000e+00 1.000000e+00
    outer loop
      vertex   -3.340000e+01 2.582625e+01 -6.000000e+00
      vertex   -3.574825e+01 1.943862e+01 -6.000000e+00
      vertex   -3.571215e+01 1.930392e+01 -6.000000e+00
    endloop
  endfacet
  facet normal 0.000000e+00 0.000000e+00 1.000000e+00
    outer loop
      vertex   -3.340000e+01 2.582625e+01 -6.000000e+00
      vertex   -3.571215e+01 1.930392e+01 -6.000000e+00
      vertex   -3.570000e+01 1.916500e+01 -6.000000e+00
    endloop
  endfacet
  facet normal -0.000000e+00 0.000000e+00 1.000000e+00
    outer loop
      vertex   -3.570000e+01 1.916500e+01 -6.000000e+00
      vertex   -3.571215e+01 1.902608e+01 -6.000000e+00
      vertex   -3.340000e+01 2.582625e+01 -6.000000e+00
    endloop
  endfacet
  facet normal 0.000000e+00 0.000000e+00 1.000000e+00
    outer loop
      vertex   -3.340000e+01 2.582625e+01 -6.000000e+00
      vertex   -3.571215e+01 1.902608e+01 -6.000000e+00
      vertex   -3.574825e+01 1.889138e+01 -6.000000e+00
    endloop
  endfacet
  facet normal 0.000000e+00 0.000000e+00 1.000000e+00
    outer loop
      vertex   -3.340000e+01 2.582625e+01 -6.000000e+00
      vertex   -3.574825e+01 1.889138e+01 -6.000000e+00
      vertex   -3.340000e+01 -1.490000e+01 -6.000000e+00
    endloop
  endfacet
  facet normal 0.000000e+00 0.000000e+00 1.000000e+00
    outer loop
      vertex   -3.340000e+01 -1.490000e+01 -6.000000e+00
      vertex   -3.574825e+01 1.889138e+01 -6.000000e+00
      vertex   -3.580718e+01 1.876500e+01 -6.000000e+00
    endloop
  endfacet
  facet normal 0.000000e+00 0.000000e+00 1.000000e+00
    outer loop
      vertex   -3.340000e+01 -1.490000e+01 -6.000000e+00
      vertex   -3.580718e+01 1.876500e+01 -6.000000e+00
      vertex   -3.588716e+01 1.865077e+01 -6.000000e+00
    endloop
  endfacet
  facet normal 0.000000e+00 0.000000e+00 1.000000e+00
    outer loop
      vertex   -3.588716e+01 1.865077e+01 -6.000000e+00
      vertex   -3.598577e+01 1.855216e+01 -6.000000e+00
      vertex   -3.340000e+01 -1.490000e+01 -6.000000e+00
    endloop
  endfacet
  facet normal 0.000000e+00 0.000000e+00 1.000000e+00
    outer loop
      vertex   -3.340000e+01 -1.490000e+01 -6.000000e+00
      vertex   -3.598577e+01 1.855216e+01 -6.000000e+00
      vertex   -3.610000e+01 1.847218e+01 -6.000000e+00
    endloop
  endfacet
  facet normal 0.000000e+00 0.000000e+00 1.000000e+00
    outer loop
      vertex   -3.340000e+01 -1.490000e+01 -6.000000e+00
      vertex   -3.610000e+01 1.847218e+01 -6.000000e+00
      vertex   -3.622638e+01 1.841325e+01 -6.000000e+00
    endloop
  endfacet
  facet normal 0.000000e+00 0.000000e+00 1.000000e+00
    outer loop
      vertex   -3.622638e+01 1.841325e+01 -6.000000e+00
      vertex   -3.636108e+01 1.837715e+01 -6.000000e+00
      vertex   -3.340000e+01 -1.490000e+01 -6.000000e+00
    endloop
  endfacet
  facet normal 0.000000e+00 0.000000e+00 1.000000e+00
    outer loop
      vertex   -3.340000e+01 -1.490000e+01 -6.000000e+00
      vertex   -3.636108e+01 1.837715e+01 -6.000000e+00
      vertex   -4.440000e+01 1.610000e+01 -6.000000e+00
    endloop
  endfacet
  facet normal 0.000000e+00 0.000000e+00 1.000000e+00
    outer loop
      vertex   -3.340000e+01 -1.490000e+01 -6.000000e+00
      vertex   -4.440000e+01 1.610000e+01 -6.000000e+00
      vertex   -4.440000e+01 -1.610000e+01 -6.000000e+00
    endloop
  endfacet
  facet normal 0.000000e+00 0.000000e+00 1.000000e+00
    outer loop
      vertex   -3.636108e+01 1.837715e+01 -6.000000e+00
      vertex   -3.650000e+01 1.836500e+01 -6.000000e+00
      vertex   -4.440000e+01 1.610000e+01 -6.000000e+00
    endloop
  endfacet
  facet normal 0.000000e+00 0.000000e+00 1.000000e+00
    outer loop
      vertex   -4.440000e+01 1.610000e+01 -6.000000e+00
      vertex   -3.650000e+01 1.836500e+01 -6.000000e+00
      vertex   -3.663892e+01 1.837715e+01 -6.000000e+00
    endloop
  endfacet
  facet normal 0.000000e+00 0.000000e+00 1.000000e+00
    outer loop
      vertex   -4.440000e+01 1.610000e+01 -6.000000e+00
      vertex   -3.663892e+01 1.837715e+01 -6.000000e+00
      vertex   -3.677362e+01 1.841325e+01 -6.000000e+00
    endloop
  endfacet
  facet normal 0.000000e+00 0.000000e+00 1.000000e+00
    outer loop
      vertex   -3.677362e+01 1.841325e+01 -6.000000e+00
      vertex   -3.690000e+01 1.847218e+01 -6.000000e+00
      vertex   -4.440000e+01 1.610000e+01 -6.000000e+00
    endloop
  endfacet
  facet normal 0.000000e+00 0.000000e+00 1.000000e+00
    outer loop
      vertex   -4.440000e+01 1.610000e+01 -6.000000e+00
      vertex   -3.690000e+01 1.847218e+01 -6.000000e+00
      vertex   -4.434121e+01 1.723572e+01 -6.000000e+00
    endloop
  endfacet
  facet normal 0.000000e+00 0.000000e+00 1.000000e+00
    outer loop
      vertex   -4.434121e+01 1.723572e+01 -6.000000e+00
      vertex   -3.690000e+01 1.847218e+01 -6.000000e+00
      vertex   -3.701423e+01 1.855216e+01 -6.000000e+00
    endloop
  endfacet
  facet normal 0.000000e+00 0.000000e+00 1.000000e+00
    outer loop
      vertex   -4.434121e+01 1.723572e+01 -6.000000e+00
      vertex   -3.701423e+01 1.855216e+01 -6.000000e+00
      vertex   -3.711284e+01 1.865077e+01 -6.000000e+00
    endloop
  endfacet
  facet normal 0.000000e+00 0.000000e+00 1.000000e+00
    outer loop
      vertex   -4.434121e+01 1.723572e+01 -6.000000e+00
      vertex   -3.711284e+01 1.865077e+01 -6.000000e+00
      vertex   -4.416548e+01 1.835930e+01 -6.000000e+00
    endloop
  endfacet
  facet normal 0.000000e+00 0.000000e+00 1.000000e+00
    outer loop
      vertex   -4.416548e+01 1.835930e+01 -6.000000e+00
      vertex   -3.711284e+01 1.865077e+01 -6.000000e+00
      vertex   -3.719282e+01 1.876500e+01 -6.000000e+00
    endloop
  endfacet
  facet normal 0.000000e+00 0.000000e+00 1.000000e+00
    outer loop
      vertex   -4.416548e+01 1.835930e+01 -6.000000e+00
      vertex   -3.719282e+01 1.876500e+01 -6.000000e+00
      vertex   -3.725175e+01 1.889138e+01 -6.000000e+00
    endloop
  endfacet
  facet normal 0.000000e+00 0.000000e+00 1.000000e+00
    outer loop
      vertex   -4.416548e+01 1.835930e+01 -6.000000e+00
      vertex   -3.725175e+01 1.889138e+01 -6.000000e+00
      vertex   -4.387468e+01 1.945873e+01 -6.000000e+00
    endloop
  endfacet
  facet normal 0.000000e+00 0.000000e+00 1.000000e+00
    outer loop
      vertex   -4.387468e+01 1.945873e+01 -6.000000e+00
      vertex   -3.725175e+01 1.889138e+01 -6.000000e+00
      vertex   -3.728785e+01 1.902608e+01 -6.000000e+00
    endloop
  endfacet
  facet normal 0.000000e+00 0.000000e+00 1.000000e+00
    outer loop
      vertex   3.571215e+01 -1.930392e+01 -6.000000e+00
      vertex   3.570000e+01 -1.916500e+01 -6.000000e+00
      vertex   2.263750e+01 -1.593923e+01 -6.000000e+00
    endloop
  endfacet
  facet normal 0.000000e+00 0.000000e+00 1.000000e+00
    outer loop
      vertex   2.263750e+01 -1.593923e+01 -6.000000e+00
      vertex   3.570000e+01 -1.916500e+01 -6.000000e+00
      vertex   3.571215e+01 -1.902608e+01 -6.000000e+00
    endloop
  endfacet
  facet normal -0.000000e+00 0.000000e+00 1.000000e+00
    outer loop
      vertex   2.263750e+01 -1.593923e+01 -6.000000e+00
      vertex   3.571215e+01 -1.902608e+01 -6.000000e+00
      vertex   2.280885e+01 -1.581925e+01 -6.000000e+00
    endloop
  endfacet
  facet normal 0.000000e+00 0.000000e+00 1.000000e+00
    outer loop
      vertex   2.280885e+01 -1.581925e+01 -6.000000e+00
      vertex   3.571215e+01 -1.902608e+01 -6.000000e+00
      vertex   3.574825e+01 -1.889138e+01 -6.000000e+00
    endloop
  endfacet
  facet normal -0.000000e+00 0.000000e+00 1.000000e+00
    outer loop
      vertex   2.280885e+01 -1.581925e+01 -6.000000e+00
      vertex   3.574825e+01 -1.889138e+01 -6.000000e+00
      vertex   2.295675e+01 -1.567135e+01 -6.000000e+00
    endloop
  endfacet
  facet normal 0.000000e+00 0.000000e+00 1.000000e+00
    outer loop
      vertex   2.295675e+01 -1.567135e+01 -6.000000e+00
      vertex   3.574825e+01 -1.889138e+01 -6.000000e+00
      vertex   3.580718e+01 -1.876500e+01 -6.000000e+00
    endloop
  endfacet
  facet normal -0.000000e+00 0.000000e+00 1.000000e+00
    outer loop
      vertex   2.295675e+01 -1.567135e+01 -6.000000e+00
      vertex   3.580718e+01 -1.876500e+01 -6.000000e+00
      vertex   2.307673e+01 -1.550000e+01 -6.000000e+00
    endloop
  endfacet
  facet normal 0.000000e+00 0.000000e+00 1.000000e+00
    outer loop
      vertex   2.307673e+01 -1.550000e+01 -6.000000e+00
      vertex   3.580718e+01 -1.876500e+01 -6.000000e+00
      vertex   3.588716e+01 -1.865077e+01 -6.000000e+00
    endloop
  endfacet
  facet normal -0.000000e+00 0.000000e+00 1.000000e+00
    outer loop
      vertex   2.307673e+01 -1.550000e+01 -6.000000e+00
      vertex   3.588716e+01 -1.865077e+01 -6.000000e+00
      vertex   2.316513e+01 -1.531042e+01 -6.000000e+00
    endloop
  endfacet
  facet normal 0.000000e+00 0.000000e+00 1.000000e+00
    outer loop
      vertex   2.316513e+01 -1.531042e+01 -6.000000e+00
      vertex   3.588716e+01 -1.865077e+01 -6.000000e+00
      vertex   3.598577e+01 -1.855216e+01 -6.000000e+00
    endloop
  endfacet
  facet normal -0.000000e+00 0.000000e+00 1.000000e+00
    outer loop
      vertex   2.316513e+01 -1.531042e+01 -6.000000e+00
      vertex   3.598577e+01 -1.855216e+01 -6.000000e+00
      vertex   2.321927e+01 -1.510838e+01 -6.000000e+00
    endloop
  endfacet
  facet normal 0.000000e+00 0.000000e+00 1.000000e+00
    outer loop
      vertex   2.321927e+01 -1.510838e+01 -6.000000e+00
      vertex   3.598577e+01 -1.855216e+01 -6.000000e+00
      vertex   3.610000e+01 -1.847218e+01 -6.000000e+00
    endloop
  endfacet
  facet normal -0.000000e+00 0.000000e+00 1.000000e+00
    outer loop
      vertex   2.321927e+01 -1.510838e+01 -6.000000e+00
      vertex   3.610000e+01 -1.847218e+01 -6.000000e+00
      vertex   2.323750e+01 -1.490000e+01 -6.000000e+00
    endloop
  endfacet
  facet normal 0.000000e+00 0.000000e+00 1.000000e+00
    outer loop
      vertex   2.323750e+01 -1.490000e+01 -6.000000e+00
      vertex   3.610000e+01 -1.847218e+01 -6.000000e+00
      vertex   3.622638e+01 -1.841325e+01 -6.000000e+00
    endloop
  endfacet
  facet normal 0.000000e+00 0.000000e+00 1.000000e+00
    outer loop
      vertex   2.323750e+01 -1.490000e+01 -6.000000e+00
      vertex   3.622638e+01 -1.841325e+01 -6.000000e+00
      vertex   3.636108e+01 -1.837715e+01 -6.000000e+00
    endloop
  endfacet
  facet normal 0.000000e+00 -0.000000e+00 1.000000e+00
    outer loop
      vertex   3.636108e+01 -1.837715e+01 -6.000000e+00
      vertex   3.650000e+01 -1.836500e+01 -6.000000e+00
      vertex   2.323750e+01 -1.490000e+01 -6.000000e+00
    endloop
  endfacet
  facet normal 0.000000e+00 0.000000e+00 1.000000e+00
    outer loop
      vertex   2.323750e+01 -1.490000e+01 -6.000000e+00
      vertex   3.650000e+01 -1.836500e+01 -6.000000e+00
      vertex   4.440000e+01 -1.610000e+01 -6.000000e+00
    endloop
  endfacet
  facet normal -0.000000e+00 0.000000e+00 1.000000e+00
    outer loop
      vertex   2.323750e+01 -1.490000e+01 -6.000000e+00
      vertex   4.440000e+01 -1.610000e+01 -6.000000e+00
      vertex   4.440000e+01 1.610000e+01 -6.000000e+00
    endloop
  endfacet
  facet normal -0.000000e+00 0.000000e+00 1.000000e+00
    outer loop
      vertex   3.650000e+01 -1.836500e+01 -6.000000e+00
      vertex   3.663892e+01 -1.837715e+01 -6.000000e+00
      vertex   4.440000e+01 -1.610000e+01 -6.000000e+00
    endloop
  endfacet
  facet normal 0.000000e+00 0.000000e+00 1.000000e+00
    outer loop
      vertex   4.440000e+01 -1.610000e+01 -6.000000e+00
      vertex   3.663892e+01 -1.837715e+01 -6.000000e+00
      vertex   3.677362e+01 -1.841325e+01 -6.000000e+00
    endloop
  endfacet
  facet normal 0.000000e+00 0.000000e+00 1.000000e+00
    outer loop
      vertex   4.440000e+01 -1.610000e+01 -6.000000e+00
      vertex   3.677362e+01 -1.841325e+01 -6.000000e+00
      vertex   3.690000e+01 -1.847218e+01 -6.000000e+00
    endloop
  endfacet
  facet normal 0.000000e+00 0.000000e+00 1.000000e+00
    outer loop
      vertex   4.440000e+01 -1.610000e+01 -6.000000e+00
      vertex   3.690000e+01 -1.847218e+01 -6.000000e+00
      vertex   4.433974e+01 -1.724981e+01 -6.000000e+00
    endloop
  endfacet
  facet normal 0.000000e+00 0.000000e+00 1.000000e+00
    outer loop
      vertex   4.433974e+01 -1.724981e+01 -6.000000e+00
      vertex   3.690000e+01 -1.847218e+01 -6.000000e+00
      vertex   3.701423e+01 -1.855216e+01 -6.000000e+00
    endloop
  endfacet
  facet normal 0.000000e+00 0.000000e+00 1.000000e+00
    outer loop
      vertex   4.433974e+01 -1.724981e+01 -6.000000e+00
      vertex   3.701423e+01 -1.855216e+01 -6.000000e+00
      vertex   3.711284e+01 -1.865077e+01 -6.000000e+00
    endloop
  endfacet
  facet normal 0.000000e+00 0.000000e+00 1.000000e+00
    outer loop
      vertex   4.433974e+01 -1.724981e+01 -6.000000e+00
      vertex   3.711284e+01 -1.865077e+01 -6.000000e+00
      vertex   4.415962e+01 -1.838703e+01 -6.000000e+00
    endloop
  endfacet
  facet normal 0.000000e+00 0.000000e+00 1.000000e+00
    outer loop
      vertex   4.415962e+01 -1.838703e+01 -6.000000e+00
      vertex   3.711284e+01 -1.865077e+01 -6.000000e+00
      vertex   3.719282e+01 -1.876500e+01 -6.000000e+00
    endloop
  endfacet
  facet normal 0.000000e+00 0.000000e+00 1.000000e+00
    outer loop
      vertex   4.415962e+01 -1.838703e+01 -6.000000e+00
      vertex   3.719282e+01 -1.876500e+01 -6.000000e+00
      vertex   3.725175e+01 -1.889138e+01 -6.000000e+00
    endloop
  endfacet
  facet normal 0.000000e+00 0.000000e+00 1.000000e+00
    outer loop
      vertex   4.415962e+01 -1.838703e+01 -6.000000e+00
      vertex   3.725175e+01 -1.889138e+01 -6.000000e+00
      vertex   4.386162e+01 -1.949919e+01 -6.000000e+00
    endloop
  endfacet
  facet normal 0.000000e+00 0.000000e+00 1.000000e+00
    outer loop
      vertex   4.386162e+01 -1.949919e+01 -6.000000e+00
      vertex   3.725175e+01 -1.889138e+01 -6.000000e+00
      vertex   3.728785e+01 -1.902608e+01 -6.000000e+00
    endloop
  endfacet
  facet normal 0.000000e+00 0.000000e+00 1.000000e+00
    outer loop
      vertex   4.386162e+01 -1.949919e+01 -6.000000e+00
      vertex   3.728785e+01 -1.902608e+01 -6.000000e+00
      vertex   3.730000e+01 -1.916500e+01 -6.000000e+00
    endloop
  endfacet
  facet normal 0.000000e+00 0.000000e+00 1.000000e+00
    outer loop
      vertex   3.730000e+01 -1.916500e+01 -6.000000e+00
      vertex   3.728785e+01 -1.930392e+01 -6.000000e+00
      vertex   4.386162e+01 -1.949919e+01 -6.000000e+00
    endloop
  endfacet
  facet normal 0.000000e+00 0.000000e+00 1.000000e+00
    outer loop
      vertex   4.386162e+01 -1.949919e+01 -6.000000e+00
      vertex   3.728785e+01 -1.930392e+01 -6.000000e+00
      vertex   4.344900e+01 -2.057410e+01 -6.000000e+00
    endloop
  endfacet
  facet normal 0.000000e+00 0.000000e+00 1.000000e+00
    outer loop
      vertex   4.344900e+01 -2.057410e+01 -6.000000e+00
      vertex   3.728785e+01 -1.930392e+01 -6.000000e+00
      vertex   3.725175e+01 -1.943862e+01 -6.000000e+00
    endloop
  endfacet
  facet normal 0.000000e+00 0.000000e+00 1.000000e+00
    outer loop
      vertex   4.344900e+01 -2.057410e+01 -6.000000e+00
      vertex   3.725175e+01 -1.943862e+01 -6.000000e+00
      vertex   3.719282e+01 -1.956500e+01 -6.000000e+00
    endloop
  endfacet
  facet normal 0.000000e+00 0.000000e+00 1.000000e+00
    outer loop
      vertex   3.719282e+01 -1.956500e+01 -6.000000e+00
      vertex   3.711284e+01 -1.967923e+01 -6.000000e+00
      vertex   4.344900e+01 -2.057410e+01 -6.000000e+00
    endloop
  endfacet
  facet normal 0.000000e+00 0.000000e+00 1.000000e+00
    outer loop
      vertex   4.344900e+01 -2.057410e+01 -6.000000e+00
      vertex   3.711284e+01 -1.967923e+01 -6.000000e+00
      vertex   4.292628e+01 -2.160000e+01 -6.000000e+00
    endloop
  endfacet
  facet normal 0.000000e+00 0.000000e+00 1.000000e+00
    outer loop
      vertex   4.292628e+01 -2.160000e+01 -6.000000e+00
      vertex   3.711284e+01 -1.967923e+01 -6.000000e+00
      vertex   3.701423e+01 -1.977784e+01 -6.000000e+00
    endloop
  endfacet
  facet normal 0.000000e+00 0.000000e+00 1.000000e+00
    outer loop
      vertex   4.292628e+01 -2.160000e+01 -6.000000e+00
      vertex   3.701423e+01 -1.977784e+01 -6.000000e+00
      vertex   3.690000e+01 -1.985782e+01 -6.000000e+00
    endloop
  endfacet
  facet normal 0.000000e+00 0.000000e+00 1.000000e+00
    outer loop
      vertex   4.292628e+01 -2.160000e+01 -6.000000e+00
      vertex   3.690000e+01 -1.985782e+01 -6.000000e+00
      vertex   4.229919e+01 -2.256564e+01 -6.000000e+00
    endloop
  endfacet
  facet normal 0.000000e+00 0.000000e+00 1.000000e+00
    outer loop
      vertex   4.229919e+01 -2.256564e+01 -6.000000e+00
      vertex   3.690000e+01 -1.985782e+01 -6.000000e+00
      vertex   3.677362e+01 -1.991675e+01 -6.000000e+00
    endloop
  endfacet
  facet normal 0.000000e+00 0.000000e+00 1.000000e+00
    outer loop
      vertex   4.229919e+01 -2.256564e+01 -6.000000e+00
      vertex   3.677362e+01 -1.991675e+01 -6.000000e+00
      vertex   4.157459e+01 -2.346044e+01 -6.000000e+00
    endloop
  endfacet
  facet normal 0.000000e+00 0.000000e+00 1.000000e+00
    outer loop
      vertex   4.157459e+01 -2.346044e+01 -6.000000e+00
      vertex   3.677362e+01 -1.991675e+01 -6.000000e+00
      vertex   3.663892e+01 -1.995285e+01 -6.000000e+00
    endloop
  endfacet
  facet normal 0.000000e+00 0.000000e+00 1.000000e+00
    outer loop
      vertex   4.157459e+01 -2.346044e+01 -6.000000e+00
      vertex   3.663892e+01 -1.995285e+01 -6.000000e+00
      vertex   4.076044e+01 -2.427459e+01 -6.000000e+00
    endloop
  endfacet
  facet normal 0.000000e+00 0.000000e+00 1.000000e+00
    outer loop
      vertex   4.076044e+01 -2.427459e+01 -6.000000e+00
      vertex   3.663892e+01 -1.995285e+01 -6.000000e+00
      vertex   3.650000e+01 -1.996500e+01 -6.000000e+00
    endloop
  endfacet
  facet normal 0.000000e+00 0.000000e+00 1.000000e+00
    outer loop
      vertex   4.076044e+01 -2.427459e+01 -6.000000e+00
      vertex   3.650000e+01 -1.996500e+01 -6.000000e+00
      vertex   3.986564e+01 -2.499919e+01 -6.000000e+00
    endloop
  endfacet
  facet normal 0.000000e+00 0.000000e+00 1.000000e+00
    outer loop
      vertex   3.986564e+01 -2.499919e+01 -6.000000e+00
      vertex   3.650000e+01 -1.996500e+01 -6.000000e+00
      vertex   3.636108e+01 -1.995285e+01 -6.000000e+00
    endloop
  endfacet
  facet normal 0.000000e+00 0.000000e+00 1.000000e+00
    outer loop
      vertex   3.986564e+01 -2.499919e+01 -6.000000e+00
      vertex   3.636108e+01 -1.995285e+01 -6.000000e+00
      vertex   3.890000e+01 -2.562628e+01 -6.000000e+00
    endloop
  endfacet
  facet normal 0.000000e+00 0.000000e+00 1.000000e+00
    outer loop
      vertex   3.890000e+01 -2.562628e+01 -6.000000e+00
      vertex   3.636108e+01 -1.995285e+01 -6.000000e+00
      vertex   3.787410e+01 -2.614900e+01 -6.000000e+00
    endloop
  endfacet
  facet normal 0.000000e+00 0.000000e+00 1.000000e+00
    outer loop
      vertex   3.787410e+01 -2.614900e+01 -6.000000e+00
      vertex   3.636108e+01 -1.995285e+01 -6.000000e+00
      vertex   3.679919e+01 -2.656162e+01 -6.000000e+00
    endloop
  endfacet
  facet normal 0.000000e+00 0.000000e+00 1.000000e+00
    outer loop
      vertex   3.679919e+01 -2.656162e+01 -6.000000e+00
      vertex   3.636108e+01 -1.995285e+01 -6.000000e+00
      vertex   3.622638e+01 -1.991675e+01 -6.000000e+00
    endloop
  endfacet
  facet normal 0.000000e+00 0.000000e+00 1.000000e+00
    outer loop
      vertex   3.679919e+01 -2.656162e+01 -6.000000e+00
      vertex   3.622638e+01 -1.991675e+01 -6.000000e+00
      vertex   3.568703e+01 -2.685962e+01 -6.000000e+00
    endloop
  endfacet
  facet normal 0.000000e+00 -0.000000e+00 1.000000e+00
    outer loop
      vertex   3.568703e+01 -2.685962e+01 -6.000000e+00
      vertex   3.622638e+01 -1.991675e+01 -6.000000e+00
      vertex   3.454981e+01 -2.703974e+01 -6.000000e+00
    endloop
  endfacet
  facet normal 0.000000e+00 -0.000000e+00 1.000000e+00
    outer loop
      vertex   3.454981e+01 -2.703974e+01 -6.000000e+00
      vertex   3.622638e+01 -1.991675e+01 -6.000000e+00
      vertex   3.340000e+01 -2.710000e+01 -6.000000e+00
    endloop
  endfacet
  facet normal 0.000000e+00 0.000000e+00 1.000000e+00
    outer loop
      vertex   3.340000e+01 -2.710000e+01 -6.000000e+00
      vertex   3.622638e+01 -1.991675e+01 -6.000000e+00
      vertex   3.610000e+01 -1.985782e+01 -6.000000e+00
    endloop
  endfacet
  facet normal 0.000000e+00 0.000000e+00 1.000000e+00
    outer loop
      vertex   3.340000e+01 -2.710000e+01 -6.000000e+00
      vertex   3.610000e+01 -1.985782e+01 -6.000000e+00
      vertex   3.598577e+01 -1.977784e+01 -6.000000e+00
    endloop
  endfacet
  facet normal 0.000000e+00 0.000000e+00 1.000000e+00
    outer loop
      vertex   3.598577e+01 -1.977784e+01 -6.000000e+00
      vertex   3.588716e+01 -1.967923e+01 -6.000000e+00
      vertex   3.340000e+01 -2.710000e+01 -6.000000e+00
    endloop
  endfacet
  facet normal 0.000000e+00 -0.000000e+00 1.000000e+00
    outer loop
      vertex   3.340000e+01 -2.710000e+01 -6.000000e+00
      vertex   3.588716e+01 -1.967923e+01 -6.000000e+00
      vertex   2.224588e+01 -1.608177e+01 -6.000000e+00
    endloop
  endfacet
  facet normal 0.000000e+00 0.000000e+00 1.000000e+00
    outer loop
      vertex   3.340000e+01 -2.710000e+01 -6.000000e+00
      vertex   2.224588e+01 -1.608177e+01 -6.000000e+00
      vertex   2.203750e+01 -1.610000e+01 -6.000000e+00
    endloop
  endfacet
  facet normal 0.000000e+00 0.000000e+00 1.000000e+00
    outer loop
      vertex   3.588716e+01 -1.967923e+01 -6.000000e+00
      vertex   3.580718e+01 -1.956500e+01 -6.000000e+00
      vertex   2.224588e+01 -1.608177e+01 -6.000000e+00
    endloop
  endfacet
  facet normal -0.000000e+00 0.000000e+00 1.000000e+00
    outer loop
      vertex   2.224588e+01 -1.608177e+01 -6.000000e+00
      vertex   3.580718e+01 -1.956500e+01 -6.000000e+00
      vertex   2.244792e+01 -1.602763e+01 -6.000000e+00
    endloop
  endfacet
  facet normal 0.000000e+00 0.000000e+00 1.000000e+00
    outer loop
      vertex   2.244792e+01 -1.602763e+01 -6.000000e+00
      vertex   3.580718e+01 -1.956500e+01 -6.000000e+00
      vertex   3.574825e+01 -1.943862e+01 -6.000000e+00
    endloop
  endfacet
  facet normal 0.000000e+00 0.000000e+00 1.000000e+00
    outer loop
      vertex   2.244792e+01 -1.602763e+01 -6.000000e+00
      vertex   3.574825e+01 -1.943862e+01 -6.000000e+00
      vertex   3.571215e+01 -1.930392e+01 -6.000000e+00
    endloop
  endfacet
  facet normal -0.000000e+00 0.000000e+00 1.000000e+00
    outer loop
      vertex   2.244792e+01 -1.602763e+01 -6.000000e+00
      vertex   3.571215e+01 -1.930392e+01 -6.000000e+00
      vertex   2.263750e+01 -1.593923e+01 -6.000000e+00
    endloop
  endfacet
  facet normal 0.000000e+00 0.000000e+00 1.000000e+00
    outer loop
      vertex   -3.728785e+01 -1.930392e+01 -6.000000e+00
      vertex   -3.730000e+01 -1.916500e+01 -6.000000e+00
      vertex   -4.386162e+01 -1.949919e+01 -6.000000e+00
    endloop
  endfacet
  facet normal 0.000000e+00 0.000000e+00 1.000000e+00
    outer loop
      vertex   -4.386162e+01 -1.949919e+01 -6.000000e+00
      vertex   -3.730000e+01 -1.916500e+01 -6.000000e+00
      vertex   -3.728785e+01 -1.902608e+01 -6.000000e+00
    endloop
  endfacet
  facet normal 0.000000e+00 0.000000e+00 1.000000e+00
    outer loop
      vertex   -4.386162e+01 -1.949919e+01 -6.000000e+00
      vertex   -3.728785e+01 -1.902608e+01 -6.000000e+00
      vertex   -3.725175e+01 -1.889138e+01 -6.000000e+00
    endloop
  endfacet
  facet normal 0.000000e+00 -0.000000e+00 1.000000e+00
    outer loop
      vertex   -4.386162e+01 -1.949919e+01 -6.000000e+00
      vertex   -3.725175e+01 -1.889138e+01 -6.000000e+00
      vertex   -4.415962e+01 -1.838703e+01 -6.000000e+00
    endloop
  endfacet
  facet normal 0.000000e+00 0.000000e+00 1.000000e+00
    outer loop
      vertex   -4.415962e+01 -1.838703e+01 -6.000000e+00
      vertex   -3.725175e+01 -1.889138e+01 -6.000000e+00
      vertex   -3.719282e+01 -1.876500e+01 -6.000000e+00
    endloop
  endfacet
  facet normal 0.000000e+00 0.000000e+00 1.000000e+00
    outer loop
      vertex   -4.415962e+01 -1.838703e+01 -6.000000e+00
      vertex   -3.719282e+01 -1.876500e+01 -6.000000e+00
      vertex   -3.711284e+01 -1.865077e+01 -6.000000e+00
    endloop
  endfacet
  facet normal -0.000000e+00 -0.000000e+00 1.000000e+00
    outer loop
      vertex   -4.415962e+01 -1.838703e+01 -6.000000e+00
      vertex   -3.711284e+01 -1.865077e+01 -6.000000e+00
      vertex   -4.433974e+01 -1.724981e+01 -6.000000e+00
    endloop
  endfacet
  facet normal 0.000000e+00 0.000000e+00 1.000000e+00
    outer loop
      vertex   -4.433974e+01 -1.724981e+01 -6.000000e+00
      vertex   -3.711284e+01 -1.865077e+01 -6.000000e+00
      vertex   -3.701423e+01 -1.855216e+01 -6.000000e+00
    endloop
  endfacet
  facet normal 0.000000e+00 0.000000e+00 1.000000e+00
    outer loop
      vertex   -4.433974e+01 -1.724981e+01 -6.000000e+00
      vertex   -3.701423e+01 -1.855216e+01 -6.000000e+00
      vertex   -3.690000e+01 -1.847218e+01 -6.000000e+00
    endloop
  endfacet
  facet normal -0.000000e+00 -0.000000e+00 1.000000e+00
    outer loop
      vertex   -4.433974e+01 -1.724981e+01 -6.000000e+00
      vertex   -3.690000e+01 -1.847218e+01 -6.000000e+00
      vertex   -4.440000e+01 -1.610000e+01 -6.000000e+00
    endloop
  endfacet
  facet normal 0.000000e+00 0.000000e+00 1.000000e+00
    outer loop
      vertex   -4.440000e+01 -1.610000e+01 -6.000000e+00
      vertex   -3.690000e+01 -1.847218e+01 -6.000000e+00
      vertex   -3.677362e+01 -1.841325e+01 -6.000000e+00
    endloop
  endfacet
  facet normal -0.000000e+00 0.000000e+00 1.000000e+00
    outer loop
      vertex   -4.440000e+01 -1.610000e+01 -6.000000e+00
      vertex   -3.677362e+01 -1.841325e+01 -6.000000e+00
      vertex   -3.338177e+01 -1.510838e+01 -6.000000e+00
    endloop
  endfacet
  facet normal 0.000000e+00 0.000000e+00 1.000000e+00
    outer loop
      vertex   -3.338177e+01 -1.510838e+01 -6.000000e+00
      vertex   -3.677362e+01 -1.841325e+01 -6.000000e+00
      vertex   -3.663892e+01 -1.837715e+01 -6.000000e+00
    endloop
  endfacet
  facet normal 0.000000e+00 0.000000e+00 1.000000e+00
    outer loop
      vertex   -3.338177e+01 -1.510838e+01 -6.000000e+00
      vertex   -3.663892e+01 -1.837715e+01 -6.000000e+00
      vertex   -3.332763e+01 -1.531042e+01 -6.000000e+00
    endloop
  endfacet
  facet normal 0.000000e+00 0.000000e+00 1.000000e+00
    outer loop
      vertex   -3.332763e+01 -1.531042e+01 -6.000000e+00
      vertex   -3.663892e+01 -1.837715e+01 -6.000000e+00
      vertex   -3.650000e+01 -1.836500e+01 -6.000000e+00
    endloop
  endfacet
  facet normal 0.000000e+00 0.000000e+00 1.000000e+00
    outer loop
      vertex   -3.332763e+01 -1.531042e+01 -6.000000e+00
      vertex   -3.650000e+01 -1.836500e+01 -6.000000e+00
      vertex   -3.323923e+01 -1.550000e+01 -6.000000e+00
    endloop
  endfacet
  facet normal 0.000000e+00 0.000000e+00 1.000000e+00
    outer loop
      vertex   -3.323923e+01 -1.550000e+01 -6.000000e+00
      vertex   -3.650000e+01 -1.836500e+01 -6.000000e+00
      vertex   -3.311925e+01 -1.567135e+01 -6.000000e+00
    endloop
  endfacet
  facet normal 0.000000e+00 0.000000e+00 1.000000e+00
    outer loop
      vertex   -3.311925e+01 -1.567135e+01 -6.000000e+00
      vertex   -3.650000e+01 -1.836500e+01 -6.000000e+00
      vertex   -3.636108e+01 -1.837715e+01 -6.000000e+00
    endloop
  endfacet
  facet normal 0.000000e+00 0.000000e+00 1.000000e+00
    outer loop
      vertex   -3.311925e+01 -1.567135e+01 -6.000000e+00
      vertex   -3.636108e+01 -1.837715e+01 -6.000000e+00
      vertex   -3.297135e+01 -1.581925e+01 -6.000000e+00
    endloop
  endfacet
  facet normal 0.000000e+00 0.000000e+00 1.000000e+00
    outer loop
      vertex   -3.297135e+01 -1.581925e+01 -6.000000e+00
      vertex   -3.636108e+01 -1.837715e+01 -6.000000e+00
      vertex   -3.622638e+01 -1.841325e+01 -6.000000e+00
    endloop
  endfacet
  facet normal 0.000000e+00 0.000000e+00 1.000000e+00
    outer loop
      vertex   -3.297135e+01 -1.581925e+01 -6.000000e+00
      vertex   -3.622638e+01 -1.841325e+01 -6.000000e+00
      vertex   -3.280000e+01 -1.593923e+01 -6.000000e+00
    endloop
  endfacet
  facet normal 0.000000e+00 0.000000e+00 1.000000e+00
    outer loop
      vertex   -3.280000e+01 -1.593923e+01 -6.000000e+00
      vertex   -3.622638e+01 -1.841325e+01 -6.000000e+00
      vertex   -3.610000e+01 -1.847218e+01 -6.000000e+00
    endloop
  endfacet
  facet normal 0.000000e+00 0.000000e+00 1.000000e+00
    outer loop
      vertex   -3.280000e+01 -1.593923e+01 -6.000000e+00
      vertex   -3.610000e+01 -1.847218e+01 -6.000000e+00
      vertex   -3.261042e+01 -1.602763e+01 -6.000000e+00
    endloop
  endfacet
  facet normal 0.000000e+00 0.000000e+00 1.000000e+00
    outer loop
      vertex   -3.261042e+01 -1.602763e+01 -6.000000e+00
      vertex   -3.610000e+01 -1.847218e+01 -6.000000e+00
      vertex   -3.598577e+01 -1.855216e+01 -6.000000e+00
    endloop
  endfacet
  facet normal 0.000000e+00 0.000000e+00 1.000000e+00
    outer loop
      vertex   -3.261042e+01 -1.602763e+01 -6.000000e+00
      vertex   -3.598577e+01 -1.855216e+01 -6.000000e+00
      vertex   -3.240838e+01 -1.608177e+01 -6.000000e+00
    endloop
  endfacet
  facet normal 0.000000e+00 0.000000e+00 1.000000e+00
    outer loop
      vertex   -3.240838e+01 -1.608177e+01 -6.000000e+00
      vertex   -3.598577e+01 -1.855216e+01 -6.000000e+00
      vertex   -3.588716e+01 -1.865077e+01 -6.000000e+00
    endloop
  endfacet
  facet normal 0.000000e+00 0.000000e+00 1.000000e+00
    outer loop
      vertex   -3.240838e+01 -1.608177e+01 -6.000000e+00
      vertex   -3.588716e+01 -1.865077e+01 -6.000000e+00
      vertex   -3.580718e+01 -1.876500e+01 -6.000000e+00
    endloop
  endfacet
  facet normal 0.000000e+00 0.000000e+00 1.000000e+00
    outer loop
      vertex   -3.240838e+01 -1.608177e+01 -6.000000e+00
      vertex   -3.580718e+01 -1.876500e+01 -6.000000e+00
      vertex   -3.220000e+01 -1.610000e+01 -6.000000e+00
    endloop
  endfacet
  facet normal 0.000000e+00 0.000000e+00 1.000000e+00
    outer loop
      vertex   -3.220000e+01 -1.610000e+01 -6.000000e+00
      vertex   -3.580718e+01 -1.876500e+01 -6.000000e+00
      vertex   -3.574825e+01 -1.889138e+01 -6.000000e+00
    endloop
  endfacet
  facet normal 0.000000e+00 0.000000e+00 1.000000e+00
    outer loop
      vertex   -3.220000e+01 -1.610000e+01 -6.000000e+00
      vertex   -3.574825e+01 -1.889138e+01 -6.000000e+00
      vertex   -3.571215e+01 -1.902608e+01 -6.000000e+00
    endloop
  endfacet
  facet normal -0.000000e+00 0.000000e+00 1.000000e+00
    outer loop
      vertex   -3.571215e+01 -1.902608e+01 -6.000000e+00
      vertex   -3.570000e+01 -1.916500e+01 -6.000000e+00
      vertex   -3.220000e+01 -1.610000e+01 -6.000000e+00
    endloop
  endfacet
  facet normal 0.000000e+00 0.000000e+00 1.000000e+00
    outer loop
      vertex   -3.220000e+01 -1.610000e+01 -6.000000e+00
      vertex   -3.570000e+01 -1.916500e+01 -6.000000e+00
      vertex   -3.571215e+01 -1.930392e+01 -6.000000e+00
    endloop
  endfacet
  facet normal 0.000000e+00 0.000000e+00 1.000000e+00
    outer loop
      vertex   -3.220000e+01 -1.610000e+01 -6.000000e+00
      vertex   -3.571215e+01 -1.930392e+01 -6.000000e+00
      vertex   -3.574825e+01 -1.943862e+01 -6.000000e+00
    endloop
  endfacet
  facet normal -0.000000e+00 0.000000e+00 1.000000e+00
    outer loop
      vertex   -3.574825e+01 -1.943862e+01 -6.000000e+00
      vertex   -3.580718e+01 -1.956500e+01 -6.000000e+00
      vertex   -3.220000e+01 -1.610000e+01 -6.000000e+00
    endloop
  endfacet
  facet normal 0.000000e+00 0.000000e+00 1.000000e+00
    outer loop
      vertex   -3.220000e+01 -1.610000e+01 -6.000000e+00
      vertex   -3.580718e+01 -1.956500e+01 -6.000000e+00
      vertex   -3.340000e+01 -2.710000e+01 -6.000000e+00
    endloop
  endfacet
  facet normal -0.000000e+00 0.000000e+00 1.000000e+00
    outer loop
      vertex   -3.220000e+01 -1.610000e+01 -6.000000e+00
      vertex   -3.340000e+01 -2.710000e+01 -6.000000e+00
      vertex   2.203750e+01 -1.610000e+01 -6.000000e+00
    endloop
  endfacet
  facet normal 0.000000e+00 0.000000e+00 1.000000e+00
    outer loop
      vertex   2.203750e+01 -1.610000e+01 -6.000000e+00
      vertex   -3.340000e+01 -2.710000e+01 -6.000000e+00
      vertex   3.340000e+01 -2.710000e+01 -6.000000e+00
    endloop
  endfacet
  facet normal 0.000000e+00 0.000000e+00 1.000000e+00
    outer loop
      vertex   -3.580718e+01 -1.956500e+01 -6.000000e+00
      vertex   -3.588716e+01 -1.967923e+01 -6.000000e+00
      vertex   -3.340000e+01 -2.710000e+01 -6.000000e+00
    endloop
  endfacet
  facet normal 0.000000e+00 0.000000e+00 1.000000e+00
    outer loop
      vertex   -3.340000e+01 -2.710000e+01 -6.000000e+00
      vertex   -3.588716e+01 -1.967923e+01 -6.000000e+00
      vertex   -3.598577e+01 -1.977784e+01 -6.000000e+00
    endloop
  endfacet
  facet normal 0.000000e+00 0.000000e+00 1.000000e+00
    outer loop
      vertex   -3.340000e+01 -2.710000e+01 -6.000000e+00
      vertex   -3.598577e+01 -1.977784e+01 -6.000000e+00
      vertex   -3.610000e+01 -1.985782e+01 -6.000000e+00
    endloop
  endfacet
  facet normal 0.000000e+00 0.000000e+00 1.000000e+00
    outer loop
      vertex   -3.610000e+01 -1.985782e+01 -6.000000e+00
      vertex   -3.622638e+01 -1.991675e+01 -6.000000e+00
      vertex   -3.340000e+01 -2.710000e+01 -6.000000e+00
    endloop
  endfacet
  facet normal 0.000000e+00 0.000000e+00 1.000000e+00
    outer loop
      vertex   -3.340000e+01 -2.710000e+01 -6.000000e+00
      vertex   -3.622638e+01 -1.991675e+01 -6.000000e+00
      vertex   -3.454981e+01 -2.703974e+01 -6.000000e+00
    endloop
  endfacet
  facet normal 0.000000e+00 0.000000e+00 1.000000e+00
    outer loop
      vertex   -3.454981e+01 -2.703974e+01 -6.000000e+00
      vertex   -3.622638e+01 -1.991675e+01 -6.000000e+00
      vertex   -3.568703e+01 -2.685962e+01 -6.000000e+00
    endloop
  endfacet
  facet normal 0.000000e+00 0.000000e+00 1.000000e+00
    outer loop
      vertex   -3.568703e+01 -2.685962e+01 -6.000000e+00
      vertex   -3.622638e+01 -1.991675e+01 -6.000000e+00
      vertex   -3.679919e+01 -2.656162e+01 -6.000000e+00
    endloop
  endfacet
  facet normal 0.000000e+00 0.000000e+00 1.000000e+00
    outer loop
      vertex   -3.679919e+01 -2.656162e+01 -6.000000e+00
      vertex   -3.622638e+01 -1.991675e+01 -6.000000e+00
      vertex   -3.636108e+01 -1.995285e+01 -6.000000e+00
    endloop
  endfacet
  facet normal 0.000000e+00 -0.000000e+00 1.000000e+00
    outer loop
      vertex   -3.679919e+01 -2.656162e+01 -6.000000e+00
      vertex   -3.636108e+01 -1.995285e+01 -6.000000e+00
      vertex   -3.787410e+01 -2.614900e+01 -6.000000e+00
    endloop
  endfacet
  facet normal 0.000000e+00 -0.000000e+00 1.000000e+00
    outer loop
      vertex   -3.787410e+01 -2.614900e+01 -6.000000e+00
      vertex   -3.636108e+01 -1.995285e+01 -6.000000e+00
      vertex   -3.890000e+01 -2.562628e+01 -6.000000e+00
    endloop
  endfacet
  facet normal 0.000000e+00 -0.000000e+00 1.000000e+00
    outer loop
      vertex   -3.890000e+01 -2.562628e+01 -6.000000e+00
      vertex   -3.636108e+01 -1.995285e+01 -6.000000e+00
      vertex   -3.986564e+01 -2.499919e+01 -6.000000e+00
    endloop
  endfacet
  facet normal 0.000000e+00 0.000000e+00 1.000000e+00
    outer loop
      vertex   -3.986564e+01 -2.499919e+01 -6.000000e+00
      vertex   -3.636108e+01 -1.995285e+01 -6.000000e+00
      vertex   -3.650000e+01 -1.996500e+01 -6.000000e+00
    endloop
  endfacet
  facet normal 0.000000e+00 -0.000000e+00 1.000000e+00
    outer loop
      vertex   -3.986564e+01 -2.499919e+01 -6.000000e+00
      vertex   -3.650000e+01 -1.996500e+01 -6.000000e+00
      vertex   -4.076044e+01 -2.427459e+01 -6.000000e+00
    endloop
  endfacet
  facet normal 0.000000e+00 0.000000e+00 1.000000e+00
    outer loop
      vertex   -4.076044e+01 -2.427459e+01 -6.000000e+00
      vertex   -3.650000e+01 -1.996500e+01 -6.000000e+00
      vertex   -3.663892e+01 -1.995285e+01 -6.000000e+00
    endloop
  endfacet
  facet normal 0.000000e+00 -0.000000e+00 1.000000e+00
    outer loop
      vertex   -4.076044e+01 -2.427459e+01 -6.000000e+00
      vertex   -3.663892e+01 -1.995285e+01 -6.000000e+00
      vertex   -4.157459e+01 -2.346044e+01 -6.000000e+00
    endloop
  endfacet
  facet normal 0.000000e+00 0.000000e+00 1.000000e+00
    outer loop
      vertex   -4.157459e+01 -2.346044e+01 -6.000000e+00
      vertex   -3.663892e+01 -1.995285e+01 -6.000000e+00
      vertex   -3.677362e+01 -1.991675e+01 -6.000000e+00
    endloop
  endfacet
  facet normal 0.000000e+00 -0.000000e+00 1.000000e+00
    outer loop
      vertex   -4.157459e+01 -2.346044e+01 -6.000000e+00
      vertex   -3.677362e+01 -1.991675e+01 -6.000000e+00
      vertex   -4.229919e+01 -2.256564e+01 -6.000000e+00
    endloop
  endfacet
  facet normal 0.000000e+00 0.000000e+00 1.000000e+00
    outer loop
      vertex   -4.229919e+01 -2.256564e+01 -6.000000e+00
      vertex   -3.677362e+01 -1.991675e+01 -6.000000e+00
      vertex   -3.690000e+01 -1.985782e+01 -6.000000e+00
    endloop
  endfacet
  facet normal 0.000000e+00 -0.000000e+00 1.000000e+00
    outer loop
      vertex   -4.229919e+01 -2.256564e+01 -6.000000e+00
      vertex   -3.690000e+01 -1.985782e+01 -6.000000e+00
      vertex   -4.292628e+01 -2.160000e+01 -6.000000e+00
    endloop
  endfacet
  facet normal 0.000000e+00 0.000000e+00 1.000000e+00
    outer loop
      vertex   -4.292628e+01 -2.160000e+01 -6.000000e+00
      vertex   -3.690000e+01 -1.985782e+01 -6.000000e+00
      vertex   -3.701423e+01 -1.977784e+01 -6.000000e+00
    endloop
  endfacet
  facet normal 0.000000e+00 0.000000e+00 1.000000e+00
    outer loop
      vertex   -4.292628e+01 -2.160000e+01 -6.000000e+00
      vertex   -3.701423e+01 -1.977784e+01 -6.000000e+00
      vertex   -3.711284e+01 -1.967923e+01 -6.000000e+00
    endloop
  endfacet
  facet normal 0.000000e+00 -0.000000e+00 1.000000e+00
    outer loop
      vertex   -4.292628e+01 -2.160000e+01 -6.000000e+00
      vertex   -3.711284e+01 -1.967923e+01 -6.000000e+00
      vertex   -4.344900e+01 -2.057410e+01 -6.000000e+00
    endloop
  endfacet
  facet normal 0.000000e+00 0.000000e+00 1.000000e+00
    outer loop
      vertex   -4.344900e+01 -2.057410e+01 -6.000000e+00
      vertex   -3.711284e+01 -1.967923e+01 -6.000000e+00
      vertex   -3.719282e+01 -1.956500e+01 -6.000000e+00
    endloop
  endfacet
  facet normal 0.000000e+00 0.000000e+00 1.000000e+00
    outer loop
      vertex   -4.344900e+01 -2.057410e+01 -6.000000e+00
      vertex   -3.719282e+01 -1.956500e+01 -6.000000e+00
      vertex   -3.725175e+01 -1.943862e+01 -6.000000e+00
    endloop
  endfacet
  facet normal 0.000000e+00 0.000000e+00 1.000000e+00
    outer loop
      vertex   -3.725175e+01 -1.943862e+01 -6.000000e+00
      vertex   -3.728785e+01 -1.930392e+01 -6.000000e+00
      vertex   -4.344900e+01 -2.057410e+01 -6.000000e+00
    endloop
  endfacet
  facet normal 0.000000e+00 -0.000000e+00 1.000000e+00
    outer loop
      vertex   -4.344900e+01 -2.057410e+01 -6.000000e+00
      vertex   -3.728785e+01 -1.930392e+01 -6.000000e+00
      vertex   -4.386162e+01 -1.949919e+01 -6.000000e+00
    endloop
  endfacet
  facet normal 0.000000e+00 0.000000e+00 1.000000e+00
    outer loop
      vertex   -3.346818e+01 2.622498e+01 -6.000000e+00
      vertex   -3.355158e+01 2.641004e+01 -6.000000e+00
      vertex   -3.586691e+01 2.681981e+01 -6.000000e+00
    endloop
  endfacet
  facet normal -0.000000e+00 0.000000e+00 1.000000e+00
    outer loop
      vertex   -3.586691e+01 2.681981e+01 -6.000000e+00
      vertex   -3.355158e+01 2.641004e+01 -6.000000e+00
      vertex   -3.474694e+01 2.701722e+01 -6.000000e+00
    endloop
  endfacet
  facet normal 0.000000e+00 0.000000e+00 1.000000e+00
    outer loop
      vertex   -3.474694e+01 2.701722e+01 -6.000000e+00
      vertex   -3.355158e+01 2.641004e+01 -6.000000e+00
      vertex   -3.366497e+01 2.657840e+01 -6.000000e+00
    endloop
  endfacet
  facet normal 0.000000e+00 0.000000e+00 1.000000e+00
    outer loop
      vertex   -3.474694e+01 2.701722e+01 -6.000000e+00
      vertex   -3.366497e+01 2.657840e+01 -6.000000e+00
      vertex   -3.380512e+01 2.672523e+01 -6.000000e+00
    endloop
  endfacet
  facet normal 0.000000e+00 0.000000e+00 1.000000e+00
    outer loop
      vertex   -3.380512e+01 2.672523e+01 -6.000000e+00
      vertex   -3.396801e+01 2.684635e+01 -6.000000e+00
      vertex   -3.474694e+01 2.701722e+01 -6.000000e+00
    endloop
  endfacet
  facet normal 0.000000e+00 0.000000e+00 1.000000e+00
    outer loop
      vertex   -3.474694e+01 2.701722e+01 -6.000000e+00
      vertex   -3.396801e+01 2.684635e+01 -6.000000e+00
      vertex   -3.414899e+01 2.693827e+01 -6.000000e+00
    endloop
  endfacet
  facet normal 0.000000e+00 0.000000e+00 1.000000e+00
    outer loop
      vertex   -3.474694e+01 2.701722e+01 -6.000000e+00
      vertex   -3.414899e+01 2.693827e+01 -6.000000e+00
      vertex   -3.434287e+01 2.699838e+01 -6.000000e+00
    endloop
  endfacet
  facet normal 0.000000e+00 0.000000e+00 1.000000e+00
    outer loop
      vertex   -3.434287e+01 2.699838e+01 -6.000000e+00
      vertex   -3.454410e+01 2.702495e+01 -6.000000e+00
      vertex   -3.474694e+01 2.701722e+01 -6.000000e+00
    endloop
  endfacet
  facet normal 0.000000e+00 0.000000e+00 1.000000e+00
    outer loop
      vertex   3.787410e+01 2.614900e+01 -6.000000e+00
      vertex   3.679919e+01 2.656162e+01 -6.000000e+00
      vertex   3.636108e+01 1.995285e+01 -6.000000e+00
    endloop
  endfacet
  facet normal 0.000000e+00 0.000000e+00 1.000000e+00
    outer loop
      vertex   3.454981e+01 2.703974e+01 -6.000000e+00
      vertex   3.340000e+01 2.710000e+01 -6.000000e+00
      vertex   3.622638e+01 1.991675e+01 -6.000000e+00
    endloop
  endfacet
  facet normal 0.000000e+00 0.000000e+00 1.000000e+00
    outer loop
      vertex   3.340000e+01 2.710000e+01 -6.000000e+00
      vertex   2.443750e+01 2.710000e+01 -6.000000e+00
      vertex   2.323750e+01 2.590000e+01 -6.000000e+00
    endloop
  endfacet
  facet normal 0.000000e+00 0.000000e+00 1.000000e+00
    outer loop
      vertex   2.323750e+01 2.590000e+01 -6.000000e+00
      vertex   2.443750e+01 2.710000e+01 -6.000000e+00
      vertex   2.325573e+01 2.610838e+01 -6.000000e+00
    endloop
  endfacet
  facet normal 0.000000e+00 0.000000e+00 1.000000e+00
    outer loop
      vertex   2.325573e+01 2.610838e+01 -6.000000e+00
      vertex   2.443750e+01 2.710000e+01 -6.000000e+00
      vertex   2.330987e+01 2.631042e+01 -6.000000e+00
    endloop
  endfacet
  facet normal 0.000000e+00 0.000000e+00 1.000000e+00
    outer loop
      vertex   2.330987e+01 2.631042e+01 -6.000000e+00
      vertex   2.443750e+01 2.710000e+01 -6.000000e+00
      vertex   2.339827e+01 2.650000e+01 -6.000000e+00
    endloop
  endfacet
  facet normal 0.000000e+00 0.000000e+00 1.000000e+00
    outer loop
      vertex   2.339827e+01 2.650000e+01 -6.000000e+00
      vertex   2.443750e+01 2.710000e+01 -6.000000e+00
      vertex   2.351825e+01 2.667135e+01 -6.000000e+00
    endloop
  endfacet
  facet normal 0.000000e+00 0.000000e+00 1.000000e+00
    outer loop
      vertex   2.351825e+01 2.667135e+01 -6.000000e+00
      vertex   2.443750e+01 2.710000e+01 -6.000000e+00
      vertex   2.366615e+01 2.681925e+01 -6.000000e+00
    endloop
  endfacet
  facet normal 0.000000e+00 0.000000e+00 1.000000e+00
    outer loop
      vertex   2.366615e+01 2.681925e+01 -6.000000e+00
      vertex   2.443750e+01 2.710000e+01 -6.000000e+00
      vertex   2.383750e+01 2.693923e+01 -6.000000e+00
    endloop
  endfacet
  facet normal 0.000000e+00 0.000000e+00 1.000000e+00
    outer loop
      vertex   2.383750e+01 2.693923e+01 -6.000000e+00
      vertex   2.443750e+01 2.710000e+01 -6.000000e+00
      vertex   2.402708e+01 2.702763e+01 -6.000000e+00
    endloop
  endfacet
  facet normal 0.000000e+00 0.000000e+00 1.000000e+00
    outer loop
      vertex   2.402708e+01 2.702763e+01 -6.000000e+00
      vertex   2.443750e+01 2.710000e+01 -6.000000e+00
      vertex   2.422912e+01 2.708177e+01 -6.000000e+00
    endloop
  endfacet
  facet normal 0.000000e+00 0.000000e+00 1.000000e+00
    outer loop
      vertex   -3.338177e+01 -1.510838e+01 -6.000000e+00
      vertex   -3.340000e+01 -1.490000e+01 -6.000000e+00
      vertex   -4.440000e+01 -1.610000e+01 -6.000000e+00
    endloop
  endfacet
  facet normal -9.961947e-01 8.715574e-02 0.000000e+00
    outer loop
      vertex   2.323750e+01 2.590000e+01 -1.080000e+01
      vertex   2.323750e+01 2.590000e+01 -6.000000e+00
      vertex   2.325573e+01 2.610838e+01 -1.080000e+01
    endloop
  endfacet
  facet normal -9.961947e-01 8.715574e-02 0.000000e+00
    outer loop
      vertex   2.325573e+01 2.610838e+01 -1.080000e+01
      vertex   2.323750e+01 2.590000e+01 -6.000000e+00
      vertex   2.325573e+01 2.610838e+01 -6.000000e+00
    endloop
  endfacet
  facet normal -9.659258e-01 2.588190e-01 0.000000e+00
    outer loop
      vertex   2.325573e+01 2.610838e+01 -1.080000e+01
      vertex   2.325573e+01 2.610838e+01 -6.000000e+00
      vertex   2.330987e+01 2.631042e+01 -1.080000e+01
    endloop
  endfacet
  facet normal -9.659258e-01 2.588190e-01 0.000000e+00
    outer loop
      vertex   2.330987e+01 2.631042e+01 -1.080000e+01
      vertex   2.325573e+01 2.610838e+01 -6.000000e+00
      vertex   2.330987e+01 2.631042e+01 -6.000000e+00
    endloop
  endfacet
  facet normal -9.063078e-01 4.226183e-01 0.000000e+00
    outer loop
      vertex   2.330987e+01 2.631042e+01 -1.080000e+01
      vertex   2.330987e+01 2.631042e+01 -6.000000e+00
      vertex   2.339827e+01 2.650000e+01 -1.080000e+01
    endloop
  endfacet
  facet normal -9.063078e-01 4.226183e-01 0.000000e+00
    outer loop
      vertex   2.339827e+01 2.650000e+01 -1.080000e+01
      vertex   2.330987e+01 2.631042e+01 -6.000000e+00
      vertex   2.339827e+01 2.650000e+01 -6.000000e+00
    endloop
  endfacet
  facet normal -8.191520e-01 5.735764e-01 0.000000e+00
    outer loop
      vertex   2.339827e+01 2.650000e+01 -1.080000e+01
      vertex   2.339827e+01 2.650000e+01 -6.000000e+00
      vertex   2.351825e+01 2.667135e+01 -1.080000e+01
    endloop
  endfacet
  facet normal -8.191520e-01 5.735764e-01 0.000000e+00
    outer loop
      vertex   2.351825e+01 2.667135e+01 -1.080000e+01
      vertex   2.339827e+01 2.650000e+01 -6.000000e+00
      vertex   2.351825e+01 2.667135e+01 -6.000000e+00
    endloop
  endfacet
  facet normal -7.071068e-01 7.071068e-01 0.000000e+00
    outer loop
      vertex   2.351825e+01 2.667135e+01 -1.080000e+01
      vertex   2.351825e+01 2.667135e+01 -6.000000e+00
      vertex   2.366615e+01 2.681925e+01 -1.080000e+01
    endloop
  endfacet
  facet normal -7.071068e-01 7.071068e-01 0.000000e+00
    outer loop
      vertex   2.366615e+01 2.681925e+01 -1.080000e+01
      vertex   2.351825e+01 2.667135e+01 -6.000000e+00
      vertex   2.366615e+01 2.681925e+01 -6.000000e+00
    endloop
  endfacet
  facet normal -5.735764e-01 8.191520e-01 0.000000e+00
    outer loop
      vertex   2.366615e+01 2.681925e+01 -1.080000e+01
      vertex   2.366615e+01 2.681925e+01 -6.000000e+00
      vertex   2.383750e+01 2.693923e+01 -1.080000e+01
    endloop
  endfacet
  facet normal -5.735764e-01 8.191520e-01 0.000000e+00
    outer loop
      vertex   2.383750e+01 2.693923e+01 -1.080000e+01
      vertex   2.366615e+01 2.681925e+01 -6.000000e+00
      vertex   2.383750e+01 2.693923e+01 -6.000000e+00
    endloop
  endfacet
  facet normal -4.226183e-01 9.063078e-01 0.000000e+00
    outer loop
      vertex   2.383750e+01 2.693923e+01 -1.080000e+01
      vertex   2.383750e+01 2.693923e+01 -6.000000e+00
      vertex   2.402708e+01 2.702763e+01 -1.080000e+01
    endloop
  endfacet
  facet normal -4.226183e-01 9.063078e-01 0.000000e+00
    outer loop
      vertex   2.402708e+01 2.702763e+01 -1.080000e+01
      vertex   2.383750e+01 2.693923e+01 -6.000000e+00
      vertex   2.402708e+01 2.702763e+01 -6.000000e+00
    endloop
  endfacet
  facet normal -2.588190e-01 9.659258e-01 0.000000e+00
    outer loop
      vertex   2.402708e+01 2.702763e+01 -1.080000e+01
      vertex   2.402708e+01 2.702763e+01 -6.000000e+00
      vertex   2.422912e+01 2.708177e+01 -1.080000e+01
    endloop
  endfacet
  facet normal -2.588190e-01 9.659258e-01 0.000000e+00
    outer loop
      vertex   2.422912e+01 2.708177e+01 -1.080000e+01
      vertex   2.402708e+01 2.702763e+01 -6.000000e+00
      vertex   2.422912e+01 2.708177e+01 -6.000000e+00
    endloop
  endfacet
  facet normal -8.715574e-02 9.961947e-01 0.000000e+00
    outer loop
      vertex   2.422912e+01 2.708177e+01 -1.080000e+01
      vertex   2.422912e+01 2.708177e+01 -6.000000e+00
      vertex   2.443750e+01 2.710000e+01 -1.080000e+01
    endloop
  endfacet
  facet normal -8.715574e-02 9.961947e-01 0.000000e+00
    outer loop
      vertex   2.443750e+01 2.710000e+01 -1.080000e+01
      vertex   2.422912e+01 2.708177e+01 -6.000000e+00
      vertex   2.443750e+01 2.710000e+01 -6.000000e+00
    endloop
  endfacet
  facet normal -1.000000e+00 0.000000e+00 0.000000e+00
    outer loop
      vertex   2.323750e+01 2.590000e+01 -1.080000e+01
      vertex   2.323750e+01 -1.490000e+01 -1.080000e+01
      vertex   2.323750e+01 2.590000e+01 -6.000000e+00
    endloop
  endfacet
  facet normal -1.000000e+00 -0.000000e+00 0.000000e+00
    outer loop
      vertex   2.323750e+01 2.590000e+01 -6.000000e+00
      vertex   2.323750e+01 -1.490000e+01 -1.080000e+01
      vertex   2.323750e+01 -1.490000e+01 -6.000000e+00
    endloop
  endfacet
  facet normal -9.961947e-01 8.715574e-02 0.000000e+00
    outer loop
      vertex   2.323750e+01 -1.490000e+01 -6.000000e+00
      vertex   2.323750e+01 -1.490000e+01 -1.080000e+01
      vertex   2.321927e+01 -1.510838e+01 -6.000000e+00
    endloop
  endfacet
  facet normal -9.961947e-01 8.715574e-02 0.000000e+00
    outer loop
      vertex   2.321927e+01 -1.510838e+01 -6.000000e+00
      vertex   2.323750e+01 -1.490000e+01 -1.080000e+01
      vertex   2.321927e+01 -1.510838e+01 -1.080000e+01
    endloop
  endfacet
  facet normal -9.659258e-01 2.588190e-01 0.000000e+00
    outer loop
      vertex   2.321927e+01 -1.510838e+01 -6.000000e+00
      vertex   2.321927e+01 -1.510838e+01 -1.080000e+01
      vertex   2.316513e+01 -1.531042e+01 -6.000000e+00
    endloop
  endfacet
  facet normal -9.659258e-01 2.588190e-01 0.000000e+00
    outer loop
      vertex   2.316513e+01 -1.531042e+01 -6.000000e+00
      vertex   2.321927e+01 -1.510838e+01 -1.080000e+01
      vertex   2.316513e+01 -1.531042e+01 -1.080000e+01
    endloop
  endfacet
  facet normal -9.063078e-01 4.226183e-01 0.000000e+00
    outer loop
      vertex   2.316513e+01 -1.531042e+01 -6.000000e+00
      vertex   2.316513e+01 -1.531042e+01 -1.080000e+01
      vertex   2.307673e+01 -1.550000e+01 -6.000000e+00
    endloop
  endfacet
  facet normal -9.063078e-01 4.226183e-01 0.000000e+00
    outer loop
      vertex   2.307673e+01 -1.550000e+01 -6.000000e+00
      vertex   2.316513e+01 -1.531042e+01 -1.080000e+01
      vertex   2.307673e+01 -1.550000e+01 -1.080000e+01
    endloop
  endfacet
  facet normal -8.191520e-01 5.735764e-01 0.000000e+00
    outer loop
      vertex   2.307673e+01 -1.550000e+01 -6.000000e+00
      vertex   2.307673e+01 -1.550000e+01 -1.080000e+01
      vertex   2.295675e+01 -1.567135e+01 -6.000000e+00
    endloop
  endfacet
  facet normal -8.191520e-01 5.735764e-01 0.000000e+00
    outer loop
      vertex   2.295675e+01 -1.567135e+01 -6.000000e+00
      vertex   2.307673e+01 -1.550000e+01 -1.080000e+01
      vertex   2.295675e+01 -1.567135e+01 -1.080000e+01
    endloop
  endfacet
  facet normal -7.071068e-01 7.071068e-01 0.000000e+00
    outer loop
      vertex   2.295675e+01 -1.567135e+01 -6.000000e+00
      vertex   2.295675e+01 -1.567135e+01 -1.080000e+01
      vertex   2.280885e+01 -1.581925e+01 -6.000000e+00
    endloop
  endfacet
  facet normal -7.071068e-01 7.071068e-01 0.000000e+00
    outer loop
      vertex   2.280885e+01 -1.581925e+01 -6.000000e+00
      vertex   2.295675e+01 -1.567135e+01 -1.080000e+01
      vertex   2.280885e+01 -1.581925e+01 -1.080000e+01
    endloop
  endfacet
  facet normal -5.735764e-01 8.191520e-01 0.000000e+00
    outer loop
      vertex   2.280885e+01 -1.581925e+01 -6.000000e+00
      vertex   2.280885e+01 -1.581925e+01 -1.080000e+01
      vertex   2.263750e+01 -1.593923e+01 -6.000000e+00
    endloop
  endfacet
  facet normal -5.735764e-01 8.191520e-01 0.000000e+00
    outer loop
      vertex   2.263750e+01 -1.593923e+01 -6.000000e+00
      vertex   2.280885e+01 -1.581925e+01 -1.080000e+01
      vertex   2.263750e+01 -1.593923e+01 -1.080000e+01
    endloop
  endfacet
  facet normal -4.226183e-01 9.063078e-01 0.000000e+00
    outer loop
      vertex   2.263750e+01 -1.593923e+01 -6.000000e+00
      vertex   2.263750e+01 -1.593923e+01 -1.080000e+01
      vertex   2.244792e+01 -1.602763e+01 -6.000000e+00
    endloop
  endfacet
  facet normal -4.226183e-01 9.063078e-01 0.000000e+00
    outer loop
      vertex   2.244792e+01 -1.602763e+01 -6.000000e+00
      vertex   2.263750e+01 -1.593923e+01 -1.080000e+01
      vertex   2.244792e+01 -1.602763e+01 -1.080000e+01
    endloop
  endfacet
  facet normal -2.588190e-01 9.659258e-01 0.000000e+00
    outer loop
      vertex   2.244792e+01 -1.602763e+01 -6.000000e+00
      vertex   2.244792e+01 -1.602763e+01 -1.080000e+01
      vertex   2.224588e+01 -1.608177e+01 -6.000000e+00
    endloop
  endfacet
  facet normal -2.588190e-01 9.659258e-01 0.000000e+00
    outer loop
      vertex   2.224588e+01 -1.608177e+01 -6.000000e+00
      vertex   2.244792e+01 -1.602763e+01 -1.080000e+01
      vertex   2.224588e+01 -1.608177e+01 -1.080000e+01
    endloop
  endfacet
  facet normal -8.715574e-02 9.961947e-01 0.000000e+00
    outer loop
      vertex   2.224588e+01 -1.608177e+01 -6.000000e+00
      vertex   2.224588e+01 -1.608177e+01 -1.080000e+01
      vertex   2.203750e+01 -1.610000e+01 -6.000000e+00
    endloop
  endfacet
  facet normal -8.715574e-02 9.961947e-01 0.000000e+00
    outer loop
      vertex   2.203750e+01 -1.610000e+01 -6.000000e+00
      vertex   2.224588e+01 -1.608177e+01 -1.080000e+01
      vertex   2.203750e+01 -1.610000e+01 -1.080000e+01
    endloop
  endfacet
  facet normal 0.000000e+00 -0.000000e+00 1.000000e+00
    outer loop
      vertex   3.571215e+01 1.902608e+01 -1.280000e+01
      vertex   3.728785e+01 1.902608e+01 -1.280000e+01
      vertex   3.570000e+01 1.916500e+01 -1.280000e+01
    endloop
  endfacet
  facet normal -0.000000e+00 0.000000e+00 1.000000e+00
    outer loop
      vertex   3.570000e+01 1.916500e+01 -1.280000e+01
      vertex   3.728785e+01 1.902608e+01 -1.280000e+01
      vertex   3.730000e+01 1.916500e+01 -1.280000e+01
    endloop
  endfacet
  facet normal 0.000000e+00 0.000000e+00 1.000000e+00
    outer loop
      vertex   3.570000e+01 1.916500e+01 -1.280000e+01
      vertex   3.730000e+01 1.916500e+01 -1.280000e+01
      vertex   3.571215e+01 1.930392e+01 -1.280000e+01
    endloop
  endfacet
  facet normal -0.000000e+00 0.000000e+00 1.000000e+00
    outer loop
      vertex   3.571215e+01 1.930392e+01 -1.280000e+01
      vertex   3.730000e+01 1.916500e+01 -1.280000e+01
      vertex   3.728785e+01 1.930392e+01 -1.280000e+01
    endloop
  endfacet
  facet normal 0.000000e+00 0.000000e+00 1.000000e+00
    outer loop
      vertex   3.571215e+01 1.930392e+01 -1.280000e+01
      vertex   3.728785e+01 1.930392e+01 -1.280000e+01
      vertex   3.574825e+01 1.943862e+01 -1.280000e+01
    endloop
  endfacet
  facet normal -0.000000e+00 0.000000e+00 1.000000e+00
    outer loop
      vertex   3.574825e+01 1.943862e+01 -1.280000e+01
      vertex   3.728785e+01 1.930392e+01 -1.280000e+01
      vertex   3.725175e+01 1.943862e+01 -1.280000e+01
    endloop
  endfacet
  facet normal 0.000000e+00 0.000000e+00 1.000000e+00
    outer loop
      vertex   3.574825e+01 1.943862e+01 -1.280000e+01
      vertex   3.725175e+01 1.943862e+01 -1.280000e+01
      vertex   3.580718e+01 1.956500e+01 -1.280000e+01
    endloop
  endfacet
  facet normal -0.000000e+00 0.000000e+00 1.000000e+00
    outer loop
      vertex   3.580718e+01 1.956500e+01 -1.280000e+01
      vertex   3.725175e+01 1.943862e+01 -1.280000e+01
      vertex   3.719282e+01 1.956500e+01 -1.280000e+01
    endloop
  endfacet
  facet normal 0.000000e+00 0.000000e+00 1.000000e+00
    outer loop
      vertex   3.580718e+01 1.956500e+01 -1.280000e+01
      vertex   3.719282e+01 1.956500e+01 -1.280000e+01
      vertex   3.588716e+01 1.967923e+01 -1.280000e+01
    endloop
  endfacet
  facet normal -0.000000e+00 0.000000e+00 1.000000e+00
    outer loop
      vertex   3.588716e+01 1.967923e+01 -1.280000e+01
      vertex   3.719282e+01 1.956500e+01 -1.280000e+01
      vertex   3.711284e+01 1.967923e+01 -1.280000e+01
    endloop
  endfacet
  facet normal 0.000000e+00 0.000000e+00 1.000000e+00
    outer loop
      vertex   3.588716e+01 1.967923e+01 -1.280000e+01
      vertex   3.711284e+01 1.967923e+01 -1.280000e+01
      vertex   3.598577e+01 1.977784e+01 -1.280000e+01
    endloop
  endfacet
  facet normal -0.000000e+00 0.000000e+00 1.000000e+00
    outer loop
      vertex   3.598577e+01 1.977784e+01 -1.280000e+01
      vertex   3.711284e+01 1.967923e+01 -1.280000e+01
      vertex   3.701423e+01 1.977784e+01 -1.280000e+01
    endloop
  endfacet
  facet normal 0.000000e+00 0.000000e+00 1.000000e+00
    outer loop
      vertex   3.598577e+01 1.977784e+01 -1.280000e+01
      vertex   3.701423e+01 1.977784e+01 -1.280000e+01
      vertex   3.610000e+01 1.985782e+01 -1.280000e+01
    endloop
  endfacet
  facet normal -0.000000e+00 0.000000e+00 1.000000e+00
    outer loop
      vertex   3.610000e+01 1.985782e+01 -1.280000e+01
      vertex   3.701423e+01 1.977784e+01 -1.280000e+01
      vertex   3.690000e+01 1.985782e+01 -1.280000e+01
    endloop
  endfacet
  facet normal 0.000000e+00 0.000000e+00 1.000000e+00
    outer loop
      vertex   3.610000e+01 1.985782e+01 -1.280000e+01
      vertex   3.690000e+01 1.985782e+01 -1.280000e+01
      vertex   3.622638e+01 1.991675e+01 -1.280000e+01
    endloop
  endfacet
  facet normal -0.000000e+00 0.000000e+00 1.000000e+00
    outer loop
      vertex   3.622638e+01 1.991675e+01 -1.280000e+01
      vertex   3.690000e+01 1.985782e+01 -1.280000e+01
      vertex   3.677362e+01 1.991675e+01 -1.280000e+01
    endloop
  endfacet
  facet normal 0.000000e+00 0.000000e+00 1.000000e+00
    outer loop
      vertex   3.622638e+01 1.991675e+01 -1.280000e+01
      vertex   3.677362e+01 1.991675e+01 -1.280000e+01
      vertex   3.636108e+01 1.995285e+01 -1.280000e+01
    endloop
  endfacet
  facet normal -0.000000e+00 0.000000e+00 1.000000e+00
    outer loop
      vertex   3.636108e+01 1.995285e+01 -1.280000e+01
      vertex   3.677362e+01 1.991675e+01 -1.280000e+01
      vertex   3.663892e+01 1.995285e+01 -1.280000e+01
    endloop
  endfacet
  facet normal 0.000000e+00 0.000000e+00 1.000000e+00
    outer loop
      vertex   3.636108e+01 1.995285e+01 -1.280000e+01
      vertex   3.663892e+01 1.995285e+01 -1.280000e+01
      vertex   3.650000e+01 1.996500e+01 -1.280000e+01
    endloop
  endfacet
  facet normal 0.000000e+00 0.000000e+00 1.000000e+00
    outer loop
      vertex   3.728785e+01 1.902608e+01 -1.280000e+01
      vertex   3.571215e+01 1.902608e+01 -1.280000e+01
      vertex   3.725175e+01 1.889138e+01 -1.280000e+01
    endloop
  endfacet
  facet normal 0.000000e+00 0.000000e+00 1.000000e+00
    outer loop
      vertex   3.725175e+01 1.889138e+01 -1.280000e+01
      vertex   3.571215e+01 1.902608e+01 -1.280000e+01
      vertex   3.574825e+01 1.889138e+01 -1.280000e+01
    endloop
  endfacet
  facet normal 0.000000e+00 0.000000e+00 1.000000e+00
    outer loop
      vertex   3.725175e+01 1.889138e+01 -1.280000e+01
      vertex   3.574825e+01 1.889138e+01 -1.280000e+01
      vertex   3.719282e+01 1.876500e+01 -1.280000e+01
    endloop
  endfacet
  facet normal 0.000000e+00 0.000000e+00 1.000000e+00
    outer loop
      vertex   3.719282e+01 1.876500e+01 -1.280000e+01
      vertex   3.574825e+01 1.889138e+01 -1.280000e+01
      vertex   3.580718e+01 1.876500e+01 -1.280000e+01
    endloop
  endfacet
  facet normal 0.000000e+00 0.000000e+00 1.000000e+00
    outer loop
      vertex   3.719282e+01 1.876500e+01 -1.280000e+01
      vertex   3.580718e+01 1.876500e+01 -1.280000e+01
      vertex   3.711284e+01 1.865077e+01 -1.280000e+01
    endloop
  endfacet
  facet normal 0.000000e+00 0.000000e+00 1.000000e+00
    outer loop
      vertex   3.711284e+01 1.865077e+01 -1.280000e+01
      vertex   3.580718e+01 1.876500e+01 -1.280000e+01
      vertex   3.588716e+01 1.865077e+01 -1.280000e+01
    endloop
  endfacet
  facet normal 0.000000e+00 0.000000e+00 1.000000e+00
    outer loop
      vertex   3.711284e+01 1.865077e+01 -1.280000e+01
      vertex   3.588716e+01 1.865077e+01 -1.280000e+01
      vertex   3.701423e+01 1.855216e+01 -1.280000e+01
    endloop
  endfacet
  facet normal 0.000000e+00 0.000000e+00 1.000000e+00
    outer loop
      vertex   3.701423e+01 1.855216e+01 -1.280000e+01
      vertex   3.588716e+01 1.865077e+01 -1.280000e+01
      vertex   3.598577e+01 1.855216e+01 -1.280000e+01
    endloop
  endfacet
  facet normal 0.000000e+00 0.000000e+00 1.000000e+00
    outer loop
      vertex   3.701423e+01 1.855216e+01 -1.280000e+01
      vertex   3.598577e+01 1.855216e+01 -1.280000e+01
      vertex   3.690000e+01 1.847218e+01 -1.280000e+01
    endloop
  endfacet
  facet normal 0.000000e+00 0.000000e+00 1.000000e+00
    outer loop
      vertex   3.690000e+01 1.847218e+01 -1.280000e+01
      vertex   3.598577e+01 1.855216e+01 -1.280000e+01
      vertex   3.610000e+01 1.847218e+01 -1.280000e+01
    endloop
  endfacet
  facet normal 0.000000e+00 0.000000e+00 1.000000e+00
    outer loop
      vertex   3.690000e+01 1.847218e+01 -1.280000e+01
      vertex   3.610000e+01 1.847218e+01 -1.280000e+01
      vertex   3.677362e+01 1.841325e+01 -1.280000e+01
    endloop
  endfacet
  facet normal 0.000000e+00 0.000000e+00 1.000000e+00
    outer loop
      vertex   3.677362e+01 1.841325e+01 -1.280000e+01
      vertex   3.610000e+01 1.847218e+01 -1.280000e+01
      vertex   3.622638e+01 1.841325e+01 -1.280000e+01
    endloop
  endfacet
  facet normal 0.000000e+00 0.000000e+00 1.000000e+00
    outer loop
      vertex   3.677362e+01 1.841325e+01 -1.280000e+01
      vertex   3.622638e+01 1.841325e+01 -1.280000e+01
      vertex   3.663892e+01 1.837715e+01 -1.280000e+01
    endloop
  endfacet
  facet normal 0.000000e+00 0.000000e+00 1.000000e+00
    outer loop
      vertex   3.663892e+01 1.837715e+01 -1.280000e+01
      vertex   3.622638e+01 1.841325e+01 -1.280000e+01
      vertex   3.636108e+01 1.837715e+01 -1.280000e+01
    endloop
  endfacet
  facet normal 0.000000e+00 0.000000e+00 1.000000e+00
    outer loop
      vertex   3.663892e+01 1.837715e+01 -1.280000e+01
      vertex   3.636108e+01 1.837715e+01 -1.280000e+01
      vertex   3.650000e+01 1.836500e+01 -1.280000e+01
    endloop
  endfacet
  facet normal 9.961947e-01 -8.715574e-02 0.000000e+00
    outer loop
      vertex   3.571215e+01 1.930392e+01 -1.280000e+01
      vertex   3.571215e+01 1.930392e+01 -1.053333e+01
      vertex   3.570000e+01 1.916500e+01 -1.280000e+01
    endloop
  endfacet
  facet normal 9.961947e-01 -8.715574e-02 0.000000e+00
    outer loop
      vertex   3.570000e+01 1.916500e+01 -1.280000e+01
      vertex   3.571215e+01 1.930392e+01 -1.053333e+01
      vertex   3.570000e+01 1.916500e+01 -1.053333e+01
    endloop
  endfacet
  facet normal 9.961947e-01 8.715574e-02 -0.000000e+00
    outer loop
      vertex   3.570000e+01 1.916500e+01 -1.280000e+01
      vertex   3.570000e+01 1.916500e+01 -1.053333e+01
      vertex   3.571215e+01 1.902608e+01 -1.280000e+01
    endloop
  endfacet
  facet normal 9.961947e-01 8.715574e-02 -0.000000e+00
    outer loop
      vertex   3.571215e+01 1.902608e+01 -1.280000e+01
      vertex   3.570000e+01 1.916500e+01 -1.053333e+01
      vertex   3.571215e+01 1.902608e+01 -1.053333e+01
    endloop
  endfacet
  facet normal 9.659258e-01 2.588190e-01 -0.000000e+00
    outer loop
      vertex   3.571215e+01 1.902608e+01 -1.280000e+01
      vertex   3.571215e+01 1.902608e+01 -1.053333e+01
      vertex   3.574825e+01 1.889138e+01 -1.280000e+01
    endloop
  endfacet
  facet normal 9.659258e-01 2.588190e-01 -0.000000e+00
    outer loop
      vertex   3.574825e+01 1.889138e+01 -1.280000e+01
      vertex   3.571215e+01 1.902608e+01 -1.053333e+01
      vertex   3.574825e+01 1.889138e+01 -1.053333e+01
    endloop
  endfacet
  facet normal 9.063078e-01 4.226183e-01 -0.000000e+00
    outer loop
      vertex   3.574825e+01 1.889138e+01 -1.280000e+01
      vertex   3.574825e+01 1.889138e+01 -1.053333e+01
      vertex   3.580718e+01 1.876500e+01 -1.280000e+01
    endloop
  endfacet
  facet normal 9.063078e-01 4.226183e-01 -0.000000e+00
    outer loop
      vertex   3.580718e+01 1.876500e+01 -1.280000e+01
      vertex   3.574825e+01 1.889138e+01 -1.053333e+01
      vertex   3.580718e+01 1.876500e+01 -1.053333e+01
    endloop
  endfacet
  facet normal 8.191520e-01 5.735764e-01 -0.000000e+00
    outer loop
      vertex   3.580718e+01 1.876500e+01 -1.280000e+01
      vertex   3.580718e+01 1.876500e+01 -1.053333e+01
      vertex   3.588716e+01 1.865077e+01 -1.280000e+01
    endloop
  endfacet
  facet normal 8.191520e-01 5.735764e-01 -0.000000e+00
    outer loop
      vertex   3.588716e+01 1.865077e+01 -1.280000e+01
      vertex   3.580718e+01 1.876500e+01 -1.053333e+01
      vertex   3.588716e+01 1.865077e+01 -1.053333e+01
    endloop
  endfacet
  facet normal 7.071068e-01 7.071068e-01 -0.000000e+00
    outer loop
      vertex   3.588716e+01 1.865077e+01 -1.280000e+01
      vertex   3.588716e+01 1.865077e+01 -1.053333e+01
      vertex   3.598577e+01 1.855216e+01 -1.280000e+01
    endloop
  endfacet
  facet normal 7.071068e-01 7.071068e-01 -0.000000e+00
    outer loop
      vertex   3.598577e+01 1.855216e+01 -1.280000e+01
      vertex   3.588716e+01 1.865077e+01 -1.053333e+01
      vertex   3.598577e+01 1.855216e+01 -1.053333e+01
    endloop
  endfacet
  facet normal 5.735764e-01 8.191520e-01 -0.000000e+00
    outer loop
      vertex   3.598577e+01 1.855216e+01 -1.280000e+01
      vertex   3.598577e+01 1.855216e+01 -1.053333e+01
      vertex   3.610000e+01 1.847218e+01 -1.280000e+01
    endloop
  endfacet
  facet normal 5.735764e-01 8.191520e-01 -0.000000e+00
    outer loop
      vertex   3.610000e+01 1.847218e+01 -1.280000e+01
      vertex   3.598577e+01 1.855216e+01 -1.053333e+01
      vertex   3.610000e+01 1.847218e+01 -1.053333e+01
    endloop
  endfacet
  facet normal 4.226183e-01 9.063078e-01 -0.000000e+00
    outer loop
      vertex   3.610000e+01 1.847218e+01 -1.280000e+01
      vertex   3.610000e+01 1.847218e+01 -1.053333e+01
      vertex   3.622638e+01 1.841325e+01 -1.280000e+01
    endloop
  endfacet
  facet normal 4.226183e-01 9.063078e-01 -0.000000e+00
    outer loop
      vertex   3.622638e+01 1.841325e+01 -1.280000e+01
      vertex   3.610000e+01 1.847218e+01 -1.053333e+01
      vertex   3.622638e+01 1.841325e+01 -1.053333e+01
    endloop
  endfacet
  facet normal 2.588190e-01 9.659258e-01 -0.000000e+00
    outer loop
      vertex   3.622638e+01 1.841325e+01 -1.280000e+01
      vertex   3.622638e+01 1.841325e+01 -1.053333e+01
      vertex   3.636108e+01 1.837715e+01 -1.280000e+01
    endloop
  endfacet
  facet normal 2.588190e-01 9.659258e-01 -0.000000e+00
    outer loop
      vertex   3.636108e+01 1.837715e+01 -1.280000e+01
      vertex   3.622638e+01 1.841325e+01 -1.053333e+01
      vertex   3.636108e+01 1.837715e+01 -1.053333e+01
    endloop
  endfacet
  facet normal 8.715574e-02 9.961947e-01 -0.000000e+00
    outer loop
      vertex   3.636108e+01 1.837715e+01 -1.280000e+01
      vertex   3.636108e+01 1.837715e+01 -1.053333e+01
      vertex   3.650000e+01 1.836500e+01 -1.280000e+01
    endloop
  endfacet
  facet normal 8.715574e-02 9.961947e-01 -0.000000e+00
    outer loop
      vertex   3.650000e+01 1.836500e+01 -1.280000e+01
      vertex   3.636108e+01 1.837715e+01 -1.053333e+01
      vertex   3.650000e+01 1.836500e+01 -1.053333e+01
    endloop
  endfacet
  facet normal -8.715574e-02 9.961947e-01 0.000000e+00
    outer loop
      vertex   3.650000e+01 1.836500e+01 -1.280000e+01
      vertex   3.650000e+01 1.836500e+01 -1.053333e+01
      vertex   3.663892e+01 1.837715e+01 -1.280000e+01
    endloop
  endfacet
  facet normal -8.715574e-02 9.961947e-01 0.000000e+00
    outer loop
      vertex   3.663892e+01 1.837715e+01 -1.280000e+01
      vertex   3.650000e+01 1.836500e+01 -1.053333e+01
      vertex   3.663892e+01 1.837715e+01 -1.053333e+01
    endloop
  endfacet
  facet normal -2.588190e-01 9.659258e-01 0.000000e+00
    outer loop
      vertex   3.663892e+01 1.837715e+01 -1.280000e+01
      vertex   3.663892e+01 1.837715e+01 -1.053333e+01
      vertex   3.677362e+01 1.841325e+01 -1.280000e+01
    endloop
  endfacet
  facet normal -2.588190e-01 9.659258e-01 0.000000e+00
    outer loop
      vertex   3.677362e+01 1.841325e+01 -1.280000e+01
      vertex   3.663892e+01 1.837715e+01 -1.053333e+01
      vertex   3.677362e+01 1.841325e+01 -1.053333e+01
    endloop
  endfacet
  facet normal -4.226183e-01 9.063078e-01 0.000000e+00
    outer loop
      vertex   3.677362e+01 1.841325e+01 -1.280000e+01
      vertex   3.677362e+01 1.841325e+01 -1.053333e+01
      vertex   3.690000e+01 1.847218e+01 -1.280000e+01
    endloop
  endfacet
  facet normal -4.226183e-01 9.063078e-01 0.000000e+00
    outer loop
      vertex   3.690000e+01 1.847218e+01 -1.280000e+01
      vertex   3.677362e+01 1.841325e+01 -1.053333e+01
      vertex   3.690000e+01 1.847218e+01 -1.053333e+01
    endloop
  endfacet
  facet normal -5.735764e-01 8.191520e-01 0.000000e+00
    outer loop
      vertex   3.690000e+01 1.847218e+01 -1.280000e+01
      vertex   3.690000e+01 1.847218e+01 -1.053333e+01
      vertex   3.701423e+01 1.855216e+01 -1.280000e+01
    endloop
  endfacet
  facet normal -5.735764e-01 8.191520e-01 0.000000e+00
    outer loop
      vertex   3.701423e+01 1.855216e+01 -1.280000e+01
      vertex   3.690000e+01 1.847218e+01 -1.053333e+01
      vertex   3.701423e+01 1.855216e+01 -1.053333e+01
    endloop
  endfacet
  facet normal -7.071068e-01 7.071068e-01 0.000000e+00
    outer loop
      vertex   3.701423e+01 1.855216e+01 -1.280000e+01
      vertex   3.701423e+01 1.855216e+01 -1.053333e+01
      vertex   3.711284e+01 1.865077e+01 -1.280000e+01
    endloop
  endfacet
  facet normal -7.071068e-01 7.071068e-01 0.000000e+00
    outer loop
      vertex   3.711284e+01 1.865077e+01 -1.280000e+01
      vertex   3.701423e+01 1.855216e+01 -1.053333e+01
      vertex   3.711284e+01 1.865077e+01 -1.053333e+01
    endloop
  endfacet
  facet normal -8.191520e-01 5.735764e-01 0.000000e+00
    outer loop
      vertex   3.711284e+01 1.865077e+01 -1.280000e+01
      vertex   3.711284e+01 1.865077e+01 -1.053333e+01
      vertex   3.719282e+01 1.876500e+01 -1.280000e+01
    endloop
  endfacet
  facet normal -8.191520e-01 5.735764e-01 0.000000e+00
    outer loop
      vertex   3.719282e+01 1.876500e+01 -1.280000e+01
      vertex   3.711284e+01 1.865077e+01 -1.053333e+01
      vertex   3.719282e+01 1.876500e+01 -1.053333e+01
    endloop
  endfacet
  facet normal -9.063078e-01 4.226183e-01 0.000000e+00
    outer loop
      vertex   3.719282e+01 1.876500e+01 -1.280000e+01
      vertex   3.719282e+01 1.876500e+01 -1.053333e+01
      vertex   3.725175e+01 1.889138e+01 -1.280000e+01
    endloop
  endfacet
  facet normal -9.063078e-01 4.226183e-01 0.000000e+00
    outer loop
      vertex   3.725175e+01 1.889138e+01 -1.280000e+01
      vertex   3.719282e+01 1.876500e+01 -1.053333e+01
      vertex   3.725175e+01 1.889138e+01 -1.053333e+01
    endloop
  endfacet
  facet normal -9.659258e-01 2.588190e-01 0.000000e+00
    outer loop
      vertex   3.725175e+01 1.889138e+01 -1.280000e+01
      vertex   3.725175e+01 1.889138e+01 -1.053333e+01
      vertex   3.728785e+01 1.902608e+01 -1.280000e+01
    endloop
  endfacet
  facet normal -9.659258e-01 2.588190e-01 0.000000e+00
    outer loop
      vertex   3.728785e+01 1.902608e+01 -1.280000e+01
      vertex   3.725175e+01 1.889138e+01 -1.053333e+01
      vertex   3.728785e+01 1.902608e+01 -1.053333e+01
    endloop
  endfacet
  facet normal -9.961947e-01 8.715574e-02 0.000000e+00
    outer loop
      vertex   3.728785e+01 1.902608e+01 -1.280000e+01
      vertex   3.728785e+01 1.902608e+01 -1.053333e+01
      vertex   3.730000e+01 1.916500e+01 -1.280000e+01
    endloop
  endfacet
  facet normal -9.961947e-01 8.715574e-02 0.000000e+00
    outer loop
      vertex   3.730000e+01 1.916500e+01 -1.280000e+01
      vertex   3.728785e+01 1.902608e+01 -1.053333e+01
      vertex   3.730000e+01 1.916500e+01 -1.053333e+01
    endloop
  endfacet
  facet normal -9.961947e-01 -8.715574e-02 0.000000e+00
    outer loop
      vertex   3.730000e+01 1.916500e+01 -1.280000e+01
      vertex   3.730000e+01 1.916500e+01 -1.053333e+01
      vertex   3.728785e+01 1.930392e+01 -1.280000e+01
    endloop
  endfacet
  facet normal -9.961947e-01 -8.715574e-02 0.000000e+00
    outer loop
      vertex   3.728785e+01 1.930392e+01 -1.280000e+01
      vertex   3.730000e+01 1.916500e+01 -1.053333e+01
      vertex   3.728785e+01 1.930392e+01 -1.053333e+01
    endloop
  endfacet
  facet normal -9.659258e-01 -2.588190e-01 0.000000e+00
    outer loop
      vertex   3.728785e+01 1.930392e+01 -1.280000e+01
      vertex   3.728785e+01 1.930392e+01 -1.053333e+01
      vertex   3.725175e+01 1.943862e+01 -1.280000e+01
    endloop
  endfacet
  facet normal -9.659258e-01 -2.588190e-01 0.000000e+00
    outer loop
      vertex   3.725175e+01 1.943862e+01 -1.280000e+01
      vertex   3.728785e+01 1.930392e+01 -1.053333e+01
      vertex   3.725175e+01 1.943862e+01 -1.053333e+01
    endloop
  endfacet
  facet normal -9.063078e-01 -4.226183e-01 0.000000e+00
    outer loop
      vertex   3.725175e+01 1.943862e+01 -1.280000e+01
      vertex   3.725175e+01 1.943862e+01 -1.053333e+01
      vertex   3.719282e+01 1.956500e+01 -1.280000e+01
    endloop
  endfacet
  facet normal -9.063078e-01 -4.226183e-01 0.000000e+00
    outer loop
      vertex   3.719282e+01 1.956500e+01 -1.280000e+01
      vertex   3.725175e+01 1.943862e+01 -1.053333e+01
      vertex   3.719282e+01 1.956500e+01 -1.053333e+01
    endloop
  endfacet
  facet normal -8.191520e-01 -5.735764e-01 0.000000e+00
    outer loop
      vertex   3.719282e+01 1.956500e+01 -1.280000e+01
      vertex   3.719282e+01 1.956500e+01 -1.053333e+01
      vertex   3.711284e+01 1.967923e+01 -1.280000e+01
    endloop
  endfacet
  facet normal -8.191520e-01 -5.735764e-01 0.000000e+00
    outer loop
      vertex   3.711284e+01 1.967923e+01 -1.280000e+01
      vertex   3.719282e+01 1.956500e+01 -1.053333e+01
      vertex   3.711284e+01 1.967923e+01 -1.053333e+01
    endloop
  endfacet
  facet normal -7.071068e-01 -7.071068e-01 0.000000e+00
    outer loop
      vertex   3.711284e+01 1.967923e+01 -1.280000e+01
      vertex   3.711284e+01 1.967923e+01 -1.053333e+01
      vertex   3.701423e+01 1.977784e+01 -1.280000e+01
    endloop
  endfacet
  facet normal -7.071068e-01 -7.071068e-01 0.000000e+00
    outer loop
      vertex   3.701423e+01 1.977784e+01 -1.280000e+01
      vertex   3.711284e+01 1.967923e+01 -1.053333e+01
      vertex   3.701423e+01 1.977784e+01 -1.053333e+01
    endloop
  endfacet
  facet normal -5.735764e-01 -8.191520e-01 0.000000e+00
    outer loop
      vertex   3.701423e+01 1.977784e+01 -1.280000e+01
      vertex   3.701423e+01 1.977784e+01 -1.053333e+01
      vertex   3.690000e+01 1.985782e+01 -1.280000e+01
    endloop
  endfacet
  facet normal -5.735764e-01 -8.191520e-01 0.000000e+00
    outer loop
      vertex   3.690000e+01 1.985782e+01 -1.280000e+01
      vertex   3.701423e+01 1.977784e+01 -1.053333e+01
      vertex   3.690000e+01 1.985782e+01 -1.053333e+01
    endloop
  endfacet
  facet normal -4.226183e-01 -9.063078e-01 0.000000e+00
    outer loop
      vertex   3.690000e+01 1.985782e+01 -1.280000e+01
      vertex   3.690000e+01 1.985782e+01 -1.053333e+01
      vertex   3.677362e+01 1.991675e+01 -1.280000e+01
    endloop
  endfacet
  facet normal -4.226183e-01 -9.063078e-01 0.000000e+00
    outer loop
      vertex   3.677362e+01 1.991675e+01 -1.280000e+01
      vertex   3.690000e+01 1.985782e+01 -1.053333e+01
      vertex   3.677362e+01 1.991675e+01 -1.053333e+01
    endloop
  endfacet
  facet normal -2.588190e-01 -9.659258e-01 0.000000e+00
    outer loop
      vertex   3.677362e+01 1.991675e+01 -1.280000e+01
      vertex   3.677362e+01 1.991675e+01 -1.053333e+01
      vertex   3.663892e+01 1.995285e+01 -1.280000e+01
    endloop
  endfacet
  facet normal -2.588190e-01 -9.659258e-01 0.000000e+00
    outer loop
      vertex   3.663892e+01 1.995285e+01 -1.280000e+01
      vertex   3.677362e+01 1.991675e+01 -1.053333e+01
      vertex   3.663892e+01 1.995285e+01 -1.053333e+01
    endloop
  endfacet
  facet normal -8.715574e-02 -9.961947e-01 0.000000e+00
    outer loop
      vertex   3.663892e+01 1.995285e+01 -1.280000e+01
      vertex   3.663892e+01 1.995285e+01 -1.053333e+01
      vertex   3.650000e+01 1.996500e+01 -1.280000e+01
    endloop
  endfacet
  facet normal -8.715574e-02 -9.961947e-01 0.000000e+00
    outer loop
      vertex   3.650000e+01 1.996500e+01 -1.280000e+01
      vertex   3.663892e+01 1.995285e+01 -1.053333e+01
      vertex   3.650000e+01 1.996500e+01 -1.053333e+01
    endloop
  endfacet
  facet normal 8.715574e-02 -9.961947e-01 0.000000e+00
    outer loop
      vertex   3.650000e+01 1.996500e+01 -1.280000e+01
      vertex   3.650000e+01 1.996500e+01 -1.053333e+01
      vertex   3.636108e+01 1.995285e+01 -1.280000e+01
    endloop
  endfacet
  facet normal 8.715574e-02 -9.961947e-01 0.000000e+00
    outer loop
      vertex   3.636108e+01 1.995285e+01 -1.280000e+01
      vertex   3.650000e+01 1.996500e+01 -1.053333e+01
      vertex   3.636108e+01 1.995285e+01 -1.053333e+01
    endloop
  endfacet
  facet normal 2.588190e-01 -9.659258e-01 0.000000e+00
    outer loop
      vertex   3.636108e+01 1.995285e+01 -1.280000e+01
      vertex   3.636108e+01 1.995285e+01 -1.053333e+01
      vertex   3.622638e+01 1.991675e+01 -1.280000e+01
    endloop
  endfacet
  facet normal 2.588190e-01 -9.659258e-01 0.000000e+00
    outer loop
      vertex   3.622638e+01 1.991675e+01 -1.280000e+01
      vertex   3.636108e+01 1.995285e+01 -1.053333e+01
      vertex   3.622638e+01 1.991675e+01 -1.053333e+01
    endloop
  endfacet
  facet normal 4.226183e-01 -9.063078e-01 0.000000e+00
    outer loop
      vertex   3.622638e+01 1.991675e+01 -1.280000e+01
      vertex   3.622638e+01 1.991675e+01 -1.053333e+01
      vertex   3.610000e+01 1.985782e+01 -1.280000e+01
    endloop
  endfacet
  facet normal 4.226183e-01 -9.063078e-01 0.000000e+00
    outer loop
      vertex   3.610000e+01 1.985782e+01 -1.280000e+01
      vertex   3.622638e+01 1.991675e+01 -1.053333e+01
      vertex   3.610000e+01 1.985782e+01 -1.053333e+01
    endloop
  endfacet
  facet normal 5.735764e-01 -8.191520e-01 0.000000e+00
    outer loop
      vertex   3.610000e+01 1.985782e+01 -1.280000e+01
      vertex   3.610000e+01 1.985782e+01 -1.053333e+01
      vertex   3.598577e+01 1.977784e+01 -1.280000e+01
    endloop
  endfacet
  facet normal 5.735764e-01 -8.191520e-01 0.000000e+00
    outer loop
      vertex   3.598577e+01 1.977784e+01 -1.280000e+01
      vertex   3.610000e+01 1.985782e+01 -1.053333e+01
      vertex   3.598577e+01 1.977784e+01 -1.053333e+01
    endloop
  endfacet
  facet normal 7.071068e-01 -7.071068e-01 0.000000e+00
    outer loop
      vertex   3.598577e+01 1.977784e+01 -1.280000e+01
      vertex   3.598577e+01 1.977784e+01 -1.053333e+01
      vertex   3.588716e+01 1.967923e+01 -1.280000e+01
    endloop
  endfacet
  facet normal 7.071068e-01 -7.071068e-01 0.000000e+00
    outer loop
      vertex   3.588716e+01 1.967923e+01 -1.280000e+01
      vertex   3.598577e+01 1.977784e+01 -1.053333e+01
      vertex   3.588716e+01 1.967923e+01 -1.053333e+01
    endloop
  endfacet
  facet normal 8.191520e-01 -5.735764e-01 0.000000e+00
    outer loop
      vertex   3.588716e+01 1.967923e+01 -1.280000e+01
      vertex   3.588716e+01 1.967923e+01 -1.053333e+01
      vertex   3.580718e+01 1.956500e+01 -1.280000e+01
    endloop
  endfacet
  facet normal 8.191520e-01 -5.735764e-01 0.000000e+00
    outer loop
      vertex   3.580718e+01 1.956500e+01 -1.280000e+01
      vertex   3.588716e+01 1.967923e+01 -1.053333e+01
      vertex   3.580718e+01 1.956500e+01 -1.053333e+01
    endloop
  endfacet
  facet normal 9.063078e-01 -4.226183e-01 0.000000e+00
    outer loop
      vertex   3.580718e+01 1.956500e+01 -1.280000e+01
      vertex   3.580718e+01 1.956500e+01 -1.053333e+01
      vertex   3.574825e+01 1.943862e+01 -1.280000e+01
    endloop
  endfacet
  facet normal 9.063078e-01 -4.226183e-01 0.000000e+00
    outer loop
      vertex   3.574825e+01 1.943862e+01 -1.280000e+01
      vertex   3.580718e+01 1.956500e+01 -1.053333e+01
      vertex   3.574825e+01 1.943862e+01 -1.053333e+01
    endloop
  endfacet
  facet normal 9.659258e-01 -2.588190e-01 0.000000e+00
    outer loop
      vertex   3.574825e+01 1.943862e+01 -1.280000e+01
      vertex   3.574825e+01 1.943862e+01 -1.053333e+01
      vertex   3.571215e+01 1.930392e+01 -1.280000e+01
    endloop
  endfacet
  facet normal 9.659258e-01 -2.588190e-01 0.000000e+00
    outer loop
      vertex   3.571215e+01 1.930392e+01 -1.280000e+01
      vertex   3.574825e+01 1.943862e+01 -1.053333e+01
      vertex   3.571215e+01 1.930392e+01 -1.053333e+01
    endloop
  endfacet
  facet normal 9.961947e-01 8.715574e-02 0.000000e+00
    outer loop
      vertex   3.571215e+01 1.902608e+01 -6.000000e+00
      vertex   3.571215e+01 1.902608e+01 -8.266667e+00
      vertex   3.570000e+01 1.916500e+01 -6.000000e+00
    endloop
  endfacet
  facet normal 9.961947e-01 8.715574e-02 0.000000e+00
    outer loop
      vertex   3.570000e+01 1.916500e+01 -6.000000e+00
      vertex   3.571215e+01 1.902608e+01 -8.266667e+00
      vertex   3.570000e+01 1.916500e+01 -8.266667e+00
    endloop
  endfacet
  facet normal 9.961947e-01 -8.715574e-02 0.000000e+00
    outer loop
      vertex   3.570000e+01 1.916500e+01 -6.000000e+00
      vertex   3.570000e+01 1.916500e+01 -8.266667e+00
      vertex   3.571215e+01 1.930392e+01 -6.000000e+00
    endloop
  endfacet
  facet normal 9.961947e-01 -8.715574e-02 0.000000e+00
    outer loop
      vertex   3.571215e+01 1.930392e+01 -6.000000e+00
      vertex   3.570000e+01 1.916500e+01 -8.266667e+00
      vertex   3.571215e+01 1.930392e+01 -8.266667e+00
    endloop
  endfacet
  facet normal 9.659258e-01 -2.588190e-01 0.000000e+00
    outer loop
      vertex   3.571215e+01 1.930392e+01 -6.000000e+00
      vertex   3.571215e+01 1.930392e+01 -8.266667e+00
      vertex   3.574825e+01 1.943862e+01 -6.000000e+00
    endloop
  endfacet
  facet normal 9.659258e-01 -2.588190e-01 0.000000e+00
    outer loop
      vertex   3.574825e+01 1.943862e+01 -6.000000e+00
      vertex   3.571215e+01 1.930392e+01 -8.266667e+00
      vertex   3.574825e+01 1.943862e+01 -8.266667e+00
    endloop
  endfacet
  facet normal 9.063078e-01 -4.226183e-01 0.000000e+00
    outer loop
      vertex   3.574825e+01 1.943862e+01 -6.000000e+00
      vertex   3.574825e+01 1.943862e+01 -8.266667e+00
      vertex   3.580718e+01 1.956500e+01 -6.000000e+00
    endloop
  endfacet
  facet normal 9.063078e-01 -4.226183e-01 0.000000e+00
    outer loop
      vertex   3.580718e+01 1.956500e+01 -6.000000e+00
      vertex   3.574825e+01 1.943862e+01 -8.266667e+00
      vertex   3.580718e+01 1.956500e+01 -8.266667e+00
    endloop
  endfacet
  facet normal 8.191520e-01 -5.735764e-01 0.000000e+00
    outer loop
      vertex   3.580718e+01 1.956500e+01 -6.000000e+00
      vertex   3.580718e+01 1.956500e+01 -8.266667e+00
      vertex   3.588716e+01 1.967923e+01 -6.000000e+00
    endloop
  endfacet
  facet normal 8.191520e-01 -5.735764e-01 0.000000e+00
    outer loop
      vertex   3.588716e+01 1.967923e+01 -6.000000e+00
      vertex   3.580718e+01 1.956500e+01 -8.266667e+00
      vertex   3.588716e+01 1.967923e+01 -8.266667e+00
    endloop
  endfacet
  facet normal 7.071068e-01 -7.071068e-01 0.000000e+00
    outer loop
      vertex   3.588716e+01 1.967923e+01 -6.000000e+00
      vertex   3.588716e+01 1.967923e+01 -8.266667e+00
      vertex   3.598577e+01 1.977784e+01 -6.000000e+00
    endloop
  endfacet
  facet normal 7.071068e-01 -7.071068e-01 0.000000e+00
    outer loop
      vertex   3.598577e+01 1.977784e+01 -6.000000e+00
      vertex   3.588716e+01 1.967923e+01 -8.266667e+00
      vertex   3.598577e+01 1.977784e+01 -8.266667e+00
    endloop
  endfacet
  facet normal 5.735764e-01 -8.191520e-01 0.000000e+00
    outer loop
      vertex   3.598577e+01 1.977784e+01 -6.000000e+00
      vertex   3.598577e+01 1.977784e+01 -8.266667e+00
      vertex   3.610000e+01 1.985782e+01 -6.000000e+00
    endloop
  endfacet
  facet normal 5.735764e-01 -8.191520e-01 0.000000e+00
    outer loop
      vertex   3.610000e+01 1.985782e+01 -6.000000e+00
      vertex   3.598577e+01 1.977784e+01 -8.266667e+00
      vertex   3.610000e+01 1.985782e+01 -8.266667e+00
    endloop
  endfacet
  facet normal 4.226183e-01 -9.063078e-01 0.000000e+00
    outer loop
      vertex   3.610000e+01 1.985782e+01 -6.000000e+00
      vertex   3.610000e+01 1.985782e+01 -8.266667e+00
      vertex   3.622638e+01 1.991675e+01 -6.000000e+00
    endloop
  endfacet
  facet normal 4.226183e-01 -9.063078e-01 0.000000e+00
    outer loop
      vertex   3.622638e+01 1.991675e+01 -6.000000e+00
      vertex   3.610000e+01 1.985782e+01 -8.266667e+00
      vertex   3.622638e+01 1.991675e+01 -8.266667e+00
    endloop
  endfacet
  facet normal 2.588190e-01 -9.659258e-01 0.000000e+00
    outer loop
      vertex   3.622638e+01 1.991675e+01 -6.000000e+00
      vertex   3.622638e+01 1.991675e+01 -8.266667e+00
      vertex   3.636108e+01 1.995285e+01 -6.000000e+00
    endloop
  endfacet
  facet normal 2.588190e-01 -9.659258e-01 0.000000e+00
    outer loop
      vertex   3.636108e+01 1.995285e+01 -6.000000e+00
      vertex   3.622638e+01 1.991675e+01 -8.266667e+00
      vertex   3.636108e+01 1.995285e+01 -8.266667e+00
    endloop
  endfacet
  facet normal 8.715574e-02 -9.961947e-01 0.000000e+00
    outer loop
      vertex   3.636108e+01 1.995285e+01 -6.000000e+00
      vertex   3.636108e+01 1.995285e+01 -8.266667e+00
      vertex   3.650000e+01 1.996500e+01 -6.000000e+00
    endloop
  endfacet
  facet normal 8.715574e-02 -9.961947e-01 0.000000e+00
    outer loop
      vertex   3.650000e+01 1.996500e+01 -6.000000e+00
      vertex   3.636108e+01 1.995285e+01 -8.266667e+00
      vertex   3.650000e+01 1.996500e+01 -8.266667e+00
    endloop
  endfacet
  facet normal -8.715574e-02 -9.961947e-01 -0.000000e+00
    outer loop
      vertex   3.650000e+01 1.996500e+01 -6.000000e+00
      vertex   3.650000e+01 1.996500e+01 -8.266667e+00
      vertex   3.663892e+01 1.995285e+01 -6.000000e+00
    endloop
  endfacet
  facet normal -8.715574e-02 -9.961947e-01 -0.000000e+00
    outer loop
      vertex   3.663892e+01 1.995285e+01 -6.000000e+00
      vertex   3.650000e+01 1.996500e+01 -8.266667e+00
      vertex   3.663892e+01 1.995285e+01 -8.266667e+00
    endloop
  endfacet
  facet normal -2.588190e-01 -9.659258e-01 -0.000000e+00
    outer loop
      vertex   3.663892e+01 1.995285e+01 -6.000000e+00
      vertex   3.663892e+01 1.995285e+01 -8.266667e+00
      vertex   3.677362e+01 1.991675e+01 -6.000000e+00
    endloop
  endfacet
  facet normal -2.588190e-01 -9.659258e-01 -0.000000e+00
    outer loop
      vertex   3.677362e+01 1.991675e+01 -6.000000e+00
      vertex   3.663892e+01 1.995285e+01 -8.266667e+00
      vertex   3.677362e+01 1.991675e+01 -8.266667e+00
    endloop
  endfacet
  facet normal -4.226183e-01 -9.063078e-01 -0.000000e+00
    outer loop
      vertex   3.677362e+01 1.991675e+01 -6.000000e+00
      vertex   3.677362e+01 1.991675e+01 -8.266667e+00
      vertex   3.690000e+01 1.985782e+01 -6.000000e+00
    endloop
  endfacet
  facet normal -4.226183e-01 -9.063078e-01 -0.000000e+00
    outer loop
      vertex   3.690000e+01 1.985782e+01 -6.000000e+00
      vertex   3.677362e+01 1.991675e+01 -8.266667e+00
      vertex   3.690000e+01 1.985782e+01 -8.266667e+00
    endloop
  endfacet
  facet normal -5.735764e-01 -8.191520e-01 -0.000000e+00
    outer loop
      vertex   3.690000e+01 1.985782e+01 -6.000000e+00
      vertex   3.690000e+01 1.985782e+01 -8.266667e+00
      vertex   3.701423e+01 1.977784e+01 -6.000000e+00
    endloop
  endfacet
  facet normal -5.735764e-01 -8.191520e-01 -0.000000e+00
    outer loop
      vertex   3.701423e+01 1.977784e+01 -6.000000e+00
      vertex   3.690000e+01 1.985782e+01 -8.266667e+00
      vertex   3.701423e+01 1.977784e+01 -8.266667e+00
    endloop
  endfacet
  facet normal -7.071068e-01 -7.071068e-01 -0.000000e+00
    outer loop
      vertex   3.701423e+01 1.977784e+01 -6.000000e+00
      vertex   3.701423e+01 1.977784e+01 -8.266667e+00
      vertex   3.711284e+01 1.967923e+01 -6.000000e+00
    endloop
  endfacet
  facet normal -7.071068e-01 -7.071068e-01 -0.000000e+00
    outer loop
      vertex   3.711284e+01 1.967923e+01 -6.000000e+00
      vertex   3.701423e+01 1.977784e+01 -8.266667e+00
      vertex   3.711284e+01 1.967923e+01 -8.266667e+00
    endloop
  endfacet
  facet normal -8.191520e-01 -5.735764e-01 -0.000000e+00
    outer loop
      vertex   3.711284e+01 1.967923e+01 -6.000000e+00
      vertex   3.711284e+01 1.967923e+01 -8.266667e+00
      vertex   3.719282e+01 1.956500e+01 -6.000000e+00
    endloop
  endfacet
  facet normal -8.191520e-01 -5.735764e-01 -0.000000e+00
    outer loop
      vertex   3.719282e+01 1.956500e+01 -6.000000e+00
      vertex   3.711284e+01 1.967923e+01 -8.266667e+00
      vertex   3.719282e+01 1.956500e+01 -8.266667e+00
    endloop
  endfacet
  facet normal -9.063078e-01 -4.226183e-01 -0.000000e+00
    outer loop
      vertex   3.719282e+01 1.956500e+01 -6.000000e+00
      vertex   3.719282e+01 1.956500e+01 -8.266667e+00
      vertex   3.725175e+01 1.943862e+01 -6.000000e+00
    endloop
  endfacet
  facet normal -9.063078e-01 -4.226183e-01 -0.000000e+00
    outer loop
      vertex   3.725175e+01 1.943862e+01 -6.000000e+00
      vertex   3.719282e+01 1.956500e+01 -8.266667e+00
      vertex   3.725175e+01 1.943862e+01 -8.266667e+00
    endloop
  endfacet
  facet normal -9.659258e-01 -2.588190e-01 -0.000000e+00
    outer loop
      vertex   3.725175e+01 1.943862e+01 -6.000000e+00
      vertex   3.725175e+01 1.943862e+01 -8.266667e+00
      vertex   3.728785e+01 1.930392e+01 -6.000000e+00
    endloop
  endfacet
  facet normal -9.659258e-01 -2.588190e-01 -0.000000e+00
    outer loop
      vertex   3.728785e+01 1.930392e+01 -6.000000e+00
      vertex   3.725175e+01 1.943862e+01 -8.266667e+00
      vertex   3.728785e+01 1.930392e+01 -8.266667e+00
    endloop
  endfacet
  facet normal -9.961947e-01 -8.715574e-02 -0.000000e+00
    outer loop
      vertex   3.728785e+01 1.930392e+01 -6.000000e+00
      vertex   3.728785e+01 1.930392e+01 -8.266667e+00
      vertex   3.730000e+01 1.916500e+01 -6.000000e+00
    endloop
  endfacet
  facet normal -9.961947e-01 -8.715574e-02 -0.000000e+00
    outer loop
      vertex   3.730000e+01 1.916500e+01 -6.000000e+00
      vertex   3.728785e+01 1.930392e+01 -8.266667e+00
      vertex   3.730000e+01 1.916500e+01 -8.266667e+00
    endloop
  endfacet
  facet normal -9.961947e-01 8.715574e-02 0.000000e+00
    outer loop
      vertex   3.730000e+01 1.916500e+01 -6.000000e+00
      vertex   3.730000e+01 1.916500e+01 -8.266667e+00
      vertex   3.728785e+01 1.902608e+01 -6.000000e+00
    endloop
  endfacet
  facet normal -9.961947e-01 8.715574e-02 0.000000e+00
    outer loop
      vertex   3.728785e+01 1.902608e+01 -6.000000e+00
      vertex   3.730000e+01 1.916500e+01 -8.266667e+00
      vertex   3.728785e+01 1.902608e+01 -8.266667e+00
    endloop
  endfacet
  facet normal -9.659258e-01 2.588190e-01 0.000000e+00
    outer loop
      vertex   3.728785e+01 1.902608e+01 -6.000000e+00
      vertex   3.728785e+01 1.902608e+01 -8.266667e+00
      vertex   3.725175e+01 1.889138e+01 -6.000000e+00
    endloop
  endfacet
  facet normal -9.659258e-01 2.588190e-01 0.000000e+00
    outer loop
      vertex   3.725175e+01 1.889138e+01 -6.000000e+00
      vertex   3.728785e+01 1.902608e+01 -8.266667e+00
      vertex   3.725175e+01 1.889138e+01 -8.266667e+00
    endloop
  endfacet
  facet normal -9.063078e-01 4.226183e-01 0.000000e+00
    outer loop
      vertex   3.725175e+01 1.889138e+01 -6.000000e+00
      vertex   3.725175e+01 1.889138e+01 -8.266667e+00
      vertex   3.719282e+01 1.876500e+01 -6.000000e+00
    endloop
  endfacet
  facet normal -9.063078e-01 4.226183e-01 0.000000e+00
    outer loop
      vertex   3.719282e+01 1.876500e+01 -6.000000e+00
      vertex   3.725175e+01 1.889138e+01 -8.266667e+00
      vertex   3.719282e+01 1.876500e+01 -8.266667e+00
    endloop
  endfacet
  facet normal -8.191520e-01 5.735764e-01 0.000000e+00
    outer loop
      vertex   3.719282e+01 1.876500e+01 -6.000000e+00
      vertex   3.719282e+01 1.876500e+01 -8.266667e+00
      vertex   3.711284e+01 1.865077e+01 -6.000000e+00
    endloop
  endfacet
  facet normal -8.191520e-01 5.735764e-01 0.000000e+00
    outer loop
      vertex   3.711284e+01 1.865077e+01 -6.000000e+00
      vertex   3.719282e+01 1.876500e+01 -8.266667e+00
      vertex   3.711284e+01 1.865077e+01 -8.266667e+00
    endloop
  endfacet
  facet normal -7.071068e-01 7.071068e-01 0.000000e+00
    outer loop
      vertex   3.711284e+01 1.865077e+01 -6.000000e+00
      vertex   3.711284e+01 1.865077e+01 -8.266667e+00
      vertex   3.701423e+01 1.855216e+01 -6.000000e+00
    endloop
  endfacet
  facet normal -7.071068e-01 7.071068e-01 0.000000e+00
    outer loop
      vertex   3.701423e+01 1.855216e+01 -6.000000e+00
      vertex   3.711284e+01 1.865077e+01 -8.266667e+00
      vertex   3.701423e+01 1.855216e+01 -8.266667e+00
    endloop
  endfacet
  facet normal -5.735764e-01 8.191520e-01 0.000000e+00
    outer loop
      vertex   3.701423e+01 1.855216e+01 -6.000000e+00
      vertex   3.701423e+01 1.855216e+01 -8.266667e+00
      vertex   3.690000e+01 1.847218e+01 -6.000000e+00
    endloop
  endfacet
  facet normal -5.735764e-01 8.191520e-01 0.000000e+00
    outer loop
      vertex   3.690000e+01 1.847218e+01 -6.000000e+00
      vertex   3.701423e+01 1.855216e+01 -8.266667e+00
      vertex   3.690000e+01 1.847218e+01 -8.266667e+00
    endloop
  endfacet
  facet normal -4.226183e-01 9.063078e-01 0.000000e+00
    outer loop
      vertex   3.690000e+01 1.847218e+01 -6.000000e+00
      vertex   3.690000e+01 1.847218e+01 -8.266667e+00
      vertex   3.677362e+01 1.841325e+01 -6.000000e+00
    endloop
  endfacet
  facet normal -4.226183e-01 9.063078e-01 0.000000e+00
    outer loop
      vertex   3.677362e+01 1.841325e+01 -6.000000e+00
      vertex   3.690000e+01 1.847218e+01 -8.266667e+00
      vertex   3.677362e+01 1.841325e+01 -8.266667e+00
    endloop
  endfacet
  facet normal -2.588190e-01 9.659258e-01 0.000000e+00
    outer loop
      vertex   3.677362e+01 1.841325e+01 -6.000000e+00
      vertex   3.677362e+01 1.841325e+01 -8.266667e+00
      vertex   3.663892e+01 1.837715e+01 -6.000000e+00
    endloop
  endfacet
  facet normal -2.588190e-01 9.659258e-01 0.000000e+00
    outer loop
      vertex   3.663892e+01 1.837715e+01 -6.000000e+00
      vertex   3.677362e+01 1.841325e+01 -8.266667e+00
      vertex   3.663892e+01 1.837715e+01 -8.266667e+00
    endloop
  endfacet
  facet normal -8.715574e-02 9.961947e-01 0.000000e+00
    outer loop
      vertex   3.663892e+01 1.837715e+01 -6.000000e+00
      vertex   3.663892e+01 1.837715e+01 -8.266667e+00
      vertex   3.650000e+01 1.836500e+01 -6.000000e+00
    endloop
  endfacet
  facet normal -8.715574e-02 9.961947e-01 0.000000e+00
    outer loop
      vertex   3.650000e+01 1.836500e+01 -6.000000e+00
      vertex   3.663892e+01 1.837715e+01 -8.266667e+00
      vertex   3.650000e+01 1.836500e+01 -8.266667e+00
    endloop
  endfacet
  facet normal 8.715574e-02 9.961947e-01 0.000000e+00
    outer loop
      vertex   3.650000e+01 1.836500e+01 -6.000000e+00
      vertex   3.650000e+01 1.836500e+01 -8.266667e+00
      vertex   3.636108e+01 1.837715e+01 -6.000000e+00
    endloop
  endfacet
  facet normal 8.715574e-02 9.961947e-01 0.000000e+00
    outer loop
      vertex   3.636108e+01 1.837715e+01 -6.000000e+00
      vertex   3.650000e+01 1.836500e+01 -8.266667e+00
      vertex   3.636108e+01 1.837715e+01 -8.266667e+00
    endloop
  endfacet
  facet normal 2.588190e-01 9.659258e-01 0.000000e+00
    outer loop
      vertex   3.636108e+01 1.837715e+01 -6.000000e+00
      vertex   3.636108e+01 1.837715e+01 -8.266667e+00
      vertex   3.622638e+01 1.841325e+01 -6.000000e+00
    endloop
  endfacet
  facet normal 2.588190e-01 9.659258e-01 0.000000e+00
    outer loop
      vertex   3.622638e+01 1.841325e+01 -6.000000e+00
      vertex   3.636108e+01 1.837715e+01 -8.266667e+00
      vertex   3.622638e+01 1.841325e+01 -8.266667e+00
    endloop
  endfacet
  facet normal 4.226183e-01 9.063078e-01 0.000000e+00
    outer loop
      vertex   3.622638e+01 1.841325e+01 -6.000000e+00
      vertex   3.622638e+01 1.841325e+01 -8.266667e+00
      vertex   3.610000e+01 1.847218e+01 -6.000000e+00
    endloop
  endfacet
  facet normal 4.226183e-01 9.063078e-01 0.000000e+00
    outer loop
      vertex   3.610000e+01 1.847218e+01 -6.000000e+00
      vertex   3.622638e+01 1.841325e+01 -8.266667e+00
      vertex   3.610000e+01 1.847218e+01 -8.266667e+00
    endloop
  endfacet
  facet normal 5.735764e-01 8.191520e-01 0.000000e+00
    outer loop
      vertex   3.610000e+01 1.847218e+01 -6.000000e+00
      vertex   3.610000e+01 1.847218e+01 -8.266667e+00
      vertex   3.598577e+01 1.855216e+01 -6.000000e+00
    endloop
  endfacet
  facet normal 5.735764e-01 8.191520e-01 0.000000e+00
    outer loop
      vertex   3.598577e+01 1.855216e+01 -6.000000e+00
      vertex   3.610000e+01 1.847218e+01 -8.266667e+00
      vertex   3.598577e+01 1.855216e+01 -8.266667e+00
    endloop
  endfacet
  facet normal 7.071068e-01 7.071068e-01 0.000000e+00
    outer loop
      vertex   3.598577e+01 1.855216e+01 -6.000000e+00
      vertex   3.598577e+01 1.855216e+01 -8.266667e+00
      vertex   3.588716e+01 1.865077e+01 -6.000000e+00
    endloop
  endfacet
  facet normal 7.071068e-01 7.071068e-01 0.000000e+00
    outer loop
      vertex   3.588716e+01 1.865077e+01 -6.000000e+00
      vertex   3.598577e+01 1.855216e+01 -8.266667e+00
      vertex   3.588716e+01 1.865077e+01 -8.266667e+00
    endloop
  endfacet
  facet normal 8.191520e-01 5.735764e-01 0.000000e+00
    outer loop
      vertex   3.588716e+01 1.865077e+01 -6.000000e+00
      vertex   3.588716e+01 1.865077e+01 -8.266667e+00
      vertex   3.580718e+01 1.876500e+01 -6.000000e+00
    endloop
  endfacet
  facet normal 8.191520e-01 5.735764e-01 0.000000e+00
    outer loop
      vertex   3.580718e+01 1.876500e+01 -6.000000e+00
      vertex   3.588716e+01 1.865077e+01 -8.266667e+00
      vertex   3.580718e+01 1.876500e+01 -8.266667e+00
    endloop
  endfacet
  facet normal 9.063078e-01 4.226183e-01 0.000000e+00
    outer loop
      vertex   3.580718e+01 1.876500e+01 -6.000000e+00
      vertex   3.580718e+01 1.876500e+01 -8.266667e+00
      vertex   3.574825e+01 1.889138e+01 -6.000000e+00
    endloop
  endfacet
  facet normal 9.063078e-01 4.226183e-01 0.000000e+00
    outer loop
      vertex   3.574825e+01 1.889138e+01 -6.000000e+00
      vertex   3.580718e+01 1.876500e+01 -8.266667e+00
      vertex   3.574825e+01 1.889138e+01 -8.266667e+00
    endloop
  endfacet
  facet normal 9.659258e-01 2.588190e-01 0.000000e+00
    outer loop
      vertex   3.574825e+01 1.889138e+01 -6.000000e+00
      vertex   3.574825e+01 1.889138e+01 -8.266667e+00
      vertex   3.571215e+01 1.902608e+01 -6.000000e+00
    endloop
  endfacet
  facet normal 9.659258e-01 2.588190e-01 0.000000e+00
    outer loop
      vertex   3.571215e+01 1.902608e+01 -6.000000e+00
      vertex   3.574825e+01 1.889138e+01 -8.266667e+00
      vertex   3.571215e+01 1.902608e+01 -8.266667e+00
    endloop
  endfacet
  facet normal 9.961947e-01 8.715574e-02 -0.000000e+00
    outer loop
      vertex   3.570000e+01 1.916500e+01 -1.053333e+01
      vertex   3.570000e+01 1.916500e+01 -8.266667e+00
      vertex   3.571215e+01 1.902608e+01 -1.053333e+01
    endloop
  endfacet
  facet normal 9.961947e-01 8.715574e-02 -0.000000e+00
    outer loop
      vertex   3.571215e+01 1.902608e+01 -1.053333e+01
      vertex   3.570000e+01 1.916500e+01 -8.266667e+00
      vertex   3.571215e+01 1.902608e+01 -8.266667e+00
    endloop
  endfacet
  facet normal 9.659258e-01 2.588190e-01 -0.000000e+00
    outer loop
      vertex   3.571215e+01 1.902608e+01 -1.053333e+01
      vertex   3.571215e+01 1.902608e+01 -8.266667e+00
      vertex   3.574825e+01 1.889138e+01 -1.053333e+01
    endloop
  endfacet
  facet normal 9.659258e-01 2.588190e-01 -0.000000e+00
    outer loop
      vertex   3.574825e+01 1.889138e+01 -1.053333e+01
      vertex   3.571215e+01 1.902608e+01 -8.266667e+00
      vertex   3.574825e+01 1.889138e+01 -8.266667e+00
    endloop
  endfacet
  facet normal 9.063078e-01 4.226183e-01 -0.000000e+00
    outer loop
      vertex   3.574825e+01 1.889138e+01 -1.053333e+01
      vertex   3.574825e+01 1.889138e+01 -8.266667e+00
      vertex   3.580718e+01 1.876500e+01 -1.053333e+01
    endloop
  endfacet
  facet normal 9.063078e-01 4.226183e-01 -0.000000e+00
    outer loop
      vertex   3.580718e+01 1.876500e+01 -1.053333e+01
      vertex   3.574825e+01 1.889138e+01 -8.266667e+00
      vertex   3.580718e+01 1.876500e+01 -8.266667e+00
    endloop
  endfacet
  facet normal 8.191520e-01 5.735764e-01 -0.000000e+00
    outer loop
      vertex   3.580718e+01 1.876500e+01 -1.053333e+01
      vertex   3.580718e+01 1.876500e+01 -8.266667e+00
      vertex   3.588716e+01 1.865077e+01 -1.053333e+01
    endloop
  endfacet
  facet normal 8.191520e-01 5.735764e-01 -0.000000e+00
    outer loop
      vertex   3.588716e+01 1.865077e+01 -1.053333e+01
      vertex   3.580718e+01 1.876500e+01 -8.266667e+00
      vertex   3.588716e+01 1.865077e+01 -8.266667e+00
    endloop
  endfacet
  facet normal 7.071068e-01 7.071068e-01 -0.000000e+00
    outer loop
      vertex   3.588716e+01 1.865077e+01 -1.053333e+01
      vertex   3.588716e+01 1.865077e+01 -8.266667e+00
      vertex   3.598577e+01 1.855216e+01 -1.053333e+01
    endloop
  endfacet
  facet normal 7.071068e-01 7.071068e-01 -0.000000e+00
    outer loop
      vertex   3.598577e+01 1.855216e+01 -1.053333e+01
      vertex   3.588716e+01 1.865077e+01 -8.266667e+00
      vertex   3.598577e+01 1.855216e+01 -8.266667e+00
    endloop
  endfacet
  facet normal 5.735764e-01 8.191520e-01 -0.000000e+00
    outer loop
      vertex   3.598577e+01 1.855216e+01 -1.053333e+01
      vertex   3.598577e+01 1.855216e+01 -8.266667e+00
      vertex   3.610000e+01 1.847218e+01 -1.053333e+01
    endloop
  endfacet
  facet normal 5.735764e-01 8.191520e-01 -0.000000e+00
    outer loop
      vertex   3.610000e+01 1.847218e+01 -1.053333e+01
      vertex   3.598577e+01 1.855216e+01 -8.266667e+00
      vertex   3.610000e+01 1.847218e+01 -8.266667e+00
    endloop
  endfacet
  facet normal 4.226183e-01 9.063078e-01 -0.000000e+00
    outer loop
      vertex   3.610000e+01 1.847218e+01 -1.053333e+01
      vertex   3.610000e+01 1.847218e+01 -8.266667e+00
      vertex   3.622638e+01 1.841325e+01 -1.053333e+01
    endloop
  endfacet
  facet normal 4.226183e-01 9.063078e-01 -0.000000e+00
    outer loop
      vertex   3.622638e+01 1.841325e+01 -1.053333e+01
      vertex   3.610000e+01 1.847218e+01 -8.266667e+00
      vertex   3.622638e+01 1.841325e+01 -8.266667e+00
    endloop
  endfacet
  facet normal 2.588190e-01 9.659258e-01 -0.000000e+00
    outer loop
      vertex   3.622638e+01 1.841325e+01 -1.053333e+01
      vertex   3.622638e+01 1.841325e+01 -8.266667e+00
      vertex   3.636108e+01 1.837715e+01 -1.053333e+01
    endloop
  endfacet
  facet normal 2.588190e-01 9.659258e-01 -0.000000e+00
    outer loop
      vertex   3.636108e+01 1.837715e+01 -1.053333e+01
      vertex   3.622638e+01 1.841325e+01 -8.266667e+00
      vertex   3.636108e+01 1.837715e+01 -8.266667e+00
    endloop
  endfacet
  facet normal 8.715574e-02 9.961947e-01 -0.000000e+00
    outer loop
      vertex   3.636108e+01 1.837715e+01 -1.053333e+01
      vertex   3.636108e+01 1.837715e+01 -8.266667e+00
      vertex   3.650000e+01 1.836500e+01 -1.053333e+01
    endloop
  endfacet
  facet normal 8.715574e-02 9.961947e-01 -0.000000e+00
    outer loop
      vertex   3.650000e+01 1.836500e+01 -1.053333e+01
      vertex   3.636108e+01 1.837715e+01 -8.266667e+00
      vertex   3.650000e+01 1.836500e+01 -8.266667e+00
    endloop
  endfacet
  facet normal -8.715574e-02 9.961947e-01 0.000000e+00
    outer loop
      vertex   3.650000e+01 1.836500e+01 -1.053333e+01
      vertex   3.650000e+01 1.836500e+01 -8.266667e+00
      vertex   3.663892e+01 1.837715e+01 -1.053333e+01
    endloop
  endfacet
  facet normal -8.715574e-02 9.961947e-01 0.000000e+00
    outer loop
      vertex   3.663892e+01 1.837715e+01 -1.053333e+01
      vertex   3.650000e+01 1.836500e+01 -8.266667e+00
      vertex   3.663892e+01 1.837715e+01 -8.266667e+00
    endloop
  endfacet
  facet normal -2.588190e-01 9.659258e-01 0.000000e+00
    outer loop
      vertex   3.663892e+01 1.837715e+01 -1.053333e+01
      vertex   3.663892e+01 1.837715e+01 -8.266667e+00
      vertex   3.677362e+01 1.841325e+01 -1.053333e+01
    endloop
  endfacet
  facet normal -2.588190e-01 9.659258e-01 0.000000e+00
    outer loop
      vertex   3.677362e+01 1.841325e+01 -1.053333e+01
      vertex   3.663892e+01 1.837715e+01 -8.266667e+00
      vertex   3.677362e+01 1.841325e+01 -8.266667e+00
    endloop
  endfacet
  facet normal -4.226183e-01 9.063078e-01 0.000000e+00
    outer loop
      vertex   3.677362e+01 1.841325e+01 -1.053333e+01
      vertex   3.677362e+01 1.841325e+01 -8.266667e+00
      vertex   3.690000e+01 1.847218e+01 -1.053333e+01
    endloop
  endfacet
  facet normal -4.226183e-01 9.063078e-01 0.000000e+00
    outer loop
      vertex   3.690000e+01 1.847218e+01 -1.053333e+01
      vertex   3.677362e+01 1.841325e+01 -8.266667e+00
      vertex   3.690000e+01 1.847218e+01 -8.266667e+00
    endloop
  endfacet
  facet normal -5.735764e-01 8.191520e-01 0.000000e+00
    outer loop
      vertex   3.690000e+01 1.847218e+01 -1.053333e+01
      vertex   3.690000e+01 1.847218e+01 -8.266667e+00
      vertex   3.701423e+01 1.855216e+01 -1.053333e+01
    endloop
  endfacet
  facet normal -5.735764e-01 8.191520e-01 0.000000e+00
    outer loop
      vertex   3.701423e+01 1.855216e+01 -1.053333e+01
      vertex   3.690000e+01 1.847218e+01 -8.266667e+00
      vertex   3.701423e+01 1.855216e+01 -8.266667e+00
    endloop
  endfacet
  facet normal -7.071068e-01 7.071068e-01 0.000000e+00
    outer loop
      vertex   3.701423e+01 1.855216e+01 -1.053333e+01
      vertex   3.701423e+01 1.855216e+01 -8.266667e+00
      vertex   3.711284e+01 1.865077e+01 -1.053333e+01
    endloop
  endfacet
  facet normal -7.071068e-01 7.071068e-01 0.000000e+00
    outer loop
      vertex   3.711284e+01 1.865077e+01 -1.053333e+01
      vertex   3.701423e+01 1.855216e+01 -8.266667e+00
      vertex   3.711284e+01 1.865077e+01 -8.266667e+00
    endloop
  endfacet
  facet normal -8.191520e-01 5.735764e-01 0.000000e+00
    outer loop
      vertex   3.711284e+01 1.865077e+01 -1.053333e+01
      vertex   3.711284e+01 1.865077e+01 -8.266667e+00
      vertex   3.719282e+01 1.876500e+01 -1.053333e+01
    endloop
  endfacet
  facet normal -8.191520e-01 5.735764e-01 0.000000e+00
    outer loop
      vertex   3.719282e+01 1.876500e+01 -1.053333e+01
      vertex   3.711284e+01 1.865077e+01 -8.266667e+00
      vertex   3.719282e+01 1.876500e+01 -8.266667e+00
    endloop
  endfacet
  facet normal -9.063078e-01 4.226183e-01 0.000000e+00
    outer loop
      vertex   3.719282e+01 1.876500e+01 -1.053333e+01
      vertex   3.719282e+01 1.876500e+01 -8.266667e+00
      vertex   3.725175e+01 1.889138e+01 -1.053333e+01
    endloop
  endfacet
  facet normal -9.063078e-01 4.226183e-01 0.000000e+00
    outer loop
      vertex   3.725175e+01 1.889138e+01 -1.053333e+01
      vertex   3.719282e+01 1.876500e+01 -8.266667e+00
      vertex   3.725175e+01 1.889138e+01 -8.266667e+00
    endloop
  endfacet
  facet normal -9.659258e-01 2.588190e-01 0.000000e+00
    outer loop
      vertex   3.725175e+01 1.889138e+01 -1.053333e+01
      vertex   3.725175e+01 1.889138e+01 -8.266667e+00
      vertex   3.728785e+01 1.902608e+01 -1.053333e+01
    endloop
  endfacet
  facet normal -9.659258e-01 2.588190e-01 0.000000e+00
    outer loop
      vertex   3.728785e+01 1.902608e+01 -1.053333e+01
      vertex   3.725175e+01 1.889138e+01 -8.266667e+00
      vertex   3.728785e+01 1.902608e+01 -8.266667e+00
    endloop
  endfacet
  facet normal -9.961947e-01 8.715574e-02 0.000000e+00
    outer loop
      vertex   3.728785e+01 1.902608e+01 -1.053333e+01
      vertex   3.728785e+01 1.902608e+01 -8.266667e+00
      vertex   3.730000e+01 1.916500e+01 -1.053333e+01
    endloop
  endfacet
  facet normal -9.961947e-01 8.715574e-02 0.000000e+00
    outer loop
      vertex   3.730000e+01 1.916500e+01 -1.053333e+01
      vertex   3.728785e+01 1.902608e+01 -8.266667e+00
      vertex   3.730000e+01 1.916500e+01 -8.266667e+00
    endloop
  endfacet
  facet normal -9.961947e-01 -8.715574e-02 0.000000e+00
    outer loop
      vertex   3.730000e+01 1.916500e+01 -1.053333e+01
      vertex   3.730000e+01 1.916500e+01 -8.266667e+00
      vertex   3.728785e+01 1.930392e+01 -1.053333e+01
    endloop
  endfacet
  facet normal -9.961947e-01 -8.715574e-02 0.000000e+00
    outer loop
      vertex   3.728785e+01 1.930392e+01 -1.053333e+01
      vertex   3.730000e+01 1.916500e+01 -8.266667e+00
      vertex   3.728785e+01 1.930392e+01 -8.266667e+00
    endloop
  endfacet
  facet normal -9.659258e-01 -2.588190e-01 0.000000e+00
    outer loop
      vertex   3.728785e+01 1.930392e+01 -1.053333e+01
      vertex   3.728785e+01 1.930392e+01 -8.266667e+00
      vertex   3.725175e+01 1.943862e+01 -1.053333e+01
    endloop
  endfacet
  facet normal -9.659258e-01 -2.588190e-01 0.000000e+00
    outer loop
      vertex   3.725175e+01 1.943862e+01 -1.053333e+01
      vertex   3.728785e+01 1.930392e+01 -8.266667e+00
      vertex   3.725175e+01 1.943862e+01 -8.266667e+00
    endloop
  endfacet
  facet normal -9.063078e-01 -4.226183e-01 0.000000e+00
    outer loop
      vertex   3.725175e+01 1.943862e+01 -1.053333e+01
      vertex   3.725175e+01 1.943862e+01 -8.266667e+00
      vertex   3.719282e+01 1.956500e+01 -1.053333e+01
    endloop
  endfacet
  facet normal -9.063078e-01 -4.226183e-01 0.000000e+00
    outer loop
      vertex   3.719282e+01 1.956500e+01 -1.053333e+01
      vertex   3.725175e+01 1.943862e+01 -8.266667e+00
      vertex   3.719282e+01 1.956500e+01 -8.266667e+00
    endloop
  endfacet
  facet normal -8.191520e-01 -5.735764e-01 0.000000e+00
    outer loop
      vertex   3.719282e+01 1.956500e+01 -1.053333e+01
      vertex   3.719282e+01 1.956500e+01 -8.266667e+00
      vertex   3.711284e+01 1.967923e+01 -1.053333e+01
    endloop
  endfacet
  facet normal -8.191520e-01 -5.735764e-01 0.000000e+00
    outer loop
      vertex   3.711284e+01 1.967923e+01 -1.053333e+01
      vertex   3.719282e+01 1.956500e+01 -8.266667e+00
      vertex   3.711284e+01 1.967923e+01 -8.266667e+00
    endloop
  endfacet
  facet normal -7.071068e-01 -7.071068e-01 0.000000e+00
    outer loop
      vertex   3.711284e+01 1.967923e+01 -1.053333e+01
      vertex   3.711284e+01 1.967923e+01 -8.266667e+00
      vertex   3.701423e+01 1.977784e+01 -1.053333e+01
    endloop
  endfacet
  facet normal -7.071068e-01 -7.071068e-01 0.000000e+00
    outer loop
      vertex   3.701423e+01 1.977784e+01 -1.053333e+01
      vertex   3.711284e+01 1.967923e+01 -8.266667e+00
      vertex   3.701423e+01 1.977784e+01 -8.266667e+00
    endloop
  endfacet
  facet normal -5.735764e-01 -8.191520e-01 0.000000e+00
    outer loop
      vertex   3.701423e+01 1.977784e+01 -1.053333e+01
      vertex   3.701423e+01 1.977784e+01 -8.266667e+00
      vertex   3.690000e+01 1.985782e+01 -1.053333e+01
    endloop
  endfacet
  facet normal -5.735764e-01 -8.191520e-01 0.000000e+00
    outer loop
      vertex   3.690000e+01 1.985782e+01 -1.053333e+01
      vertex   3.701423e+01 1.977784e+01 -8.266667e+00
      vertex   3.690000e+01 1.985782e+01 -8.266667e+00
    endloop
  endfacet
  facet normal -4.226183e-01 -9.063078e-01 0.000000e+00
    outer loop
      vertex   3.690000e+01 1.985782e+01 -1.053333e+01
      vertex   3.690000e+01 1.985782e+01 -8.266667e+00
      vertex   3.677362e+01 1.991675e+01 -1.053333e+01
    endloop
  endfacet
  facet normal -4.226183e-01 -9.063078e-01 0.000000e+00
    outer loop
      vertex   3.677362e+01 1.991675e+01 -1.053333e+01
      vertex   3.690000e+01 1.985782e+01 -8.266667e+00
      vertex   3.677362e+01 1.991675e+01 -8.266667e+00
    endloop
  endfacet
  facet normal -2.588190e-01 -9.659258e-01 0.000000e+00
    outer loop
      vertex   3.677362e+01 1.991675e+01 -1.053333e+01
      vertex   3.677362e+01 1.991675e+01 -8.266667e+00
      vertex   3.663892e+01 1.995285e+01 -1.053333e+01
    endloop
  endfacet
  facet normal -2.588190e-01 -9.659258e-01 0.000000e+00
    outer loop
      vertex   3.663892e+01 1.995285e+01 -1.053333e+01
      vertex   3.677362e+01 1.991675e+01 -8.266667e+00
      vertex   3.663892e+01 1.995285e+01 -8.266667e+00
    endloop
  endfacet
  facet normal -8.715574e-02 -9.961947e-01 0.000000e+00
    outer loop
      vertex   3.663892e+01 1.995285e+01 -1.053333e+01
      vertex   3.663892e+01 1.995285e+01 -8.266667e+00
      vertex   3.650000e+01 1.996500e+01 -1.053333e+01
    endloop
  endfacet
  facet normal -8.715574e-02 -9.961947e-01 0.000000e+00
    outer loop
      vertex   3.650000e+01 1.996500e+01 -1.053333e+01
      vertex   3.663892e+01 1.995285e+01 -8.266667e+00
      vertex   3.650000e+01 1.996500e+01 -8.266667e+00
    endloop
  endfacet
  facet normal 8.715574e-02 -9.961947e-01 0.000000e+00
    outer loop
      vertex   3.650000e+01 1.996500e+01 -1.053333e+01
      vertex   3.650000e+01 1.996500e+01 -8.266667e+00
      vertex   3.636108e+01 1.995285e+01 -1.053333e+01
    endloop
  endfacet
  facet normal 8.715574e-02 -9.961947e-01 0.000000e+00
    outer loop
      vertex   3.636108e+01 1.995285e+01 -1.053333e+01
      vertex   3.650000e+01 1.996500e+01 -8.266667e+00
      vertex   3.636108e+01 1.995285e+01 -8.266667e+00
    endloop
  endfacet
  facet normal 2.588190e-01 -9.659258e-01 0.000000e+00
    outer loop
      vertex   3.636108e+01 1.995285e+01 -1.053333e+01
      vertex   3.636108e+01 1.995285e+01 -8.266667e+00
      vertex   3.622638e+01 1.991675e+01 -1.053333e+01
    endloop
  endfacet
  facet normal 2.588190e-01 -9.659258e-01 0.000000e+00
    outer loop
      vertex   3.622638e+01 1.991675e+01 -1.053333e+01
      vertex   3.636108e+01 1.995285e+01 -8.266667e+00
      vertex   3.622638e+01 1.991675e+01 -8.266667e+00
    endloop
  endfacet
  facet normal 4.226183e-01 -9.063078e-01 0.000000e+00
    outer loop
      vertex   3.622638e+01 1.991675e+01 -1.053333e+01
      vertex   3.622638e+01 1.991675e+01 -8.266667e+00
      vertex   3.610000e+01 1.985782e+01 -1.053333e+01
    endloop
  endfacet
  facet normal 4.226183e-01 -9.063078e-01 0.000000e+00
    outer loop
      vertex   3.610000e+01 1.985782e+01 -1.053333e+01
      vertex   3.622638e+01 1.991675e+01 -8.266667e+00
      vertex   3.610000e+01 1.985782e+01 -8.266667e+00
    endloop
  endfacet
  facet normal 5.735764e-01 -8.191520e-01 0.000000e+00
    outer loop
      vertex   3.610000e+01 1.985782e+01 -1.053333e+01
      vertex   3.610000e+01 1.985782e+01 -8.266667e+00
      vertex   3.598577e+01 1.977784e+01 -1.053333e+01
    endloop
  endfacet
  facet normal 5.735764e-01 -8.191520e-01 0.000000e+00
    outer loop
      vertex   3.598577e+01 1.977784e+01 -1.053333e+01
      vertex   3.610000e+01 1.985782e+01 -8.266667e+00
      vertex   3.598577e+01 1.977784e+01 -8.266667e+00
    endloop
  endfacet
  facet normal 7.071068e-01 -7.071068e-01 0.000000e+00
    outer loop
      vertex   3.598577e+01 1.977784e+01 -1.053333e+01
      vertex   3.598577e+01 1.977784e+01 -8.266667e+00
      vertex   3.588716e+01 1.967923e+01 -1.053333e+01
    endloop
  endfacet
  facet normal 7.071068e-01 -7.071068e-01 0.000000e+00
    outer loop
      vertex   3.588716e+01 1.967923e+01 -1.053333e+01
      vertex   3.598577e+01 1.977784e+01 -8.266667e+00
      vertex   3.588716e+01 1.967923e+01 -8.266667e+00
    endloop
  endfacet
  facet normal 8.191520e-01 -5.735764e-01 0.000000e+00
    outer loop
      vertex   3.588716e+01 1.967923e+01 -1.053333e+01
      vertex   3.588716e+01 1.967923e+01 -8.266667e+00
      vertex   3.580718e+01 1.956500e+01 -1.053333e+01
    endloop
  endfacet
  facet normal 8.191520e-01 -5.735764e-01 0.000000e+00
    outer loop
      vertex   3.580718e+01 1.956500e+01 -1.053333e+01
      vertex   3.588716e+01 1.967923e+01 -8.266667e+00
      vertex   3.580718e+01 1.956500e+01 -8.266667e+00
    endloop
  endfacet
  facet normal 9.063078e-01 -4.226183e-01 0.000000e+00
    outer loop
      vertex   3.580718e+01 1.956500e+01 -1.053333e+01
      vertex   3.580718e+01 1.956500e+01 -8.266667e+00
      vertex   3.574825e+01 1.943862e+01 -1.053333e+01
    endloop
  endfacet
  facet normal 9.063078e-01 -4.226183e-01 0.000000e+00
    outer loop
      vertex   3.574825e+01 1.943862e+01 -1.053333e+01
      vertex   3.580718e+01 1.956500e+01 -8.266667e+00
      vertex   3.574825e+01 1.943862e+01 -8.266667e+00
    endloop
  endfacet
  facet normal 9.659258e-01 -2.588190e-01 0.000000e+00
    outer loop
      vertex   3.574825e+01 1.943862e+01 -1.053333e+01
      vertex   3.574825e+01 1.943862e+01 -8.266667e+00
      vertex   3.571215e+01 1.930392e+01 -1.053333e+01
    endloop
  endfacet
  facet normal 9.659258e-01 -2.588190e-01 0.000000e+00
    outer loop
      vertex   3.571215e+01 1.930392e+01 -1.053333e+01
      vertex   3.574825e+01 1.943862e+01 -8.266667e+00
      vertex   3.571215e+01 1.930392e+01 -8.266667e+00
    endloop
  endfacet
  facet normal 9.961947e-01 -8.715574e-02 0.000000e+00
    outer loop
      vertex   3.571215e+01 1.930392e+01 -1.053333e+01
      vertex   3.571215e+01 1.930392e+01 -8.266667e+00
      vertex   3.570000e+01 1.916500e+01 -1.053333e+01
    endloop
  endfacet
  facet normal 9.961947e-01 -8.715574e-02 0.000000e+00
    outer loop
      vertex   3.570000e+01 1.916500e+01 -1.053333e+01
      vertex   3.571215e+01 1.930392e+01 -8.266667e+00
      vertex   3.570000e+01 1.916500e+01 -8.266667e+00
    endloop
  endfacet
  facet normal 0.000000e+00 -0.000000e+00 1.000000e+00
    outer loop
      vertex   -3.728785e+01 1.902608e+01 -1.280000e+01
      vertex   -3.571215e+01 1.902608e+01 -1.280000e+01
      vertex   -3.730000e+01 1.916500e+01 -1.280000e+01
    endloop
  endfacet
  facet normal -0.000000e+00 0.000000e+00 1.000000e+00
    outer loop
      vertex   -3.730000e+01 1.916500e+01 -1.280000e+01
      vertex   -3.571215e+01 1.902608e+01 -1.280000e+01
      vertex   -3.570000e+01 1.916500e+01 -1.280000e+01
    endloop
  endfacet
  facet normal 0.000000e+00 0.000000e+00 1.000000e+00
    outer loop
      vertex   -3.730000e+01 1.916500e+01 -1.280000e+01
      vertex   -3.570000e+01 1.916500e+01 -1.280000e+01
      vertex   -3.728785e+01 1.930392e+01 -1.280000e+01
    endloop
  endfacet
  facet normal -0.000000e+00 0.000000e+00 1.000000e+00
    outer loop
      vertex   -3.728785e+01 1.930392e+01 -1.280000e+01
      vertex   -3.570000e+01 1.916500e+01 -1.280000e+01
      vertex   -3.571215e+01 1.930392e+01 -1.280000e+01
    endloop
  endfacet
  facet normal 0.000000e+00 0.000000e+00 1.000000e+00
    outer loop
      vertex   -3.728785e+01 1.930392e+01 -1.280000e+01
      vertex   -3.571215e+01 1.930392e+01 -1.280000e+01
      vertex   -3.725175e+01 1.943862e+01 -1.280000e+01
    endloop
  endfacet
  facet normal -0.000000e+00 0.000000e+00 1.000000e+00
    outer loop
      vertex   -3.725175e+01 1.943862e+01 -1.280000e+01
      vertex   -3.571215e+01 1.930392e+01 -1.280000e+01
      vertex   -3.574825e+01 1.943862e+01 -1.280000e+01
    endloop
  endfacet
  facet normal 0.000000e+00 0.000000e+00 1.000000e+00
    outer loop
      vertex   -3.725175e+01 1.943862e+01 -1.280000e+01
      vertex   -3.574825e+01 1.943862e+01 -1.280000e+01
      vertex   -3.719282e+01 1.956500e+01 -1.280000e+01
    endloop
  endfacet
  facet normal -0.000000e+00 0.000000e+00 1.000000e+00
    outer loop
      vertex   -3.719282e+01 1.956500e+01 -1.280000e+01
      vertex   -3.574825e+01 1.943862e+01 -1.280000e+01
      vertex   -3.580718e+01 1.956500e+01 -1.280000e+01
    endloop
  endfacet
  facet normal 0.000000e+00 0.000000e+00 1.000000e+00
    outer loop
      vertex   -3.719282e+01 1.956500e+01 -1.280000e+01
      vertex   -3.580718e+01 1.956500e+01 -1.280000e+01
      vertex   -3.711284e+01 1.967923e+01 -1.280000e+01
    endloop
  endfacet
  facet normal -0.000000e+00 0.000000e+00 1.000000e+00
    outer loop
      vertex   -3.711284e+01 1.967923e+01 -1.280000e+01
      vertex   -3.580718e+01 1.956500e+01 -1.280000e+01
      vertex   -3.588716e+01 1.967923e+01 -1.280000e+01
    endloop
  endfacet
  facet normal 0.000000e+00 0.000000e+00 1.000000e+00
    outer loop
      vertex   -3.711284e+01 1.967923e+01 -1.280000e+01
      vertex   -3.588716e+01 1.967923e+01 -1.280000e+01
      vertex   -3.701423e+01 1.977784e+01 -1.280000e+01
    endloop
  endfacet
  facet normal -0.000000e+00 0.000000e+00 1.000000e+00
    outer loop
      vertex   -3.701423e+01 1.977784e+01 -1.280000e+01
      vertex   -3.588716e+01 1.967923e+01 -1.280000e+01
      vertex   -3.598577e+01 1.977784e+01 -1.280000e+01
    endloop
  endfacet
  facet normal 0.000000e+00 0.000000e+00 1.000000e+00
    outer loop
      vertex   -3.701423e+01 1.977784e+01 -1.280000e+01
      vertex   -3.598577e+01 1.977784e+01 -1.280000e+01
      vertex   -3.690000e+01 1.985782e+01 -1.280000e+01
    endloop
  endfacet
  facet normal -0.000000e+00 0.000000e+00 1.000000e+00
    outer loop
      vertex   -3.690000e+01 1.985782e+01 -1.280000e+01
      vertex   -3.598577e+01 1.977784e+01 -1.280000e+01
      vertex   -3.610000e+01 1.985782e+01 -1.280000e+01
    endloop
  endfacet
  facet normal 0.000000e+00 0.000000e+00 1.000000e+00
    outer loop
      vertex   -3.690000e+01 1.985782e+01 -1.280000e+01
      vertex   -3.610000e+01 1.985782e+01 -1.280000e+01
      vertex   -3.677362e+01 1.991675e+01 -1.280000e+01
    endloop
  endfacet
  facet normal -0.000000e+00 0.000000e+00 1.000000e+00
    outer loop
      vertex   -3.677362e+01 1.991675e+01 -1.280000e+01
      vertex   -3.610000e+01 1.985782e+01 -1.280000e+01
      vertex   -3.622638e+01 1.991675e+01 -1.280000e+01
    endloop
  endfacet
  facet normal 0.000000e+00 0.000000e+00 1.000000e+00
    outer loop
      vertex   -3.677362e+01 1.991675e+01 -1.280000e+01
      vertex   -3.622638e+01 1.991675e+01 -1.280000e+01
      vertex   -3.663892e+01 1.995285e+01 -1.280000e+01
    endloop
  endfacet
  facet normal -0.000000e+00 0.000000e+00 1.000000e+00
    outer loop
      vertex   -3.663892e+01 1.995285e+01 -1.280000e+01
      vertex   -3.622638e+01 1.991675e+01 -1.280000e+01
      vertex   -3.636108e+01 1.995285e+01 -1.280000e+01
    endloop
  endfacet
  facet normal 0.000000e+00 0.000000e+00 1.000000e+00
    outer loop
      vertex   -3.663892e+01 1.995285e+01 -1.280000e+01
      vertex   -3.636108e+01 1.995285e+01 -1.280000e+01
      vertex   -3.650000e+01 1.996500e+01 -1.280000e+01
    endloop
  endfacet
  facet normal 0.000000e+00 0.000000e+00 1.000000e+00
    outer loop
      vertex   -3.571215e+01 1.902608e+01 -1.280000e+01
      vertex   -3.728785e+01 1.902608e+01 -1.280000e+01
      vertex   -3.574825e+01 1.889138e+01 -1.280000e+01
    endloop
  endfacet
  facet normal 0.000000e+00 0.000000e+00 1.000000e+00
    outer loop
      vertex   -3.574825e+01 1.889138e+01 -1.280000e+01
      vertex   -3.728785e+01 1.902608e+01 -1.280000e+01
      vertex   -3.725175e+01 1.889138e+01 -1.280000e+01
    endloop
  endfacet
  facet normal 0.000000e+00 0.000000e+00 1.000000e+00
    outer loop
      vertex   -3.574825e+01 1.889138e+01 -1.280000e+01
      vertex   -3.725175e+01 1.889138e+01 -1.280000e+01
      vertex   -3.580718e+01 1.876500e+01 -1.280000e+01
    endloop
  endfacet
  facet normal 0.000000e+00 0.000000e+00 1.000000e+00
    outer loop
      vertex   -3.580718e+01 1.876500e+01 -1.280000e+01
      vertex   -3.725175e+01 1.889138e+01 -1.280000e+01
      vertex   -3.719282e+01 1.876500e+01 -1.280000e+01
    endloop
  endfacet
  facet normal 0.000000e+00 0.000000e+00 1.000000e+00
    outer loop
      vertex   -3.580718e+01 1.876500e+01 -1.280000e+01
      vertex   -3.719282e+01 1.876500e+01 -1.280000e+01
      vertex   -3.588716e+01 1.865077e+01 -1.280000e+01
    endloop
  endfacet
  facet normal 0.000000e+00 0.000000e+00 1.000000e+00
    outer loop
      vertex   -3.588716e+01 1.865077e+01 -1.280000e+01
      vertex   -3.719282e+01 1.876500e+01 -1.280000e+01
      vertex   -3.711284e+01 1.865077e+01 -1.280000e+01
    endloop
  endfacet
  facet normal 0.000000e+00 0.000000e+00 1.000000e+00
    outer loop
      vertex   -3.588716e+01 1.865077e+01 -1.280000e+01
      vertex   -3.711284e+01 1.865077e+01 -1.280000e+01
      vertex   -3.598577e+01 1.855216e+01 -1.280000e+01
    endloop
  endfacet
  facet normal 0.000000e+00 0.000000e+00 1.000000e+00
    outer loop
      vertex   -3.598577e+01 1.855216e+01 -1.280000e+01
      vertex   -3.711284e+01 1.865077e+01 -1.280000e+01
      vertex   -3.701423e+01 1.855216e+01 -1.280000e+01
    endloop
  endfacet
  facet normal 0.000000e+00 0.000000e+00 1.000000e+00
    outer loop
      vertex   -3.598577e+01 1.855216e+01 -1.280000e+01
      vertex   -3.701423e+01 1.855216e+01 -1.280000e+01
      vertex   -3.610000e+01 1.847218e+01 -1.280000e+01
    endloop
  endfacet
  facet normal 0.000000e+00 0.000000e+00 1.000000e+00
    outer loop
      vertex   -3.610000e+01 1.847218e+01 -1.280000e+01
      vertex   -3.701423e+01 1.855216e+01 -1.280000e+01
      vertex   -3.690000e+01 1.847218e+01 -1.280000e+01
    endloop
  endfacet
  facet normal 0.000000e+00 0.000000e+00 1.000000e+00
    outer loop
      vertex   -3.610000e+01 1.847218e+01 -1.280000e+01
      vertex   -3.690000e+01 1.847218e+01 -1.280000e+01
      vertex   -3.622638e+01 1.841325e+01 -1.280000e+01
    endloop
  endfacet
  facet normal 0.000000e+00 0.000000e+00 1.000000e+00
    outer loop
      vertex   -3.622638e+01 1.841325e+01 -1.280000e+01
      vertex   -3.690000e+01 1.847218e+01 -1.280000e+01
      vertex   -3.677362e+01 1.841325e+01 -1.280000e+01
    endloop
  endfacet
  facet normal 0.000000e+00 0.000000e+00 1.000000e+00
    outer loop
      vertex   -3.622638e+01 1.841325e+01 -1.280000e+01
      vertex   -3.677362e+01 1.841325e+01 -1.280000e+01
      vertex   -3.636108e+01 1.837715e+01 -1.280000e+01
    endloop
  endfacet
  facet normal 0.000000e+00 0.000000e+00 1.000000e+00
    outer loop
      vertex   -3.636108e+01 1.837715e+01 -1.280000e+01
      vertex   -3.677362e+01 1.841325e+01 -1.280000e+01
      vertex   -3.663892e+01 1.837715e+01 -1.280000e+01
    endloop
  endfacet
  facet normal 0.000000e+00 0.000000e+00 1.000000e+00
    outer loop
      vertex   -3.636108e+01 1.837715e+01 -1.280000e+01
      vertex   -3.663892e+01 1.837715e+01 -1.280000e+01
      vertex   -3.650000e+01 1.836500e+01 -1.280000e+01
    endloop
  endfacet
  facet normal 9.961947e-01 -8.715574e-02 0.000000e+00
    outer loop
      vertex   -3.728785e+01 1.930392e+01 -1.280000e+01
      vertex   -3.728785e+01 1.930392e+01 -1.053333e+01
      vertex   -3.730000e+01 1.916500e+01 -1.280000e+01
    endloop
  endfacet
  facet normal 9.961947e-01 -8.715574e-02 0.000000e+00
    outer loop
      vertex   -3.730000e+01 1.916500e+01 -1.280000e+01
      vertex   -3.728785e+01 1.930392e+01 -1.053333e+01
      vertex   -3.730000e+01 1.916500e+01 -1.053333e+01
    endloop
  endfacet
  facet normal 9.961947e-01 8.715574e-02 -0.000000e+00
    outer loop
      vertex   -3.730000e+01 1.916500e+01 -1.280000e+01
      vertex   -3.730000e+01 1.916500e+01 -1.053333e+01
      vertex   -3.728785e+01 1.902608e+01 -1.280000e+01
    endloop
  endfacet
  facet normal 9.961947e-01 8.715574e-02 -0.000000e+00
    outer loop
      vertex   -3.728785e+01 1.902608e+01 -1.280000e+01
      vertex   -3.730000e+01 1.916500e+01 -1.053333e+01
      vertex   -3.728785e+01 1.902608e+01 -1.053333e+01
    endloop
  endfacet
  facet normal 9.659258e-01 2.588190e-01 -0.000000e+00
    outer loop
      vertex   -3.728785e+01 1.902608e+01 -1.280000e+01
      vertex   -3.728785e+01 1.902608e+01 -1.053333e+01
      vertex   -3.725175e+01 1.889138e+01 -1.280000e+01
    endloop
  endfacet
  facet normal 9.659258e-01 2.588190e-01 -0.000000e+00
    outer loop
      vertex   -3.725175e+01 1.889138e+01 -1.280000e+01
      vertex   -3.728785e+01 1.902608e+01 -1.053333e+01
      vertex   -3.725175e+01 1.889138e+01 -1.053333e+01
    endloop
  endfacet
  facet normal 9.063078e-01 4.226183e-01 -0.000000e+00
    outer loop
      vertex   -3.725175e+01 1.889138e+01 -1.280000e+01
      vertex   -3.725175e+01 1.889138e+01 -1.053333e+01
      vertex   -3.719282e+01 1.876500e+01 -1.280000e+01
    endloop
  endfacet
  facet normal 9.063078e-01 4.226183e-01 -0.000000e+00
    outer loop
      vertex   -3.719282e+01 1.876500e+01 -1.280000e+01
      vertex   -3.725175e+01 1.889138e+01 -1.053333e+01
      vertex   -3.719282e+01 1.876500e+01 -1.053333e+01
    endloop
  endfacet
  facet normal 8.191520e-01 5.735764e-01 -0.000000e+00
    outer loop
      vertex   -3.719282e+01 1.876500e+01 -1.280000e+01
      vertex   -3.719282e+01 1.876500e+01 -1.053333e+01
      vertex   -3.711284e+01 1.865077e+01 -1.280000e+01
    endloop
  endfacet
  facet normal 8.191520e-01 5.735764e-01 -0.000000e+00
    outer loop
      vertex   -3.711284e+01 1.865077e+01 -1.280000e+01
      vertex   -3.719282e+01 1.876500e+01 -1.053333e+01
      vertex   -3.711284e+01 1.865077e+01 -1.053333e+01
    endloop
  endfacet
  facet normal 7.071068e-01 7.071068e-01 -0.000000e+00
    outer loop
      vertex   -3.711284e+01 1.865077e+01 -1.280000e+01
      vertex   -3.711284e+01 1.865077e+01 -1.053333e+01
      vertex   -3.701423e+01 1.855216e+01 -1.280000e+01
    endloop
  endfacet
  facet normal 7.071068e-01 7.071068e-01 -0.000000e+00
    outer loop
      vertex   -3.701423e+01 1.855216e+01 -1.280000e+01
      vertex   -3.711284e+01 1.865077e+01 -1.053333e+01
      vertex   -3.701423e+01 1.855216e+01 -1.053333e+01
    endloop
  endfacet
  facet normal 5.735764e-01 8.191520e-01 -0.000000e+00
    outer loop
      vertex   -3.701423e+01 1.855216e+01 -1.280000e+01
      vertex   -3.701423e+01 1.855216e+01 -1.053333e+01
      vertex   -3.690000e+01 1.847218e+01 -1.280000e+01
    endloop
  endfacet
  facet normal 5.735764e-01 8.191520e-01 -0.000000e+00
    outer loop
      vertex   -3.690000e+01 1.847218e+01 -1.280000e+01
      vertex   -3.701423e+01 1.855216e+01 -1.053333e+01
      vertex   -3.690000e+01 1.847218e+01 -1.053333e+01
    endloop
  endfacet
  facet normal 4.226183e-01 9.063078e-01 -0.000000e+00
    outer loop
      vertex   -3.690000e+01 1.847218e+01 -1.280000e+01
      vertex   -3.690000e+01 1.847218e+01 -1.053333e+01
      vertex   -3.677362e+01 1.841325e+01 -1.280000e+01
    endloop
  endfacet
  facet normal 4.226183e-01 9.063078e-01 -0.000000e+00
    outer loop
      vertex   -3.677362e+01 1.841325e+01 -1.280000e+01
      vertex   -3.690000e+01 1.847218e+01 -1.053333e+01
      vertex   -3.677362e+01 1.841325e+01 -1.053333e+01
    endloop
  endfacet
  facet normal 2.588190e-01 9.659258e-01 -0.000000e+00
    outer loop
      vertex   -3.677362e+01 1.841325e+01 -1.280000e+01
      vertex   -3.677362e+01 1.841325e+01 -1.053333e+01
      vertex   -3.663892e+01 1.837715e+01 -1.280000e+01
    endloop
  endfacet
  facet normal 2.588190e-01 9.659258e-01 -0.000000e+00
    outer loop
      vertex   -3.663892e+01 1.837715e+01 -1.280000e+01
      vertex   -3.677362e+01 1.841325e+01 -1.053333e+01
      vertex   -3.663892e+01 1.837715e+01 -1.053333e+01
    endloop
  endfacet
  facet normal 8.715574e-02 9.961947e-01 -0.000000e+00
    outer loop
      vertex   -3.663892e+01 1.837715e+01 -1.280000e+01
      vertex   -3.663892e+01 1.837715e+01 -1.053333e+01
      vertex   -3.650000e+01 1.836500e+01 -1.280000e+01
    endloop
  endfacet
  facet normal 8.715574e-02 9.961947e-01 -0.000000e+00
    outer loop
      vertex   -3.650000e+01 1.836500e+01 -1.280000e+01
      vertex   -3.663892e+01 1.837715e+01 -1.053333e+01
      vertex   -3.650000e+01 1.836500e+01 -1.053333e+01
    endloop
  endfacet
  facet normal -8.715574e-02 9.961947e-01 0.000000e+00
    outer loop
      vertex   -3.650000e+01 1.836500e+01 -1.280000e+01
      vertex   -3.650000e+01 1.836500e+01 -1.053333e+01
      vertex   -3.636108e+01 1.837715e+01 -1.280000e+01
    endloop
  endfacet
  facet normal -8.715574e-02 9.961947e-01 0.000000e+00
    outer loop
      vertex   -3.636108e+01 1.837715e+01 -1.280000e+01
      vertex   -3.650000e+01 1.836500e+01 -1.053333e+01
      vertex   -3.636108e+01 1.837715e+01 -1.053333e+01
    endloop
  endfacet
  facet normal -2.588190e-01 9.659258e-01 0.000000e+00
    outer loop
      vertex   -3.636108e+01 1.837715e+01 -1.280000e+01
      vertex   -3.636108e+01 1.837715e+01 -1.053333e+01
      vertex   -3.622638e+01 1.841325e+01 -1.280000e+01
    endloop
  endfacet
  facet normal -2.588190e-01 9.659258e-01 0.000000e+00
    outer loop
      vertex   -3.622638e+01 1.841325e+01 -1.280000e+01
      vertex   -3.636108e+01 1.837715e+01 -1.053333e+01
      vertex   -3.622638e+01 1.841325e+01 -1.053333e+01
    endloop
  endfacet
  facet normal -4.226183e-01 9.063078e-01 0.000000e+00
    outer loop
      vertex   -3.622638e+01 1.841325e+01 -1.280000e+01
      vertex   -3.622638e+01 1.841325e+01 -1.053333e+01
      vertex   -3.610000e+01 1.847218e+01 -1.280000e+01
    endloop
  endfacet
  facet normal -4.226183e-01 9.063078e-01 0.000000e+00
    outer loop
      vertex   -3.610000e+01 1.847218e+01 -1.280000e+01
      vertex   -3.622638e+01 1.841325e+01 -1.053333e+01
      vertex   -3.610000e+01 1.847218e+01 -1.053333e+01
    endloop
  endfacet
  facet normal -5.735764e-01 8.191520e-01 0.000000e+00
    outer loop
      vertex   -3.610000e+01 1.847218e+01 -1.280000e+01
      vertex   -3.610000e+01 1.847218e+01 -1.053333e+01
      vertex   -3.598577e+01 1.855216e+01 -1.280000e+01
    endloop
  endfacet
  facet normal -5.735764e-01 8.191520e-01 0.000000e+00
    outer loop
      vertex   -3.598577e+01 1.855216e+01 -1.280000e+01
      vertex   -3.610000e+01 1.847218e+01 -1.053333e+01
      vertex   -3.598577e+01 1.855216e+01 -1.053333e+01
    endloop
  endfacet
  facet normal -7.071068e-01 7.071068e-01 0.000000e+00
    outer loop
      vertex   -3.598577e+01 1.855216e+01 -1.280000e+01
      vertex   -3.598577e+01 1.855216e+01 -1.053333e+01
      vertex   -3.588716e+01 1.865077e+01 -1.280000e+01
    endloop
  endfacet
  facet normal -7.071068e-01 7.071068e-01 0.000000e+00
    outer loop
      vertex   -3.588716e+01 1.865077e+01 -1.280000e+01
      vertex   -3.598577e+01 1.855216e+01 -1.053333e+01
      vertex   -3.588716e+01 1.865077e+01 -1.053333e+01
    endloop
  endfacet
  facet normal -8.191520e-01 5.735764e-01 0.000000e+00
    outer loop
      vertex   -3.588716e+01 1.865077e+01 -1.280000e+01
      vertex   -3.588716e+01 1.865077e+01 -1.053333e+01
      vertex   -3.580718e+01 1.876500e+01 -1.280000e+01
    endloop
  endfacet
  facet normal -8.191520e-01 5.735764e-01 0.000000e+00
    outer loop
      vertex   -3.580718e+01 1.876500e+01 -1.280000e+01
      vertex   -3.588716e+01 1.865077e+01 -1.053333e+01
      vertex   -3.580718e+01 1.876500e+01 -1.053333e+01
    endloop
  endfacet
  facet normal -9.063078e-01 4.226183e-01 0.000000e+00
    outer loop
      vertex   -3.580718e+01 1.876500e+01 -1.280000e+01
      vertex   -3.580718e+01 1.876500e+01 -1.053333e+01
      vertex   -3.574825e+01 1.889138e+01 -1.280000e+01
    endloop
  endfacet
  facet normal -9.063078e-01 4.226183e-01 0.000000e+00
    outer loop
      vertex   -3.574825e+01 1.889138e+01 -1.280000e+01
      vertex   -3.580718e+01 1.876500e+01 -1.053333e+01
      vertex   -3.574825e+01 1.889138e+01 -1.053333e+01
    endloop
  endfacet
  facet normal -9.659258e-01 2.588190e-01 0.000000e+00
    outer loop
      vertex   -3.574825e+01 1.889138e+01 -1.280000e+01
      vertex   -3.574825e+01 1.889138e+01 -1.053333e+01
      vertex   -3.571215e+01 1.902608e+01 -1.280000e+01
    endloop
  endfacet
  facet normal -9.659258e-01 2.588190e-01 0.000000e+00
    outer loop
      vertex   -3.571215e+01 1.902608e+01 -1.280000e+01
      vertex   -3.574825e+01 1.889138e+01 -1.053333e+01
      vertex   -3.571215e+01 1.902608e+01 -1.053333e+01
    endloop
  endfacet
  facet normal -9.961947e-01 8.715574e-02 0.000000e+00
    outer loop
      vertex   -3.571215e+01 1.902608e+01 -1.280000e+01
      vertex   -3.571215e+01 1.902608e+01 -1.053333e+01
      vertex   -3.570000e+01 1.916500e+01 -1.280000e+01
    endloop
  endfacet
  facet normal -9.961947e-01 8.715574e-02 0.000000e+00
    outer loop
      vertex   -3.570000e+01 1.916500e+01 -1.280000e+01
      vertex   -3.571215e+01 1.902608e+01 -1.053333e+01
      vertex   -3.570000e+01 1.916500e+01 -1.053333e+01
    endloop
  endfacet
  facet normal -9.961947e-01 -8.715574e-02 0.000000e+00
    outer loop
      vertex   -3.570000e+01 1.916500e+01 -1.280000e+01
      vertex   -3.570000e+01 1.916500e+01 -1.053333e+01
      vertex   -3.571215e+01 1.930392e+01 -1.280000e+01
    endloop
  endfacet
  facet normal -9.961947e-01 -8.715574e-02 0.000000e+00
    outer loop
      vertex   -3.571215e+01 1.930392e+01 -1.280000e+01
      vertex   -3.570000e+01 1.916500e+01 -1.053333e+01
      vertex   -3.571215e+01 1.930392e+01 -1.053333e+01
    endloop
  endfacet
  facet normal -9.659258e-01 -2.588190e-01 0.000000e+00
    outer loop
      vertex   -3.571215e+01 1.930392e+01 -1.280000e+01
      vertex   -3.571215e+01 1.930392e+01 -1.053333e+01
      vertex   -3.574825e+01 1.943862e+01 -1.280000e+01
    endloop
  endfacet
  facet normal -9.659258e-01 -2.588190e-01 0.000000e+00
    outer loop
      vertex   -3.574825e+01 1.943862e+01 -1.280000e+01
      vertex   -3.571215e+01 1.930392e+01 -1.053333e+01
      vertex   -3.574825e+01 1.943862e+01 -1.053333e+01
    endloop
  endfacet
  facet normal -9.063078e-01 -4.226183e-01 0.000000e+00
    outer loop
      vertex   -3.574825e+01 1.943862e+01 -1.280000e+01
      vertex   -3.574825e+01 1.943862e+01 -1.053333e+01
      vertex   -3.580718e+01 1.956500e+01 -1.280000e+01
    endloop
  endfacet
  facet normal -9.063078e-01 -4.226183e-01 0.000000e+00
    outer loop
      vertex   -3.580718e+01 1.956500e+01 -1.280000e+01
      vertex   -3.574825e+01 1.943862e+01 -1.053333e+01
      vertex   -3.580718e+01 1.956500e+01 -1.053333e+01
    endloop
  endfacet
  facet normal -8.191520e-01 -5.735764e-01 0.000000e+00
    outer loop
      vertex   -3.580718e+01 1.956500e+01 -1.280000e+01
      vertex   -3.580718e+01 1.956500e+01 -1.053333e+01
      vertex   -3.588716e+01 1.967923e+01 -1.280000e+01
    endloop
  endfacet
  facet normal -8.191520e-01 -5.735764e-01 0.000000e+00
    outer loop
      vertex   -3.588716e+01 1.967923e+01 -1.280000e+01
      vertex   -3.580718e+01 1.956500e+01 -1.053333e+01
      vertex   -3.588716e+01 1.967923e+01 -1.053333e+01
    endloop
  endfacet
  facet normal -7.071068e-01 -7.071068e-01 0.000000e+00
    outer loop
      vertex   -3.588716e+01 1.967923e+01 -1.280000e+01
      vertex   -3.588716e+01 1.967923e+01 -1.053333e+01
      vertex   -3.598577e+01 1.977784e+01 -1.280000e+01
    endloop
  endfacet
  facet normal -7.071068e-01 -7.071068e-01 0.000000e+00
    outer loop
      vertex   -3.598577e+01 1.977784e+01 -1.280000e+01
      vertex   -3.588716e+01 1.967923e+01 -1.053333e+01
      vertex   -3.598577e+01 1.977784e+01 -1.053333e+01
    endloop
  endfacet
  facet normal -5.735764e-01 -8.191520e-01 0.000000e+00
    outer loop
      vertex   -3.598577e+01 1.977784e+01 -1.280000e+01
      vertex   -3.598577e+01 1.977784e+01 -1.053333e+01
      vertex   -3.610000e+01 1.985782e+01 -1.280000e+01
    endloop
  endfacet
  facet normal -5.735764e-01 -8.191520e-01 0.000000e+00
    outer loop
      vertex   -3.610000e+01 1.985782e+01 -1.280000e+01
      vertex   -3.598577e+01 1.977784e+01 -1.053333e+01
      vertex   -3.610000e+01 1.985782e+01 -1.053333e+01
    endloop
  endfacet
  facet normal -4.226183e-01 -9.063078e-01 0.000000e+00
    outer loop
      vertex   -3.610000e+01 1.985782e+01 -1.280000e+01
      vertex   -3.610000e+01 1.985782e+01 -1.053333e+01
      vertex   -3.622638e+01 1.991675e+01 -1.280000e+01
    endloop
  endfacet
  facet normal -4.226183e-01 -9.063078e-01 0.000000e+00
    outer loop
      vertex   -3.622638e+01 1.991675e+01 -1.280000e+01
      vertex   -3.610000e+01 1.985782e+01 -1.053333e+01
      vertex   -3.622638e+01 1.991675e+01 -1.053333e+01
    endloop
  endfacet
  facet normal -2.588190e-01 -9.659258e-01 0.000000e+00
    outer loop
      vertex   -3.622638e+01 1.991675e+01 -1.280000e+01
      vertex   -3.622638e+01 1.991675e+01 -1.053333e+01
      vertex   -3.636108e+01 1.995285e+01 -1.280000e+01
    endloop
  endfacet
  facet normal -2.588190e-01 -9.659258e-01 0.000000e+00
    outer loop
      vertex   -3.636108e+01 1.995285e+01 -1.280000e+01
      vertex   -3.622638e+01 1.991675e+01 -1.053333e+01
      vertex   -3.636108e+01 1.995285e+01 -1.053333e+01
    endloop
  endfacet
  facet normal -8.715574e-02 -9.961947e-01 0.000000e+00
    outer loop
      vertex   -3.636108e+01 1.995285e+01 -1.280000e+01
      vertex   -3.636108e+01 1.995285e+01 -1.053333e+01
      vertex   -3.650000e+01 1.996500e+01 -1.280000e+01
    endloop
  endfacet
  facet normal -8.715574e-02 -9.961947e-01 0.000000e+00
    outer loop
      vertex   -3.650000e+01 1.996500e+01 -1.280000e+01
      vertex   -3.636108e+01 1.995285e+01 -1.053333e+01
      vertex   -3.650000e+01 1.996500e+01 -1.053333e+01
    endloop
  endfacet
  facet normal 8.715574e-02 -9.961947e-01 0.000000e+00
    outer loop
      vertex   -3.650000e+01 1.996500e+01 -1.280000e+01
      vertex   -3.650000e+01 1.996500e+01 -1.053333e+01
      vertex   -3.663892e+01 1.995285e+01 -1.280000e+01
    endloop
  endfacet
  facet normal 8.715574e-02 -9.961947e-01 0.000000e+00
    outer loop
      vertex   -3.663892e+01 1.995285e+01 -1.280000e+01
      vertex   -3.650000e+01 1.996500e+01 -1.053333e+01
      vertex   -3.663892e+01 1.995285e+01 -1.053333e+01
    endloop
  endfacet
  facet normal 2.588190e-01 -9.659258e-01 0.000000e+00
    outer loop
      vertex   -3.663892e+01 1.995285e+01 -1.280000e+01
      vertex   -3.663892e+01 1.995285e+01 -1.053333e+01
      vertex   -3.677362e+01 1.991675e+01 -1.280000e+01
    endloop
  endfacet
  facet normal 2.588190e-01 -9.659258e-01 0.000000e+00
    outer loop
      vertex   -3.677362e+01 1.991675e+01 -1.280000e+01
      vertex   -3.663892e+01 1.995285e+01 -1.053333e+01
      vertex   -3.677362e+01 1.991675e+01 -1.053333e+01
    endloop
  endfacet
  facet normal 4.226183e-01 -9.063078e-01 0.000000e+00
    outer loop
      vertex   -3.677362e+01 1.991675e+01 -1.280000e+01
      vertex   -3.677362e+01 1.991675e+01 -1.053333e+01
      vertex   -3.690000e+01 1.985782e+01 -1.280000e+01
    endloop
  endfacet
  facet normal 4.226183e-01 -9.063078e-01 0.000000e+00
    outer loop
      vertex   -3.690000e+01 1.985782e+01 -1.280000e+01
      vertex   -3.677362e+01 1.991675e+01 -1.053333e+01
      vertex   -3.690000e+01 1.985782e+01 -1.053333e+01
    endloop
  endfacet
  facet normal 5.735764e-01 -8.191520e-01 0.000000e+00
    outer loop
      vertex   -3.690000e+01 1.985782e+01 -1.280000e+01
      vertex   -3.690000e+01 1.985782e+01 -1.053333e+01
      vertex   -3.701423e+01 1.977784e+01 -1.280000e+01
    endloop
  endfacet
  facet normal 5.735764e-01 -8.191520e-01 0.000000e+00
    outer loop
      vertex   -3.701423e+01 1.977784e+01 -1.280000e+01
      vertex   -3.690000e+01 1.985782e+01 -1.053333e+01
      vertex   -3.701423e+01 1.977784e+01 -1.053333e+01
    endloop
  endfacet
  facet normal 7.071068e-01 -7.071068e-01 0.000000e+00
    outer loop
      vertex   -3.701423e+01 1.977784e+01 -1.280000e+01
      vertex   -3.701423e+01 1.977784e+01 -1.053333e+01
      vertex   -3.711284e+01 1.967923e+01 -1.280000e+01
    endloop
  endfacet
  facet normal 7.071068e-01 -7.071068e-01 0.000000e+00
    outer loop
      vertex   -3.711284e+01 1.967923e+01 -1.280000e+01
      vertex   -3.701423e+01 1.977784e+01 -1.053333e+01
      vertex   -3.711284e+01 1.967923e+01 -1.053333e+01
    endloop
  endfacet
  facet normal 8.191520e-01 -5.735764e-01 0.000000e+00
    outer loop
      vertex   -3.711284e+01 1.967923e+01 -1.280000e+01
      vertex   -3.711284e+01 1.967923e+01 -1.053333e+01
      vertex   -3.719282e+01 1.956500e+01 -1.280000e+01
    endloop
  endfacet
  facet normal 8.191520e-01 -5.735764e-01 0.000000e+00
    outer loop
      vertex   -3.719282e+01 1.956500e+01 -1.280000e+01
      vertex   -3.711284e+01 1.967923e+01 -1.053333e+01
      vertex   -3.719282e+01 1.956500e+01 -1.053333e+01
    endloop
  endfacet
  facet normal 9.063078e-01 -4.226183e-01 0.000000e+00
    outer loop
      vertex   -3.719282e+01 1.956500e+01 -1.280000e+01
      vertex   -3.719282e+01 1.956500e+01 -1.053333e+01
      vertex   -3.725175e+01 1.943862e+01 -1.280000e+01
    endloop
  endfacet
  facet normal 9.063078e-01 -4.226183e-01 0.000000e+00
    outer loop
      vertex   -3.725175e+01 1.943862e+01 -1.280000e+01
      vertex   -3.719282e+01 1.956500e+01 -1.053333e+01
      vertex   -3.725175e+01 1.943862e+01 -1.053333e+01
    endloop
  endfacet
  facet normal 9.659258e-01 -2.588190e-01 0.000000e+00
    outer loop
      vertex   -3.725175e+01 1.943862e+01 -1.280000e+01
      vertex   -3.725175e+01 1.943862e+01 -1.053333e+01
      vertex   -3.728785e+01 1.930392e+01 -1.280000e+01
    endloop
  endfacet
  facet normal 9.659258e-01 -2.588190e-01 0.000000e+00
    outer loop
      vertex   -3.728785e+01 1.930392e+01 -1.280000e+01
      vertex   -3.725175e+01 1.943862e+01 -1.053333e+01
      vertex   -3.728785e+01 1.930392e+01 -1.053333e+01
    endloop
  endfacet
  facet normal 9.961947e-01 8.715574e-02 0.000000e+00
    outer loop
      vertex   -3.728785e+01 1.902608e+01 -6.000000e+00
      vertex   -3.728785e+01 1.902608e+01 -8.266667e+00
      vertex   -3.730000e+01 1.916500e+01 -6.000000e+00
    endloop
  endfacet
  facet normal 9.961947e-01 8.715574e-02 0.000000e+00
    outer loop
      vertex   -3.730000e+01 1.916500e+01 -6.000000e+00
      vertex   -3.728785e+01 1.902608e+01 -8.266667e+00
      vertex   -3.730000e+01 1.916500e+01 -8.266667e+00
    endloop
  endfacet
  facet normal 9.961947e-01 -8.715574e-02 0.000000e+00
    outer loop
      vertex   -3.730000e+01 1.916500e+01 -6.000000e+00
      vertex   -3.730000e+01 1.916500e+01 -8.266667e+00
      vertex   -3.728785e+01 1.930392e+01 -6.000000e+00
    endloop
  endfacet
  facet normal 9.961947e-01 -8.715574e-02 0.000000e+00
    outer loop
      vertex   -3.728785e+01 1.930392e+01 -6.000000e+00
      vertex   -3.730000e+01 1.916500e+01 -8.266667e+00
      vertex   -3.728785e+01 1.930392e+01 -8.266667e+00
    endloop
  endfacet
  facet normal 9.659258e-01 -2.588190e-01 0.000000e+00
    outer loop
      vertex   -3.728785e+01 1.930392e+01 -6.000000e+00
      vertex   -3.728785e+01 1.930392e+01 -8.266667e+00
      vertex   -3.725175e+01 1.943862e+01 -6.000000e+00
    endloop
  endfacet
  facet normal 9.659258e-01 -2.588190e-01 0.000000e+00
    outer loop
      vertex   -3.725175e+01 1.943862e+01 -6.000000e+00
      vertex   -3.728785e+01 1.930392e+01 -8.266667e+00
      vertex   -3.725175e+01 1.943862e+01 -8.266667e+00
    endloop
  endfacet
  facet normal 9.063078e-01 -4.226183e-01 0.000000e+00
    outer loop
      vertex   -3.725175e+01 1.943862e+01 -6.000000e+00
      vertex   -3.725175e+01 1.943862e+01 -8.266667e+00
      vertex   -3.719282e+01 1.956500e+01 -6.000000e+00
    endloop
  endfacet
  facet normal 9.063078e-01 -4.226183e-01 0.000000e+00
    outer loop
      vertex   -3.719282e+01 1.956500e+01 -6.000000e+00
      vertex   -3.725175e+01 1.943862e+01 -8.266667e+00
      vertex   -3.719282e+01 1.956500e+01 -8.266667e+00
    endloop
  endfacet
  facet normal 8.191520e-01 -5.735764e-01 0.000000e+00
    outer loop
      vertex   -3.719282e+01 1.956500e+01 -6.000000e+00
      vertex   -3.719282e+01 1.956500e+01 -8.266667e+00
      vertex   -3.711284e+01 1.967923e+01 -6.000000e+00
    endloop
  endfacet
  facet normal 8.191520e-01 -5.735764e-01 0.000000e+00
    outer loop
      vertex   -3.711284e+01 1.967923e+01 -6.000000e+00
      vertex   -3.719282e+01 1.956500e+01 -8.266667e+00
      vertex   -3.711284e+01 1.967923e+01 -8.266667e+00
    endloop
  endfacet
  facet normal 7.071068e-01 -7.071068e-01 0.000000e+00
    outer loop
      vertex   -3.711284e+01 1.967923e+01 -6.000000e+00
      vertex   -3.711284e+01 1.967923e+01 -8.266667e+00
      vertex   -3.701423e+01 1.977784e+01 -6.000000e+00
    endloop
  endfacet
  facet normal 7.071068e-01 -7.071068e-01 0.000000e+00
    outer loop
      vertex   -3.701423e+01 1.977784e+01 -6.000000e+00
      vertex   -3.711284e+01 1.967923e+01 -8.266667e+00
      vertex   -3.701423e+01 1.977784e+01 -8.266667e+00
    endloop
  endfacet
  facet normal 5.735764e-01 -8.191520e-01 0.000000e+00
    outer loop
      vertex   -3.701423e+01 1.977784e+01 -6.000000e+00
      vertex   -3.701423e+01 1.977784e+01 -8.266667e+00
      vertex   -3.690000e+01 1.985782e+01 -6.000000e+00
    endloop
  endfacet
  facet normal 5.735764e-01 -8.191520e-01 0.000000e+00
    outer loop
      vertex   -3.690000e+01 1.985782e+01 -6.000000e+00
      vertex   -3.701423e+01 1.977784e+01 -8.266667e+00
      vertex   -3.690000e+01 1.985782e+01 -8.266667e+00
    endloop
  endfacet
  facet normal 4.226183e-01 -9.063078e-01 0.000000e+00
    outer loop
      vertex   -3.690000e+01 1.985782e+01 -6.000000e+00
      vertex   -3.690000e+01 1.985782e+01 -8.266667e+00
      vertex   -3.677362e+01 1.991675e+01 -6.000000e+00
    endloop
  endfacet
  facet normal 4.226183e-01 -9.063078e-01 0.000000e+00
    outer loop
      vertex   -3.677362e+01 1.991675e+01 -6.000000e+00
      vertex   -3.690000e+01 1.985782e+01 -8.266667e+00
      vertex   -3.677362e+01 1.991675e+01 -8.266667e+00
    endloop
  endfacet
  facet normal 2.588190e-01 -9.659258e-01 0.000000e+00
    outer loop
      vertex   -3.677362e+01 1.991675e+01 -6.000000e+00
      vertex   -3.677362e+01 1.991675e+01 -8.266667e+00
      vertex   -3.663892e+01 1.995285e+01 -6.000000e+00
    endloop
  endfacet
  facet normal 2.588190e-01 -9.659258e-01 0.000000e+00
    outer loop
      vertex   -3.663892e+01 1.995285e+01 -6.000000e+00
      vertex   -3.677362e+01 1.991675e+01 -8.266667e+00
      vertex   -3.663892e+01 1.995285e+01 -8.266667e+00
    endloop
  endfacet
  facet normal 8.715574e-02 -9.961947e-01 0.000000e+00
    outer loop
      vertex   -3.663892e+01 1.995285e+01 -6.000000e+00
      vertex   -3.663892e+01 1.995285e+01 -8.266667e+00
      vertex   -3.650000e+01 1.996500e+01 -6.000000e+00
    endloop
  endfacet
  facet normal 8.715574e-02 -9.961947e-01 0.000000e+00
    outer loop
      vertex   -3.650000e+01 1.996500e+01 -6.000000e+00
      vertex   -3.663892e+01 1.995285e+01 -8.266667e+00
      vertex   -3.650000e+01 1.996500e+01 -8.266667e+00
    endloop
  endfacet
  facet normal -8.715574e-02 -9.961947e-01 -0.000000e+00
    outer loop
      vertex   -3.650000e+01 1.996500e+01 -6.000000e+00
      vertex   -3.650000e+01 1.996500e+01 -8.266667e+00
      vertex   -3.636108e+01 1.995285e+01 -6.000000e+00
    endloop
  endfacet
  facet normal -8.715574e-02 -9.961947e-01 -0.000000e+00
    outer loop
      vertex   -3.636108e+01 1.995285e+01 -6.000000e+00
      vertex   -3.650000e+01 1.996500e+01 -8.266667e+00
      vertex   -3.636108e+01 1.995285e+01 -8.266667e+00
    endloop
  endfacet
  facet normal -2.588190e-01 -9.659258e-01 -0.000000e+00
    outer loop
      vertex   -3.636108e+01 1.995285e+01 -6.000000e+00
      vertex   -3.636108e+01 1.995285e+01 -8.266667e+00
      vertex   -3.622638e+01 1.991675e+01 -6.000000e+00
    endloop
  endfacet
  facet normal -2.588190e-01 -9.659258e-01 -0.000000e+00
    outer loop
      vertex   -3.622638e+01 1.991675e+01 -6.000000e+00
      vertex   -3.636108e+01 1.995285e+01 -8.266667e+00
      vertex   -3.622638e+01 1.991675e+01 -8.266667e+00
    endloop
  endfacet
  facet normal -4.226183e-01 -9.063078e-01 -0.000000e+00
    outer loop
      vertex   -3.622638e+01 1.991675e+01 -6.000000e+00
      vertex   -3.622638e+01 1.991675e+01 -8.266667e+00
      vertex   -3.610000e+01 1.985782e+01 -6.000000e+00
    endloop
  endfacet
  facet normal -4.226183e-01 -9.063078e-01 -0.000000e+00
    outer loop
      vertex   -3.610000e+01 1.985782e+01 -6.000000e+00
      vertex   -3.622638e+01 1.991675e+01 -8.266667e+00
      vertex   -3.610000e+01 1.985782e+01 -8.266667e+00
    endloop
  endfacet
  facet normal -5.735764e-01 -8.191520e-01 -0.000000e+00
    outer loop
      vertex   -3.610000e+01 1.985782e+01 -6.000000e+00
      vertex   -3.610000e+01 1.985782e+01 -8.266667e+00
      vertex   -3.598577e+01 1.977784e+01 -6.000000e+00
    endloop
  endfacet
  facet normal -5.735764e-01 -8.191520e-01 -0.000000e+00
    outer loop
      vertex   -3.598577e+01 1.977784e+01 -6.000000e+00
      vertex   -3.610000e+01 1.985782e+01 -8.266667e+00
      vertex   -3.598577e+01 1.977784e+01 -8.266667e+00
    endloop
  endfacet
  facet normal -7.071068e-01 -7.071068e-01 -0.000000e+00
    outer loop
      vertex   -3.598577e+01 1.977784e+01 -6.000000e+00
      vertex   -3.598577e+01 1.977784e+01 -8.266667e+00
      vertex   -3.588716e+01 1.967923e+01 -6.000000e+00
    endloop
  endfacet
  facet normal -7.071068e-01 -7.071068e-01 -0.000000e+00
    outer loop
      vertex   -3.588716e+01 1.967923e+01 -6.000000e+00
      vertex   -3.598577e+01 1.977784e+01 -8.266667e+00
      vertex   -3.588716e+01 1.967923e+01 -8.266667e+00
    endloop
  endfacet
  facet normal -8.191520e-01 -5.735764e-01 -0.000000e+00
    outer loop
      vertex   -3.588716e+01 1.967923e+01 -6.000000e+00
      vertex   -3.588716e+01 1.967923e+01 -8.266667e+00
      vertex   -3.580718e+01 1.956500e+01 -6.000000e+00
    endloop
  endfacet
  facet normal -8.191520e-01 -5.735764e-01 -0.000000e+00
    outer loop
      vertex   -3.580718e+01 1.956500e+01 -6.000000e+00
      vertex   -3.588716e+01 1.967923e+01 -8.266667e+00
      vertex   -3.580718e+01 1.956500e+01 -8.266667e+00
    endloop
  endfacet
  facet normal -9.063078e-01 -4.226183e-01 -0.000000e+00
    outer loop
      vertex   -3.580718e+01 1.956500e+01 -6.000000e+00
      vertex   -3.580718e+01 1.956500e+01 -8.266667e+00
      vertex   -3.574825e+01 1.943862e+01 -6.000000e+00
    endloop
  endfacet
  facet normal -9.063078e-01 -4.226183e-01 -0.000000e+00
    outer loop
      vertex   -3.574825e+01 1.943862e+01 -6.000000e+00
      vertex   -3.580718e+01 1.956500e+01 -8.266667e+00
      vertex   -3.574825e+01 1.943862e+01 -8.266667e+00
    endloop
  endfacet
  facet normal -9.659258e-01 -2.588190e-01 -0.000000e+00
    outer loop
      vertex   -3.574825e+01 1.943862e+01 -6.000000e+00
      vertex   -3.574825e+01 1.943862e+01 -8.266667e+00
      vertex   -3.571215e+01 1.930392e+01 -6.000000e+00
    endloop
  endfacet
  facet normal -9.659258e-01 -2.588190e-01 -0.000000e+00
    outer loop
      vertex   -3.571215e+01 1.930392e+01 -6.000000e+00
      vertex   -3.574825e+01 1.943862e+01 -8.266667e+00
      vertex   -3.571215e+01 1.930392e+01 -8.266667e+00
    endloop
  endfacet
  facet normal -9.961947e-01 -8.715574e-02 -0.000000e+00
    outer loop
      vertex   -3.571215e+01 1.930392e+01 -6.000000e+00
      vertex   -3.571215e+01 1.930392e+01 -8.266667e+00
      vertex   -3.570000e+01 1.916500e+01 -6.000000e+00
    endloop
  endfacet
  facet normal -9.961947e-01 -8.715574e-02 -0.000000e+00
    outer loop
      vertex   -3.570000e+01 1.916500e+01 -6.000000e+00
      vertex   -3.571215e+01 1.930392e+01 -8.266667e+00
      vertex   -3.570000e+01 1.916500e+01 -8.266667e+00
    endloop
  endfacet
  facet normal -9.961947e-01 8.715574e-02 0.000000e+00
    outer loop
      vertex   -3.570000e+01 1.916500e+01 -6.000000e+00
      vertex   -3.570000e+01 1.916500e+01 -8.266667e+00
      vertex   -3.571215e+01 1.902608e+01 -6.000000e+00
    endloop
  endfacet
  facet normal -9.961947e-01 8.715574e-02 0.000000e+00
    outer loop
      vertex   -3.571215e+01 1.902608e+01 -6.000000e+00
      vertex   -3.570000e+01 1.916500e+01 -8.266667e+00
      vertex   -3.571215e+01 1.902608e+01 -8.266667e+00
    endloop
  endfacet
  facet normal -9.659258e-01 2.588190e-01 0.000000e+00
    outer loop
      vertex   -3.571215e+01 1.902608e+01 -6.000000e+00
      vertex   -3.571215e+01 1.902608e+01 -8.266667e+00
      vertex   -3.574825e+01 1.889138e+01 -6.000000e+00
    endloop
  endfacet
  facet normal -9.659258e-01 2.588190e-01 0.000000e+00
    outer loop
      vertex   -3.574825e+01 1.889138e+01 -6.000000e+00
      vertex   -3.571215e+01 1.902608e+01 -8.266667e+00
      vertex   -3.574825e+01 1.889138e+01 -8.266667e+00
    endloop
  endfacet
  facet normal -9.063078e-01 4.226183e-01 0.000000e+00
    outer loop
      vertex   -3.574825e+01 1.889138e+01 -6.000000e+00
      vertex   -3.574825e+01 1.889138e+01 -8.266667e+00
      vertex   -3.580718e+01 1.876500e+01 -6.000000e+00
    endloop
  endfacet
  facet normal -9.063078e-01 4.226183e-01 0.000000e+00
    outer loop
      vertex   -3.580718e+01 1.876500e+01 -6.000000e+00
      vertex   -3.574825e+01 1.889138e+01 -8.266667e+00
      vertex   -3.580718e+01 1.876500e+01 -8.266667e+00
    endloop
  endfacet
  facet normal -8.191520e-01 5.735764e-01 0.000000e+00
    outer loop
      vertex   -3.580718e+01 1.876500e+01 -6.000000e+00
      vertex   -3.580718e+01 1.876500e+01 -8.266667e+00
      vertex   -3.588716e+01 1.865077e+01 -6.000000e+00
    endloop
  endfacet
  facet normal -8.191520e-01 5.735764e-01 0.000000e+00
    outer loop
      vertex   -3.588716e+01 1.865077e+01 -6.000000e+00
      vertex   -3.580718e+01 1.876500e+01 -8.266667e+00
      vertex   -3.588716e+01 1.865077e+01 -8.266667e+00
    endloop
  endfacet
  facet normal -7.071068e-01 7.071068e-01 0.000000e+00
    outer loop
      vertex   -3.588716e+01 1.865077e+01 -6.000000e+00
      vertex   -3.588716e+01 1.865077e+01 -8.266667e+00
      vertex   -3.598577e+01 1.855216e+01 -6.000000e+00
    endloop
  endfacet
  facet normal -7.071068e-01 7.071068e-01 0.000000e+00
    outer loop
      vertex   -3.598577e+01 1.855216e+01 -6.000000e+00
      vertex   -3.588716e+01 1.865077e+01 -8.266667e+00
      vertex   -3.598577e+01 1.855216e+01 -8.266667e+00
    endloop
  endfacet
  facet normal -5.735764e-01 8.191520e-01 0.000000e+00
    outer loop
      vertex   -3.598577e+01 1.855216e+01 -6.000000e+00
      vertex   -3.598577e+01 1.855216e+01 -8.266667e+00
      vertex   -3.610000e+01 1.847218e+01 -6.000000e+00
    endloop
  endfacet
  facet normal -5.735764e-01 8.191520e-01 0.000000e+00
    outer loop
      vertex   -3.610000e+01 1.847218e+01 -6.000000e+00
      vertex   -3.598577e+01 1.855216e+01 -8.266667e+00
      vertex   -3.610000e+01 1.847218e+01 -8.266667e+00
    endloop
  endfacet
  facet normal -4.226183e-01 9.063078e-01 0.000000e+00
    outer loop
      vertex   -3.610000e+01 1.847218e+01 -6.000000e+00
      vertex   -3.610000e+01 1.847218e+01 -8.266667e+00
      vertex   -3.622638e+01 1.841325e+01 -6.000000e+00
    endloop
  endfacet
  facet normal -4.226183e-01 9.063078e-01 0.000000e+00
    outer loop
      vertex   -3.622638e+01 1.841325e+01 -6.000000e+00
      vertex   -3.610000e+01 1.847218e+01 -8.266667e+00
      vertex   -3.622638e+01 1.841325e+01 -8.266667e+00
    endloop
  endfacet
  facet normal -2.588190e-01 9.659258e-01 0.000000e+00
    outer loop
      vertex   -3.622638e+01 1.841325e+01 -6.000000e+00
      vertex   -3.622638e+01 1.841325e+01 -8.266667e+00
      vertex   -3.636108e+01 1.837715e+01 -6.000000e+00
    endloop
  endfacet
  facet normal -2.588190e-01 9.659258e-01 0.000000e+00
    outer loop
      vertex   -3.636108e+01 1.837715e+01 -6.000000e+00
      vertex   -3.622638e+01 1.841325e+01 -8.266667e+00
      vertex   -3.636108e+01 1.837715e+01 -8.266667e+00
    endloop
  endfacet
  facet normal -8.715574e-02 9.961947e-01 0.000000e+00
    outer loop
      vertex   -3.636108e+01 1.837715e+01 -6.000000e+00
      vertex   -3.636108e+01 1.837715e+01 -8.266667e+00
      vertex   -3.650000e+01 1.836500e+01 -6.000000e+00
    endloop
  endfacet
  facet normal -8.715574e-02 9.961947e-01 0.000000e+00
    outer loop
      vertex   -3.650000e+01 1.836500e+01 -6.000000e+00
      vertex   -3.636108e+01 1.837715e+01 -8.266667e+00
      vertex   -3.650000e+01 1.836500e+01 -8.266667e+00
    endloop
  endfacet
  facet normal 8.715574e-02 9.961947e-01 0.000000e+00
    outer loop
      vertex   -3.650000e+01 1.836500e+01 -6.000000e+00
      vertex   -3.650000e+01 1.836500e+01 -8.266667e+00
      vertex   -3.663892e+01 1.837715e+01 -6.000000e+00
    endloop
  endfacet
  facet normal 8.715574e-02 9.961947e-01 0.000000e+00
    outer loop
      vertex   -3.663892e+01 1.837715e+01 -6.000000e+00
      vertex   -3.650000e+01 1.836500e+01 -8.266667e+00
      vertex   -3.663892e+01 1.837715e+01 -8.266667e+00
    endloop
  endfacet
  facet normal 2.588190e-01 9.659258e-01 0.000000e+00
    outer loop
      vertex   -3.663892e+01 1.837715e+01 -6.000000e+00
      vertex   -3.663892e+01 1.837715e+01 -8.266667e+00
      vertex   -3.677362e+01 1.841325e+01 -6.000000e+00
    endloop
  endfacet
  facet normal 2.588190e-01 9.659258e-01 0.000000e+00
    outer loop
      vertex   -3.677362e+01 1.841325e+01 -6.000000e+00
      vertex   -3.663892e+01 1.837715e+01 -8.266667e+00
      vertex   -3.677362e+01 1.841325e+01 -8.266667e+00
    endloop
  endfacet
  facet normal 4.226183e-01 9.063078e-01 0.000000e+00
    outer loop
      vertex   -3.677362e+01 1.841325e+01 -6.000000e+00
      vertex   -3.677362e+01 1.841325e+01 -8.266667e+00
      vertex   -3.690000e+01 1.847218e+01 -6.000000e+00
    endloop
  endfacet
  facet normal 4.226183e-01 9.063078e-01 0.000000e+00
    outer loop
      vertex   -3.690000e+01 1.847218e+01 -6.000000e+00
      vertex   -3.677362e+01 1.841325e+01 -8.266667e+00
      vertex   -3.690000e+01 1.847218e+01 -8.266667e+00
    endloop
  endfacet
  facet normal 5.735764e-01 8.191520e-01 0.000000e+00
    outer loop
      vertex   -3.690000e+01 1.847218e+01 -6.000000e+00
      vertex   -3.690000e+01 1.847218e+01 -8.266667e+00
      vertex   -3.701423e+01 1.855216e+01 -6.000000e+00
    endloop
  endfacet
  facet normal 5.735764e-01 8.191520e-01 0.000000e+00
    outer loop
      vertex   -3.701423e+01 1.855216e+01 -6.000000e+00
      vertex   -3.690000e+01 1.847218e+01 -8.266667e+00
      vertex   -3.701423e+01 1.855216e+01 -8.266667e+00
    endloop
  endfacet
  facet normal 7.071068e-01 7.071068e-01 0.000000e+00
    outer loop
      vertex   -3.701423e+01 1.855216e+01 -6.000000e+00
      vertex   -3.701423e+01 1.855216e+01 -8.266667e+00
      vertex   -3.711284e+01 1.865077e+01 -6.000000e+00
    endloop
  endfacet
  facet normal 7.071068e-01 7.071068e-01 0.000000e+00
    outer loop
      vertex   -3.711284e+01 1.865077e+01 -6.000000e+00
      vertex   -3.701423e+01 1.855216e+01 -8.266667e+00
      vertex   -3.711284e+01 1.865077e+01 -8.266667e+00
    endloop
  endfacet
  facet normal 8.191520e-01 5.735764e-01 0.000000e+00
    outer loop
      vertex   -3.711284e+01 1.865077e+01 -6.000000e+00
      vertex   -3.711284e+01 1.865077e+01 -8.266667e+00
      vertex   -3.719282e+01 1.876500e+01 -6.000000e+00
    endloop
  endfacet
  facet normal 8.191520e-01 5.735764e-01 0.000000e+00
    outer loop
      vertex   -3.719282e+01 1.876500e+01 -6.000000e+00
      vertex   -3.711284e+01 1.865077e+01 -8.266667e+00
      vertex   -3.719282e+01 1.876500e+01 -8.266667e+00
    endloop
  endfacet
  facet normal 9.063078e-01 4.226183e-01 0.000000e+00
    outer loop
      vertex   -3.719282e+01 1.876500e+01 -6.000000e+00
      vertex   -3.719282e+01 1.876500e+01 -8.266667e+00
      vertex   -3.725175e+01 1.889138e+01 -6.000000e+00
    endloop
  endfacet
  facet normal 9.063078e-01 4.226183e-01 0.000000e+00
    outer loop
      vertex   -3.725175e+01 1.889138e+01 -6.000000e+00
      vertex   -3.719282e+01 1.876500e+01 -8.266667e+00
      vertex   -3.725175e+01 1.889138e+01 -8.266667e+00
    endloop
  endfacet
  facet normal 9.659258e-01 2.588190e-01 0.000000e+00
    outer loop
      vertex   -3.725175e+01 1.889138e+01 -6.000000e+00
      vertex   -3.725175e+01 1.889138e+01 -8.266667e+00
      vertex   -3.728785e+01 1.902608e+01 -6.000000e+00
    endloop
  endfacet
  facet normal 9.659258e-01 2.588190e-01 0.000000e+00
    outer loop
      vertex   -3.728785e+01 1.902608e+01 -6.000000e+00
      vertex   -3.725175e+01 1.889138e+01 -8.266667e+00
      vertex   -3.728785e+01 1.902608e+01 -8.266667e+00
    endloop
  endfacet
  facet normal 9.961947e-01 8.715574e-02 -0.000000e+00
    outer loop
      vertex   -3.730000e+01 1.916500e+01 -1.053333e+01
      vertex   -3.730000e+01 1.916500e+01 -8.266667e+00
      vertex   -3.728785e+01 1.902608e+01 -1.053333e+01
    endloop
  endfacet
  facet normal 9.961947e-01 8.715574e-02 -0.000000e+00
    outer loop
      vertex   -3.728785e+01 1.902608e+01 -1.053333e+01
      vertex   -3.730000e+01 1.916500e+01 -8.266667e+00
      vertex   -3.728785e+01 1.902608e+01 -8.266667e+00
    endloop
  endfacet
  facet normal 9.659258e-01 2.588190e-01 -0.000000e+00
    outer loop
      vertex   -3.728785e+01 1.902608e+01 -1.053333e+01
      vertex   -3.728785e+01 1.902608e+01 -8.266667e+00
      vertex   -3.725175e+01 1.889138e+01 -1.053333e+01
    endloop
  endfacet
  facet normal 9.659258e-01 2.588190e-01 -0.000000e+00
    outer loop
      vertex   -3.725175e+01 1.889138e+01 -1.053333e+01
      vertex   -3.728785e+01 1.902608e+01 -8.266667e+00
      vertex   -3.725175e+01 1.889138e+01 -8.266667e+00
    endloop
  endfacet
  facet normal 9.063078e-01 4.226183e-01 -0.000000e+00
    outer loop
      vertex   -3.725175e+01 1.889138e+01 -1.053333e+01
      vertex   -3.725175e+01 1.889138e+01 -8.266667e+00
      vertex   -3.719282e+01 1.876500e+01 -1.053333e+01
    endloop
  endfacet
  facet normal 9.063078e-01 4.226183e-01 -0.000000e+00
    outer loop
      vertex   -3.719282e+01 1.876500e+01 -1.053333e+01
      vertex   -3.725175e+01 1.889138e+01 -8.266667e+00
      vertex   -3.719282e+01 1.876500e+01 -8.266667e+00
    endloop
  endfacet
  facet normal 8.191520e-01 5.735764e-01 -0.000000e+00
    outer loop
      vertex   -3.719282e+01 1.876500e+01 -1.053333e+01
      vertex   -3.719282e+01 1.876500e+01 -8.266667e+00
      vertex   -3.711284e+01 1.865077e+01 -1.053333e+01
    endloop
  endfacet
  facet normal 8.191520e-01 5.735764e-01 -0.000000e+00
    outer loop
      vertex   -3.711284e+01 1.865077e+01 -1.053333e+01
      vertex   -3.719282e+01 1.876500e+01 -8.266667e+00
      vertex   -3.711284e+01 1.865077e+01 -8.266667e+00
    endloop
  endfacet
  facet normal 7.071068e-01 7.071068e-01 -0.000000e+00
    outer loop
      vertex   -3.711284e+01 1.865077e+01 -1.053333e+01
      vertex   -3.711284e+01 1.865077e+01 -8.266667e+00
      vertex   -3.701423e+01 1.855216e+01 -1.053333e+01
    endloop
  endfacet
  facet normal 7.071068e-01 7.071068e-01 -0.000000e+00
    outer loop
      vertex   -3.701423e+01 1.855216e+01 -1.053333e+01
      vertex   -3.711284e+01 1.865077e+01 -8.266667e+00
      vertex   -3.701423e+01 1.855216e+01 -8.266667e+00
    endloop
  endfacet
  facet normal 5.735764e-01 8.191520e-01 -0.000000e+00
    outer loop
      vertex   -3.701423e+01 1.855216e+01 -1.053333e+01
      vertex   -3.701423e+01 1.855216e+01 -8.266667e+00
      vertex   -3.690000e+01 1.847218e+01 -1.053333e+01
    endloop
  endfacet
  facet normal 5.735764e-01 8.191520e-01 -0.000000e+00
    outer loop
      vertex   -3.690000e+01 1.847218e+01 -1.053333e+01
      vertex   -3.701423e+01 1.855216e+01 -8.266667e+00
      vertex   -3.690000e+01 1.847218e+01 -8.266667e+00
    endloop
  endfacet
  facet normal 4.226183e-01 9.063078e-01 -0.000000e+00
    outer loop
      vertex   -3.690000e+01 1.847218e+01 -1.053333e+01
      vertex   -3.690000e+01 1.847218e+01 -8.266667e+00
      vertex   -3.677362e+01 1.841325e+01 -1.053333e+01
    endloop
  endfacet
  facet normal 4.226183e-01 9.063078e-01 -0.000000e+00
    outer loop
      vertex   -3.677362e+01 1.841325e+01 -1.053333e+01
      vertex   -3.690000e+01 1.847218e+01 -8.266667e+00
      vertex   -3.677362e+01 1.841325e+01 -8.266667e+00
    endloop
  endfacet
  facet normal 2.588190e-01 9.659258e-01 -0.000000e+00
    outer loop
      vertex   -3.677362e+01 1.841325e+01 -1.053333e+01
      vertex   -3.677362e+01 1.841325e+01 -8.266667e+00
      vertex   -3.663892e+01 1.837715e+01 -1.053333e+01
    endloop
  endfacet
  facet normal 2.588190e-01 9.659258e-01 -0.000000e+00
    outer loop
      vertex   -3.663892e+01 1.837715e+01 -1.053333e+01
      vertex   -3.677362e+01 1.841325e+01 -8.266667e+00
      vertex   -3.663892e+01 1.837715e+01 -8.266667e+00
    endloop
  endfacet
  facet normal 8.715574e-02 9.961947e-01 -0.000000e+00
    outer loop
      vertex   -3.663892e+01 1.837715e+01 -1.053333e+01
      vertex   -3.663892e+01 1.837715e+01 -8.266667e+00
      vertex   -3.650000e+01 1.836500e+01 -1.053333e+01
    endloop
  endfacet
  facet normal 8.715574e-02 9.961947e-01 -0.000000e+00
    outer loop
      vertex   -3.650000e+01 1.836500e+01 -1.053333e+01
      vertex   -3.663892e+01 1.837715e+01 -8.266667e+00
      vertex   -3.650000e+01 1.836500e+01 -8.266667e+00
    endloop
  endfacet
  facet normal -8.715574e-02 9.961947e-01 0.000000e+00
    outer loop
      vertex   -3.650000e+01 1.836500e+01 -1.053333e+01
      vertex   -3.650000e+01 1.836500e+01 -8.266667e+00
      vertex   -3.636108e+01 1.837715e+01 -1.053333e+01
    endloop
  endfacet
  facet normal -8.715574e-02 9.961947e-01 0.000000e+00
    outer loop
      vertex   -3.636108e+01 1.837715e+01 -1.053333e+01
      vertex   -3.650000e+01 1.836500e+01 -8.266667e+00
      vertex   -3.636108e+01 1.837715e+01 -8.266667e+00
    endloop
  endfacet
  facet normal -2.588190e-01 9.659258e-01 0.000000e+00
    outer loop
      vertex   -3.636108e+01 1.837715e+01 -1.053333e+01
      vertex   -3.636108e+01 1.837715e+01 -8.266667e+00
      vertex   -3.622638e+01 1.841325e+01 -1.053333e+01
    endloop
  endfacet
  facet normal -2.588190e-01 9.659258e-01 0.000000e+00
    outer loop
      vertex   -3.622638e+01 1.841325e+01 -1.053333e+01
      vertex   -3.636108e+01 1.837715e+01 -8.266667e+00
      vertex   -3.622638e+01 1.841325e+01 -8.266667e+00
    endloop
  endfacet
  facet normal -4.226183e-01 9.063078e-01 0.000000e+00
    outer loop
      vertex   -3.622638e+01 1.841325e+01 -1.053333e+01
      vertex   -3.622638e+01 1.841325e+01 -8.266667e+00
      vertex   -3.610000e+01 1.847218e+01 -1.053333e+01
    endloop
  endfacet
  facet normal -4.226183e-01 9.063078e-01 0.000000e+00
    outer loop
      vertex   -3.610000e+01 1.847218e+01 -1.053333e+01
      vertex   -3.622638e+01 1.841325e+01 -8.266667e+00
      vertex   -3.610000e+01 1.847218e+01 -8.266667e+00
    endloop
  endfacet
  facet normal -5.735764e-01 8.191520e-01 0.000000e+00
    outer loop
      vertex   -3.610000e+01 1.847218e+01 -1.053333e+01
      vertex   -3.610000e+01 1.847218e+01 -8.266667e+00
      vertex   -3.598577e+01 1.855216e+01 -1.053333e+01
    endloop
  endfacet
  facet normal -5.735764e-01 8.191520e-01 0.000000e+00
    outer loop
      vertex   -3.598577e+01 1.855216e+01 -1.053333e+01
      vertex   -3.610000e+01 1.847218e+01 -8.266667e+00
      vertex   -3.598577e+01 1.855216e+01 -8.266667e+00
    endloop
  endfacet
  facet normal -7.071068e-01 7.071068e-01 0.000000e+00
    outer loop
      vertex   -3.598577e+01 1.855216e+01 -1.053333e+01
      vertex   -3.598577e+01 1.855216e+01 -8.266667e+00
      vertex   -3.588716e+01 1.865077e+01 -1.053333e+01
    endloop
  endfacet
  facet normal -7.071068e-01 7.071068e-01 0.000000e+00
    outer loop
      vertex   -3.588716e+01 1.865077e+01 -1.053333e+01
      vertex   -3.598577e+01 1.855216e+01 -8.266667e+00
      vertex   -3.588716e+01 1.865077e+01 -8.266667e+00
    endloop
  endfacet
  facet normal -8.191520e-01 5.735764e-01 0.000000e+00
    outer loop
      vertex   -3.588716e+01 1.865077e+01 -1.053333e+01
      vertex   -3.588716e+01 1.865077e+01 -8.266667e+00
      vertex   -3.580718e+01 1.876500e+01 -1.053333e+01
    endloop
  endfacet
  facet normal -8.191520e-01 5.735764e-01 0.000000e+00
    outer loop
      vertex   -3.580718e+01 1.876500e+01 -1.053333e+01
      vertex   -3.588716e+01 1.865077e+01 -8.266667e+00
      vertex   -3.580718e+01 1.876500e+01 -8.266667e+00
    endloop
  endfacet
  facet normal -9.063078e-01 4.226183e-01 0.000000e+00
    outer loop
      vertex   -3.580718e+01 1.876500e+01 -1.053333e+01
      vertex   -3.580718e+01 1.876500e+01 -8.266667e+00
      vertex   -3.574825e+01 1.889138e+01 -1.053333e+01
    endloop
  endfacet
  facet normal -9.063078e-01 4.226183e-01 0.000000e+00
    outer loop
      vertex   -3.574825e+01 1.889138e+01 -1.053333e+01
      vertex   -3.580718e+01 1.876500e+01 -8.266667e+00
      vertex   -3.574825e+01 1.889138e+01 -8.266667e+00
    endloop
  endfacet
  facet normal -9.659258e-01 2.588190e-01 0.000000e+00
    outer loop
      vertex   -3.574825e+01 1.889138e+01 -1.053333e+01
      vertex   -3.574825e+01 1.889138e+01 -8.266667e+00
      vertex   -3.571215e+01 1.902608e+01 -1.053333e+01
    endloop
  endfacet
  facet normal -9.659258e-01 2.588190e-01 0.000000e+00
    outer loop
      vertex   -3.571215e+01 1.902608e+01 -1.053333e+01
      vertex   -3.574825e+01 1.889138e+01 -8.266667e+00
      vertex   -3.571215e+01 1.902608e+01 -8.266667e+00
    endloop
  endfacet
  facet normal -9.961947e-01 8.715574e-02 0.000000e+00
    outer loop
      vertex   -3.571215e+01 1.902608e+01 -1.053333e+01
      vertex   -3.571215e+01 1.902608e+01 -8.266667e+00
      vertex   -3.570000e+01 1.916500e+01 -1.053333e+01
    endloop
  endfacet
  facet normal -9.961947e-01 8.715574e-02 0.000000e+00
    outer loop
      vertex   -3.570000e+01 1.916500e+01 -1.053333e+01
      vertex   -3.571215e+01 1.902608e+01 -8.266667e+00
      vertex   -3.570000e+01 1.916500e+01 -8.266667e+00
    endloop
  endfacet
  facet normal -9.961947e-01 -8.715574e-02 0.000000e+00
    outer loop
      vertex   -3.570000e+01 1.916500e+01 -1.053333e+01
      vertex   -3.570000e+01 1.916500e+01 -8.266667e+00
      vertex   -3.571215e+01 1.930392e+01 -1.053333e+01
    endloop
  endfacet
  facet normal -9.961947e-01 -8.715574e-02 0.000000e+00
    outer loop
      vertex   -3.571215e+01 1.930392e+01 -1.053333e+01
      vertex   -3.570000e+01 1.916500e+01 -8.266667e+00
      vertex   -3.571215e+01 1.930392e+01 -8.266667e+00
    endloop
  endfacet
  facet normal -9.659258e-01 -2.588190e-01 0.000000e+00
    outer loop
      vertex   -3.571215e+01 1.930392e+01 -1.053333e+01
      vertex   -3.571215e+01 1.930392e+01 -8.266667e+00
      vertex   -3.574825e+01 1.943862e+01 -1.053333e+01
    endloop
  endfacet
  facet normal -9.659258e-01 -2.588190e-01 0.000000e+00
    outer loop
      vertex   -3.574825e+01 1.943862e+01 -1.053333e+01
      vertex   -3.571215e+01 1.930392e+01 -8.266667e+00
      vertex   -3.574825e+01 1.943862e+01 -8.266667e+00
    endloop
  endfacet
  facet normal -9.063078e-01 -4.226183e-01 0.000000e+00
    outer loop
      vertex   -3.574825e+01 1.943862e+01 -1.053333e+01
      vertex   -3.574825e+01 1.943862e+01 -8.266667e+00
      vertex   -3.580718e+01 1.956500e+01 -1.053333e+01
    endloop
  endfacet
  facet normal -9.063078e-01 -4.226183e-01 0.000000e+00
    outer loop
      vertex   -3.580718e+01 1.956500e+01 -1.053333e+01
      vertex   -3.574825e+01 1.943862e+01 -8.266667e+00
      vertex   -3.580718e+01 1.956500e+01 -8.266667e+00
    endloop
  endfacet
  facet normal -8.191520e-01 -5.735764e-01 0.000000e+00
    outer loop
      vertex   -3.580718e+01 1.956500e+01 -1.053333e+01
      vertex   -3.580718e+01 1.956500e+01 -8.266667e+00
      vertex   -3.588716e+01 1.967923e+01 -1.053333e+01
    endloop
  endfacet
  facet normal -8.191520e-01 -5.735764e-01 0.000000e+00
    outer loop
      vertex   -3.588716e+01 1.967923e+01 -1.053333e+01
      vertex   -3.580718e+01 1.956500e+01 -8.266667e+00
      vertex   -3.588716e+01 1.967923e+01 -8.266667e+00
    endloop
  endfacet
  facet normal -7.071068e-01 -7.071068e-01 0.000000e+00
    outer loop
      vertex   -3.588716e+01 1.967923e+01 -1.053333e+01
      vertex   -3.588716e+01 1.967923e+01 -8.266667e+00
      vertex   -3.598577e+01 1.977784e+01 -1.053333e+01
    endloop
  endfacet
  facet normal -7.071068e-01 -7.071068e-01 0.000000e+00
    outer loop
      vertex   -3.598577e+01 1.977784e+01 -1.053333e+01
      vertex   -3.588716e+01 1.967923e+01 -8.266667e+00
      vertex   -3.598577e+01 1.977784e+01 -8.266667e+00
    endloop
  endfacet
  facet normal -5.735764e-01 -8.191520e-01 0.000000e+00
    outer loop
      vertex   -3.598577e+01 1.977784e+01 -1.053333e+01
      vertex   -3.598577e+01 1.977784e+01 -8.266667e+00
      vertex   -3.610000e+01 1.985782e+01 -1.053333e+01
    endloop
  endfacet
  facet normal -5.735764e-01 -8.191520e-01 0.000000e+00
    outer loop
      vertex   -3.610000e+01 1.985782e+01 -1.053333e+01
      vertex   -3.598577e+01 1.977784e+01 -8.266667e+00
      vertex   -3.610000e+01 1.985782e+01 -8.266667e+00
    endloop
  endfacet
  facet normal -4.226183e-01 -9.063078e-01 0.000000e+00
    outer loop
      vertex   -3.610000e+01 1.985782e+01 -1.053333e+01
      vertex   -3.610000e+01 1.985782e+01 -8.266667e+00
      vertex   -3.622638e+01 1.991675e+01 -1.053333e+01
    endloop
  endfacet
  facet normal -4.226183e-01 -9.063078e-01 0.000000e+00
    outer loop
      vertex   -3.622638e+01 1.991675e+01 -1.053333e+01
      vertex   -3.610000e+01 1.985782e+01 -8.266667e+00
      vertex   -3.622638e+01 1.991675e+01 -8.266667e+00
    endloop
  endfacet
  facet normal -2.588190e-01 -9.659258e-01 0.000000e+00
    outer loop
      vertex   -3.622638e+01 1.991675e+01 -1.053333e+01
      vertex   -3.622638e+01 1.991675e+01 -8.266667e+00
      vertex   -3.636108e+01 1.995285e+01 -1.053333e+01
    endloop
  endfacet
  facet normal -2.588190e-01 -9.659258e-01 0.000000e+00
    outer loop
      vertex   -3.636108e+01 1.995285e+01 -1.053333e+01
      vertex   -3.622638e+01 1.991675e+01 -8.266667e+00
      vertex   -3.636108e+01 1.995285e+01 -8.266667e+00
    endloop
  endfacet
  facet normal -8.715574e-02 -9.961947e-01 0.000000e+00
    outer loop
      vertex   -3.636108e+01 1.995285e+01 -1.053333e+01
      vertex   -3.636108e+01 1.995285e+01 -8.266667e+00
      vertex   -3.650000e+01 1.996500e+01 -1.053333e+01
    endloop
  endfacet
  facet normal -8.715574e-02 -9.961947e-01 0.000000e+00
    outer loop
      vertex   -3.650000e+01 1.996500e+01 -1.053333e+01
      vertex   -3.636108e+01 1.995285e+01 -8.266667e+00
      vertex   -3.650000e+01 1.996500e+01 -8.266667e+00
    endloop
  endfacet
  facet normal 8.715574e-02 -9.961947e-01 0.000000e+00
    outer loop
      vertex   -3.650000e+01 1.996500e+01 -1.053333e+01
      vertex   -3.650000e+01 1.996500e+01 -8.266667e+00
      vertex   -3.663892e+01 1.995285e+01 -1.053333e+01
    endloop
  endfacet
  facet normal 8.715574e-02 -9.961947e-01 0.000000e+00
    outer loop
      vertex   -3.663892e+01 1.995285e+01 -1.053333e+01
      vertex   -3.650000e+01 1.996500e+01 -8.266667e+00
      vertex   -3.663892e+01 1.995285e+01 -8.266667e+00
    endloop
  endfacet
  facet normal 2.588190e-01 -9.659258e-01 0.000000e+00
    outer loop
      vertex   -3.663892e+01 1.995285e+01 -1.053333e+01
      vertex   -3.663892e+01 1.995285e+01 -8.266667e+00
      vertex   -3.677362e+01 1.991675e+01 -1.053333e+01
    endloop
  endfacet
  facet normal 2.588190e-01 -9.659258e-01 0.000000e+00
    outer loop
      vertex   -3.677362e+01 1.991675e+01 -1.053333e+01
      vertex   -3.663892e+01 1.995285e+01 -8.266667e+00
      vertex   -3.677362e+01 1.991675e+01 -8.266667e+00
    endloop
  endfacet
  facet normal 4.226183e-01 -9.063078e-01 0.000000e+00
    outer loop
      vertex   -3.677362e+01 1.991675e+01 -1.053333e+01
      vertex   -3.677362e+01 1.991675e+01 -8.266667e+00
      vertex   -3.690000e+01 1.985782e+01 -1.053333e+01
    endloop
  endfacet
  facet normal 4.226183e-01 -9.063078e-01 0.000000e+00
    outer loop
      vertex   -3.690000e+01 1.985782e+01 -1.053333e+01
      vertex   -3.677362e+01 1.991675e+01 -8.266667e+00
      vertex   -3.690000e+01 1.985782e+01 -8.266667e+00
    endloop
  endfacet
  facet normal 5.735764e-01 -8.191520e-01 0.000000e+00
    outer loop
      vertex   -3.690000e+01 1.985782e+01 -1.053333e+01
      vertex   -3.690000e+01 1.985782e+01 -8.266667e+00
      vertex   -3.701423e+01 1.977784e+01 -1.053333e+01
    endloop
  endfacet
  facet normal 5.735764e-01 -8.191520e-01 0.000000e+00
    outer loop
      vertex   -3.701423e+01 1.977784e+01 -1.053333e+01
      vertex   -3.690000e+01 1.985782e+01 -8.266667e+00
      vertex   -3.701423e+01 1.977784e+01 -8.266667e+00
    endloop
  endfacet
  facet normal 7.071068e-01 -7.071068e-01 0.000000e+00
    outer loop
      vertex   -3.701423e+01 1.977784e+01 -1.053333e+01
      vertex   -3.701423e+01 1.977784e+01 -8.266667e+00
      vertex   -3.711284e+01 1.967923e+01 -1.053333e+01
    endloop
  endfacet
  facet normal 7.071068e-01 -7.071068e-01 0.000000e+00
    outer loop
      vertex   -3.711284e+01 1.967923e+01 -1.053333e+01
      vertex   -3.701423e+01 1.977784e+01 -8.266667e+00
      vertex   -3.711284e+01 1.967923e+01 -8.266667e+00
    endloop
  endfacet
  facet normal 8.191520e-01 -5.735764e-01 0.000000e+00
    outer loop
      vertex   -3.711284e+01 1.967923e+01 -1.053333e+01
      vertex   -3.711284e+01 1.967923e+01 -8.266667e+00
      vertex   -3.719282e+01 1.956500e+01 -1.053333e+01
    endloop
  endfacet
  facet normal 8.191520e-01 -5.735764e-01 0.000000e+00
    outer loop
      vertex   -3.719282e+01 1.956500e+01 -1.053333e+01
      vertex   -3.711284e+01 1.967923e+01 -8.266667e+00
      vertex   -3.719282e+01 1.956500e+01 -8.266667e+00
    endloop
  endfacet
  facet normal 9.063078e-01 -4.226183e-01 0.000000e+00
    outer loop
      vertex   -3.719282e+01 1.956500e+01 -1.053333e+01
      vertex   -3.719282e+01 1.956500e+01 -8.266667e+00
      vertex   -3.725175e+01 1.943862e+01 -1.053333e+01
    endloop
  endfacet
  facet normal 9.063078e-01 -4.226183e-01 0.000000e+00
    outer loop
      vertex   -3.725175e+01 1.943862e+01 -1.053333e+01
      vertex   -3.719282e+01 1.956500e+01 -8.266667e+00
      vertex   -3.725175e+01 1.943862e+01 -8.266667e+00
    endloop
  endfacet
  facet normal 9.659258e-01 -2.588190e-01 0.000000e+00
    outer loop
      vertex   -3.725175e+01 1.943862e+01 -1.053333e+01
      vertex   -3.725175e+01 1.943862e+01 -8.266667e+00
      vertex   -3.728785e+01 1.930392e+01 -1.053333e+01
    endloop
  endfacet
  facet normal 9.659258e-01 -2.588190e-01 0.000000e+00
    outer loop
      vertex   -3.728785e+01 1.930392e+01 -1.053333e+01
      vertex   -3.725175e+01 1.943862e+01 -8.266667e+00
      vertex   -3.728785e+01 1.930392e+01 -8.266667e+00
    endloop
  endfacet
  facet normal 9.961947e-01 -8.715574e-02 0.000000e+00
    outer loop
      vertex   -3.728785e+01 1.930392e+01 -1.053333e+01
      vertex   -3.728785e+01 1.930392e+01 -8.266667e+00
      vertex   -3.730000e+01 1.916500e+01 -1.053333e+01
    endloop
  endfacet
  facet normal 9.961947e-01 -8.715574e-02 0.000000e+00
    outer loop
      vertex   -3.730000e+01 1.916500e+01 -1.053333e+01
      vertex   -3.728785e+01 1.930392e+01 -8.266667e+00
      vertex   -3.730000e+01 1.916500e+01 -8.266667e+00
    endloop
  endfacet
  facet normal 0.000000e+00 -0.000000e+00 1.000000e+00
    outer loop
      vertex   3.571215e+01 -1.930392e+01 -1.280000e+01
      vertex   3.728785e+01 -1.930392e+01 -1.280000e+01
      vertex   3.570000e+01 -1.916500e+01 -1.280000e+01
    endloop
  endfacet
  facet normal -0.000000e+00 0.000000e+00 1.000000e+00
    outer loop
      vertex   3.570000e+01 -1.916500e+01 -1.280000e+01
      vertex   3.728785e+01 -1.930392e+01 -1.280000e+01
      vertex   3.730000e+01 -1.916500e+01 -1.280000e+01
    endloop
  endfacet
  facet normal 0.000000e+00 0.000000e+00 1.000000e+00
    outer loop
      vertex   3.570000e+01 -1.916500e+01 -1.280000e+01
      vertex   3.730000e+01 -1.916500e+01 -1.280000e+01
      vertex   3.571215e+01 -1.902608e+01 -1.280000e+01
    endloop
  endfacet
  facet normal -0.000000e+00 0.000000e+00 1.000000e+00
    outer loop
      vertex   3.571215e+01 -1.902608e+01 -1.280000e+01
      vertex   3.730000e+01 -1.916500e+01 -1.280000e+01
      vertex   3.728785e+01 -1.902608e+01 -1.280000e+01
    endloop
  endfacet
  facet normal 0.000000e+00 0.000000e+00 1.000000e+00
    outer loop
      vertex   3.571215e+01 -1.902608e+01 -1.280000e+01
      vertex   3.728785e+01 -1.902608e+01 -1.280000e+01
      vertex   3.574825e+01 -1.889138e+01 -1.280000e+01
    endloop
  endfacet
  facet normal -0.000000e+00 0.000000e+00 1.000000e+00
    outer loop
      vertex   3.574825e+01 -1.889138e+01 -1.280000e+01
      vertex   3.728785e+01 -1.902608e+01 -1.280000e+01
      vertex   3.725175e+01 -1.889138e+01 -1.280000e+01
    endloop
  endfacet
  facet normal 0.000000e+00 0.000000e+00 1.000000e+00
    outer loop
      vertex   3.574825e+01 -1.889138e+01 -1.280000e+01
      vertex   3.725175e+01 -1.889138e+01 -1.280000e+01
      vertex   3.580718e+01 -1.876500e+01 -1.280000e+01
    endloop
  endfacet
  facet normal -0.000000e+00 0.000000e+00 1.000000e+00
    outer loop
      vertex   3.580718e+01 -1.876500e+01 -1.280000e+01
      vertex   3.725175e+01 -1.889138e+01 -1.280000e+01
      vertex   3.719282e+01 -1.876500e+01 -1.280000e+01
    endloop
  endfacet
  facet normal 0.000000e+00 0.000000e+00 1.000000e+00
    outer loop
      vertex   3.580718e+01 -1.876500e+01 -1.280000e+01
      vertex   3.719282e+01 -1.876500e+01 -1.280000e+01
      vertex   3.588716e+01 -1.865077e+01 -1.280000e+01
    endloop
  endfacet
  facet normal -0.000000e+00 0.000000e+00 1.000000e+00
    outer loop
      vertex   3.588716e+01 -1.865077e+01 -1.280000e+01
      vertex   3.719282e+01 -1.876500e+01 -1.280000e+01
      vertex   3.711284e+01 -1.865077e+01 -1.280000e+01
    endloop
  endfacet
  facet normal 0.000000e+00 0.000000e+00 1.000000e+00
    outer loop
      vertex   3.588716e+01 -1.865077e+01 -1.280000e+01
      vertex   3.711284e+01 -1.865077e+01 -1.280000e+01
      vertex   3.598577e+01 -1.855216e+01 -1.280000e+01
    endloop
  endfacet
  facet normal -0.000000e+00 0.000000e+00 1.000000e+00
    outer loop
      vertex   3.598577e+01 -1.855216e+01 -1.280000e+01
      vertex   3.711284e+01 -1.865077e+01 -1.280000e+01
      vertex   3.701423e+01 -1.855216e+01 -1.280000e+01
    endloop
  endfacet
  facet normal 0.000000e+00 0.000000e+00 1.000000e+00
    outer loop
      vertex   3.598577e+01 -1.855216e+01 -1.280000e+01
      vertex   3.701423e+01 -1.855216e+01 -1.280000e+01
      vertex   3.610000e+01 -1.847218e+01 -1.280000e+01
    endloop
  endfacet
  facet normal -0.000000e+00 0.000000e+00 1.000000e+00
    outer loop
      vertex   3.610000e+01 -1.847218e+01 -1.280000e+01
      vertex   3.701423e+01 -1.855216e+01 -1.280000e+01
      vertex   3.690000e+01 -1.847218e+01 -1.280000e+01
    endloop
  endfacet
  facet normal 0.000000e+00 0.000000e+00 1.000000e+00
    outer loop
      vertex   3.610000e+01 -1.847218e+01 -1.280000e+01
      vertex   3.690000e+01 -1.847218e+01 -1.280000e+01
      vertex   3.622638e+01 -1.841325e+01 -1.280000e+01
    endloop
  endfacet
  facet normal -0.000000e+00 0.000000e+00 1.000000e+00
    outer loop
      vertex   3.622638e+01 -1.841325e+01 -1.280000e+01
      vertex   3.690000e+01 -1.847218e+01 -1.280000e+01
      vertex   3.677362e+01 -1.841325e+01 -1.280000e+01
    endloop
  endfacet
  facet normal 0.000000e+00 0.000000e+00 1.000000e+00
    outer loop
      vertex   3.622638e+01 -1.841325e+01 -1.280000e+01
      vertex   3.677362e+01 -1.841325e+01 -1.280000e+01
      vertex   3.636108e+01 -1.837715e+01 -1.280000e+01
    endloop
  endfacet
  facet normal -0.000000e+00 0.000000e+00 1.000000e+00
    outer loop
      vertex   3.636108e+01 -1.837715e+01 -1.280000e+01
      vertex   3.677362e+01 -1.841325e+01 -1.280000e+01
      vertex   3.663892e+01 -1.837715e+01 -1.280000e+01
    endloop
  endfacet
  facet normal 0.000000e+00 0.000000e+00 1.000000e+00
    outer loop
      vertex   3.636108e+01 -1.837715e+01 -1.280000e+01
      vertex   3.663892e+01 -1.837715e+01 -1.280000e+01
      vertex   3.650000e+01 -1.836500e+01 -1.280000e+01
    endloop
  endfacet
  facet normal 0.000000e+00 0.000000e+00 1.000000e+00
    outer loop
      vertex   3.728785e+01 -1.930392e+01 -1.280000e+01
      vertex   3.571215e+01 -1.930392e+01 -1.280000e+01
      vertex   3.725175e+01 -1.943862e+01 -1.280000e+01
    endloop
  endfacet
  facet normal 0.000000e+00 0.000000e+00 1.000000e+00
    outer loop
      vertex   3.725175e+01 -1.943862e+01 -1.280000e+01
      vertex   3.571215e+01 -1.930392e+01 -1.280000e+01
      vertex   3.574825e+01 -1.943862e+01 -1.280000e+01
    endloop
  endfacet
  facet normal 0.000000e+00 0.000000e+00 1.000000e+00
    outer loop
      vertex   3.725175e+01 -1.943862e+01 -1.280000e+01
      vertex   3.574825e+01 -1.943862e+01 -1.280000e+01
      vertex   3.719282e+01 -1.956500e+01 -1.280000e+01
    endloop
  endfacet
  facet normal 0.000000e+00 0.000000e+00 1.000000e+00
    outer loop
      vertex   3.719282e+01 -1.956500e+01 -1.280000e+01
      vertex   3.574825e+01 -1.943862e+01 -1.280000e+01
      vertex   3.580718e+01 -1.956500e+01 -1.280000e+01
    endloop
  endfacet
  facet normal 0.000000e+00 0.000000e+00 1.000000e+00
    outer loop
      vertex   3.719282e+01 -1.956500e+01 -1.280000e+01
      vertex   3.580718e+01 -1.956500e+01 -1.280000e+01
      vertex   3.711284e+01 -1.967923e+01 -1.280000e+01
    endloop
  endfacet
  facet normal 0.000000e+00 0.000000e+00 1.000000e+00
    outer loop
      vertex   3.711284e+01 -1.967923e+01 -1.280000e+01
      vertex   3.580718e+01 -1.956500e+01 -1.280000e+01
      vertex   3.588716e+01 -1.967923e+01 -1.280000e+01
    endloop
  endfacet
  facet normal 0.000000e+00 0.000000e+00 1.000000e+00
    outer loop
      vertex   3.711284e+01 -1.967923e+01 -1.280000e+01
      vertex   3.588716e+01 -1.967923e+01 -1.280000e+01
      vertex   3.701423e+01 -1.977784e+01 -1.280000e+01
    endloop
  endfacet
  facet normal 0.000000e+00 0.000000e+00 1.000000e+00
    outer loop
      vertex   3.701423e+01 -1.977784e+01 -1.280000e+01
      vertex   3.588716e+01 -1.967923e+01 -1.280000e+01
      vertex   3.598577e+01 -1.977784e+01 -1.280000e+01
    endloop
  endfacet
  facet normal 0.000000e+00 0.000000e+00 1.000000e+00
    outer loop
      vertex   3.701423e+01 -1.977784e+01 -1.280000e+01
      vertex   3.598577e+01 -1.977784e+01 -1.280000e+01
      vertex   3.690000e+01 -1.985782e+01 -1.280000e+01
    endloop
  endfacet
  facet normal 0.000000e+00 0.000000e+00 1.000000e+00
    outer loop
      vertex   3.690000e+01 -1.985782e+01 -1.280000e+01
      vertex   3.598577e+01 -1.977784e+01 -1.280000e+01
      vertex   3.610000e+01 -1.985782e+01 -1.280000e+01
    endloop
  endfacet
  facet normal 0.000000e+00 0.000000e+00 1.000000e+00
    outer loop
      vertex   3.690000e+01 -1.985782e+01 -1.280000e+01
      vertex   3.610000e+01 -1.985782e+01 -1.280000e+01
      vertex   3.677362e+01 -1.991675e+01 -1.280000e+01
    endloop
  endfacet
  facet normal 0.000000e+00 0.000000e+00 1.000000e+00
    outer loop
      vertex   3.677362e+01 -1.991675e+01 -1.280000e+01
      vertex   3.610000e+01 -1.985782e+01 -1.280000e+01
      vertex   3.622638e+01 -1.991675e+01 -1.280000e+01
    endloop
  endfacet
  facet normal 0.000000e+00 0.000000e+00 1.000000e+00
    outer loop
      vertex   3.677362e+01 -1.991675e+01 -1.280000e+01
      vertex   3.622638e+01 -1.991675e+01 -1.280000e+01
      vertex   3.663892e+01 -1.995285e+01 -1.280000e+01
    endloop
  endfacet
  facet normal 0.000000e+00 0.000000e+00 1.000000e+00
    outer loop
      vertex   3.663892e+01 -1.995285e+01 -1.280000e+01
      vertex   3.622638e+01 -1.991675e+01 -1.280000e+01
      vertex   3.636108e+01 -1.995285e+01 -1.280000e+01
    endloop
  endfacet
  facet normal 0.000000e+00 0.000000e+00 1.000000e+00
    outer loop
      vertex   3.663892e+01 -1.995285e+01 -1.280000e+01
      vertex   3.636108e+01 -1.995285e+01 -1.280000e+01
      vertex   3.650000e+01 -1.996500e+01 -1.280000e+01
    endloop
  endfacet
  facet normal 9.961947e-01 -8.715574e-02 0.000000e+00
    outer loop
      vertex   3.571215e+01 -1.902608e+01 -1.280000e+01
      vertex   3.571215e+01 -1.902608e+01 -1.053333e+01
      vertex   3.570000e+01 -1.916500e+01 -1.280000e+01
    endloop
  endfacet
  facet normal 9.961947e-01 -8.715574e-02 0.000000e+00
    outer loop
      vertex   3.570000e+01 -1.916500e+01 -1.280000e+01
      vertex   3.571215e+01 -1.902608e+01 -1.053333e+01
      vertex   3.570000e+01 -1.916500e+01 -1.053333e+01
    endloop
  endfacet
  facet normal 9.961947e-01 8.715574e-02 -0.000000e+00
    outer loop
      vertex   3.570000e+01 -1.916500e+01 -1.280000e+01
      vertex   3.570000e+01 -1.916500e+01 -1.053333e+01
      vertex   3.571215e+01 -1.930392e+01 -1.280000e+01
    endloop
  endfacet
  facet normal 9.961947e-01 8.715574e-02 -0.000000e+00
    outer loop
      vertex   3.571215e+01 -1.930392e+01 -1.280000e+01
      vertex   3.570000e+01 -1.916500e+01 -1.053333e+01
      vertex   3.571215e+01 -1.930392e+01 -1.053333e+01
    endloop
  endfacet
  facet normal 9.659258e-01 2.588190e-01 -0.000000e+00
    outer loop
      vertex   3.571215e+01 -1.930392e+01 -1.280000e+01
      vertex   3.571215e+01 -1.930392e+01 -1.053333e+01
      vertex   3.574825e+01 -1.943862e+01 -1.280000e+01
    endloop
  endfacet
  facet normal 9.659258e-01 2.588190e-01 -0.000000e+00
    outer loop
      vertex   3.574825e+01 -1.943862e+01 -1.280000e+01
      vertex   3.571215e+01 -1.930392e+01 -1.053333e+01
      vertex   3.574825e+01 -1.943862e+01 -1.053333e+01
    endloop
  endfacet
  facet normal 9.063078e-01 4.226183e-01 -0.000000e+00
    outer loop
      vertex   3.574825e+01 -1.943862e+01 -1.280000e+01
      vertex   3.574825e+01 -1.943862e+01 -1.053333e+01
      vertex   3.580718e+01 -1.956500e+01 -1.280000e+01
    endloop
  endfacet
  facet normal 9.063078e-01 4.226183e-01 -0.000000e+00
    outer loop
      vertex   3.580718e+01 -1.956500e+01 -1.280000e+01
      vertex   3.574825e+01 -1.943862e+01 -1.053333e+01
      vertex   3.580718e+01 -1.956500e+01 -1.053333e+01
    endloop
  endfacet
  facet normal 8.191520e-01 5.735764e-01 -0.000000e+00
    outer loop
      vertex   3.580718e+01 -1.956500e+01 -1.280000e+01
      vertex   3.580718e+01 -1.956500e+01 -1.053333e+01
      vertex   3.588716e+01 -1.967923e+01 -1.280000e+01
    endloop
  endfacet
  facet normal 8.191520e-01 5.735764e-01 -0.000000e+00
    outer loop
      vertex   3.588716e+01 -1.967923e+01 -1.280000e+01
      vertex   3.580718e+01 -1.956500e+01 -1.053333e+01
      vertex   3.588716e+01 -1.967923e+01 -1.053333e+01
    endloop
  endfacet
  facet normal 7.071068e-01 7.071068e-01 -0.000000e+00
    outer loop
      vertex   3.588716e+01 -1.967923e+01 -1.280000e+01
      vertex   3.588716e+01 -1.967923e+01 -1.053333e+01
      vertex   3.598577e+01 -1.977784e+01 -1.280000e+01
    endloop
  endfacet
  facet normal 7.071068e-01 7.071068e-01 -0.000000e+00
    outer loop
      vertex   3.598577e+01 -1.977784e+01 -1.280000e+01
      vertex   3.588716e+01 -1.967923e+01 -1.053333e+01
      vertex   3.598577e+01 -1.977784e+01 -1.053333e+01
    endloop
  endfacet
  facet normal 5.735764e-01 8.191520e-01 -0.000000e+00
    outer loop
      vertex   3.598577e+01 -1.977784e+01 -1.280000e+01
      vertex   3.598577e+01 -1.977784e+01 -1.053333e+01
      vertex   3.610000e+01 -1.985782e+01 -1.280000e+01
    endloop
  endfacet
  facet normal 5.735764e-01 8.191520e-01 -0.000000e+00
    outer loop
      vertex   3.610000e+01 -1.985782e+01 -1.280000e+01
      vertex   3.598577e+01 -1.977784e+01 -1.053333e+01
      vertex   3.610000e+01 -1.985782e+01 -1.053333e+01
    endloop
  endfacet
  facet normal 4.226183e-01 9.063078e-01 -0.000000e+00
    outer loop
      vertex   3.610000e+01 -1.985782e+01 -1.280000e+01
      vertex   3.610000e+01 -1.985782e+01 -1.053333e+01
      vertex   3.622638e+01 -1.991675e+01 -1.280000e+01
    endloop
  endfacet
  facet normal 4.226183e-01 9.063078e-01 -0.000000e+00
    outer loop
      vertex   3.622638e+01 -1.991675e+01 -1.280000e+01
      vertex   3.610000e+01 -1.985782e+01 -1.053333e+01
      vertex   3.622638e+01 -1.991675e+01 -1.053333e+01
    endloop
  endfacet
  facet normal 2.588190e-01 9.659258e-01 -0.000000e+00
    outer loop
      vertex   3.622638e+01 -1.991675e+01 -1.280000e+01
      vertex   3.622638e+01 -1.991675e+01 -1.053333e+01
      vertex   3.636108e+01 -1.995285e+01 -1.280000e+01
    endloop
  endfacet
  facet normal 2.588190e-01 9.659258e-01 -0.000000e+00
    outer loop
      vertex   3.636108e+01 -1.995285e+01 -1.280000e+01
      vertex   3.622638e+01 -1.991675e+01 -1.053333e+01
      vertex   3.636108e+01 -1.995285e+01 -1.053333e+01
    endloop
  endfacet
  facet normal 8.715574e-02 9.961947e-01 -0.000000e+00
    outer loop
      vertex   3.636108e+01 -1.995285e+01 -1.280000e+01
      vertex   3.636108e+01 -1.995285e+01 -1.053333e+01
      vertex   3.650000e+01 -1.996500e+01 -1.280000e+01
    endloop
  endfacet
  facet normal 8.715574e-02 9.961947e-01 -0.000000e+00
    outer loop
      vertex   3.650000e+01 -1.996500e+01 -1.280000e+01
      vertex   3.636108e+01 -1.995285e+01 -1.053333e+01
      vertex   3.650000e+01 -1.996500e+01 -1.053333e+01
    endloop
  endfacet
  facet normal -8.715574e-02 9.961947e-01 0.000000e+00
    outer loop
      vertex   3.650000e+01 -1.996500e+01 -1.280000e+01
      vertex   3.650000e+01 -1.996500e+01 -1.053333e+01
      vertex   3.663892e+01 -1.995285e+01 -1.280000e+01
    endloop
  endfacet
  facet normal -8.715574e-02 9.961947e-01 0.000000e+00
    outer loop
      vertex   3.663892e+01 -1.995285e+01 -1.280000e+01
      vertex   3.650000e+01 -1.996500e+01 -1.053333e+01
      vertex   3.663892e+01 -1.995285e+01 -1.053333e+01
    endloop
  endfacet
  facet normal -2.588190e-01 9.659258e-01 0.000000e+00
    outer loop
      vertex   3.663892e+01 -1.995285e+01 -1.280000e+01
      vertex   3.663892e+01 -1.995285e+01 -1.053333e+01
      vertex   3.677362e+01 -1.991675e+01 -1.280000e+01
    endloop
  endfacet
  facet normal -2.588190e-01 9.659258e-01 0.000000e+00
    outer loop
      vertex   3.677362e+01 -1.991675e+01 -1.280000e+01
      vertex   3.663892e+01 -1.995285e+01 -1.053333e+01
      vertex   3.677362e+01 -1.991675e+01 -1.053333e+01
    endloop
  endfacet
  facet normal -4.226183e-01 9.063078e-01 0.000000e+00
    outer loop
      vertex   3.677362e+01 -1.991675e+01 -1.280000e+01
      vertex   3.677362e+01 -1.991675e+01 -1.053333e+01
      vertex   3.690000e+01 -1.985782e+01 -1.280000e+01
    endloop
  endfacet
  facet normal -4.226183e-01 9.063078e-01 0.000000e+00
    outer loop
      vertex   3.690000e+01 -1.985782e+01 -1.280000e+01
      vertex   3.677362e+01 -1.991675e+01 -1.053333e+01
      vertex   3.690000e+01 -1.985782e+01 -1.053333e+01
    endloop
  endfacet
  facet normal -5.735764e-01 8.191520e-01 0.000000e+00
    outer loop
      vertex   3.690000e+01 -1.985782e+01 -1.280000e+01
      vertex   3.690000e+01 -1.985782e+01 -1.053333e+01
      vertex   3.701423e+01 -1.977784e+01 -1.280000e+01
    endloop
  endfacet
  facet normal -5.735764e-01 8.191520e-01 0.000000e+00
    outer loop
      vertex   3.701423e+01 -1.977784e+01 -1.280000e+01
      vertex   3.690000e+01 -1.985782e+01 -1.053333e+01
      vertex   3.701423e+01 -1.977784e+01 -1.053333e+01
    endloop
  endfacet
  facet normal -7.071068e-01 7.071068e-01 0.000000e+00
    outer loop
      vertex   3.701423e+01 -1.977784e+01 -1.280000e+01
      vertex   3.701423e+01 -1.977784e+01 -1.053333e+01
      vertex   3.711284e+01 -1.967923e+01 -1.280000e+01
    endloop
  endfacet
  facet normal -7.071068e-01 7.071068e-01 0.000000e+00
    outer loop
      vertex   3.711284e+01 -1.967923e+01 -1.280000e+01
      vertex   3.701423e+01 -1.977784e+01 -1.053333e+01
      vertex   3.711284e+01 -1.967923e+01 -1.053333e+01
    endloop
  endfacet
  facet normal -8.191520e-01 5.735764e-01 0.000000e+00
    outer loop
      vertex   3.711284e+01 -1.967923e+01 -1.280000e+01
      vertex   3.711284e+01 -1.967923e+01 -1.053333e+01
      vertex   3.719282e+01 -1.956500e+01 -1.280000e+01
    endloop
  endfacet
  facet normal -8.191520e-01 5.735764e-01 0.000000e+00
    outer loop
      vertex   3.719282e+01 -1.956500e+01 -1.280000e+01
      vertex   3.711284e+01 -1.967923e+01 -1.053333e+01
      vertex   3.719282e+01 -1.956500e+01 -1.053333e+01
    endloop
  endfacet
  facet normal -9.063078e-01 4.226183e-01 0.000000e+00
    outer loop
      vertex   3.719282e+01 -1.956500e+01 -1.280000e+01
      vertex   3.719282e+01 -1.956500e+01 -1.053333e+01
      vertex   3.725175e+01 -1.943862e+01 -1.280000e+01
    endloop
  endfacet
  facet normal -9.063078e-01 4.226183e-01 0.000000e+00
    outer loop
      vertex   3.725175e+01 -1.943862e+01 -1.280000e+01
      vertex   3.719282e+01 -1.956500e+01 -1.053333e+01
      vertex   3.725175e+01 -1.943862e+01 -1.053333e+01
    endloop
  endfacet
  facet normal -9.659258e-01 2.588190e-01 0.000000e+00
    outer loop
      vertex   3.725175e+01 -1.943862e+01 -1.280000e+01
      vertex   3.725175e+01 -1.943862e+01 -1.053333e+01
      vertex   3.728785e+01 -1.930392e+01 -1.280000e+01
    endloop
  endfacet
  facet normal -9.659258e-01 2.588190e-01 0.000000e+00
    outer loop
      vertex   3.728785e+01 -1.930392e+01 -1.280000e+01
      vertex   3.725175e+01 -1.943862e+01 -1.053333e+01
      vertex   3.728785e+01 -1.930392e+01 -1.053333e+01
    endloop
  endfacet
  facet normal -9.961947e-01 8.715574e-02 0.000000e+00
    outer loop
      vertex   3.728785e+01 -1.930392e+01 -1.280000e+01
      vertex   3.728785e+01 -1.930392e+01 -1.053333e+01
      vertex   3.730000e+01 -1.916500e+01 -1.280000e+01
    endloop
  endfacet
  facet normal -9.961947e-01 8.715574e-02 0.000000e+00
    outer loop
      vertex   3.730000e+01 -1.916500e+01 -1.280000e+01
      vertex   3.728785e+01 -1.930392e+01 -1.053333e+01
      vertex   3.730000e+01 -1.916500e+01 -1.053333e+01
    endloop
  endfacet
  facet normal -9.961947e-01 -8.715574e-02 0.000000e+00
    outer loop
      vertex   3.730000e+01 -1.916500e+01 -1.280000e+01
      vertex   3.730000e+01 -1.916500e+01 -1.053333e+01
      vertex   3.728785e+01 -1.902608e+01 -1.280000e+01
    endloop
  endfacet
  facet normal -9.961947e-01 -8.715574e-02 0.000000e+00
    outer loop
      vertex   3.728785e+01 -1.902608e+01 -1.280000e+01
      vertex   3.730000e+01 -1.916500e+01 -1.053333e+01
      vertex   3.728785e+01 -1.902608e+01 -1.053333e+01
    endloop
  endfacet
  facet normal -9.659258e-01 -2.588190e-01 0.000000e+00
    outer loop
      vertex   3.728785e+01 -1.902608e+01 -1.280000e+01
      vertex   3.728785e+01 -1.902608e+01 -1.053333e+01
      vertex   3.725175e+01 -1.889138e+01 -1.280000e+01
    endloop
  endfacet
  facet normal -9.659258e-01 -2.588190e-01 0.000000e+00
    outer loop
      vertex   3.725175e+01 -1.889138e+01 -1.280000e+01
      vertex   3.728785e+01 -1.902608e+01 -1.053333e+01
      vertex   3.725175e+01 -1.889138e+01 -1.053333e+01
    endloop
  endfacet
  facet normal -9.063078e-01 -4.226183e-01 0.000000e+00
    outer loop
      vertex   3.725175e+01 -1.889138e+01 -1.280000e+01
      vertex   3.725175e+01 -1.889138e+01 -1.053333e+01
      vertex   3.719282e+01 -1.876500e+01 -1.280000e+01
    endloop
  endfacet
  facet normal -9.063078e-01 -4.226183e-01 0.000000e+00
    outer loop
      vertex   3.719282e+01 -1.876500e+01 -1.280000e+01
      vertex   3.725175e+01 -1.889138e+01 -1.053333e+01
      vertex   3.719282e+01 -1.876500e+01 -1.053333e+01
    endloop
  endfacet
  facet normal -8.191520e-01 -5.735764e-01 0.000000e+00
    outer loop
      vertex   3.719282e+01 -1.876500e+01 -1.280000e+01
      vertex   3.719282e+01 -1.876500e+01 -1.053333e+01
      vertex   3.711284e+01 -1.865077e+01 -1.280000e+01
    endloop
  endfacet
  facet normal -8.191520e-01 -5.735764e-01 0.000000e+00
    outer loop
      vertex   3.711284e+01 -1.865077e+01 -1.280000e+01
      vertex   3.719282e+01 -1.876500e+01 -1.053333e+01
      vertex   3.711284e+01 -1.865077e+01 -1.053333e+01
    endloop
  endfacet
  facet normal -7.071068e-01 -7.071068e-01 0.000000e+00
    outer loop
      vertex   3.711284e+01 -1.865077e+01 -1.280000e+01
      vertex   3.711284e+01 -1.865077e+01 -1.053333e+01
      vertex   3.701423e+01 -1.855216e+01 -1.280000e+01
    endloop
  endfacet
  facet normal -7.071068e-01 -7.071068e-01 0.000000e+00
    outer loop
      vertex   3.701423e+01 -1.855216e+01 -1.280000e+01
      vertex   3.711284e+01 -1.865077e+01 -1.053333e+01
      vertex   3.701423e+01 -1.855216e+01 -1.053333e+01
    endloop
  endfacet
  facet normal -5.735764e-01 -8.191520e-01 0.000000e+00
    outer loop
      vertex   3.701423e+01 -1.855216e+01 -1.280000e+01
      vertex   3.701423e+01 -1.855216e+01 -1.053333e+01
      vertex   3.690000e+01 -1.847218e+01 -1.280000e+01
    endloop
  endfacet
  facet normal -5.735764e-01 -8.191520e-01 0.000000e+00
    outer loop
      vertex   3.690000e+01 -1.847218e+01 -1.280000e+01
      vertex   3.701423e+01 -1.855216e+01 -1.053333e+01
      vertex   3.690000e+01 -1.847218e+01 -1.053333e+01
    endloop
  endfacet
  facet normal -4.226183e-01 -9.063078e-01 0.000000e+00
    outer loop
      vertex   3.690000e+01 -1.847218e+01 -1.280000e+01
      vertex   3.690000e+01 -1.847218e+01 -1.053333e+01
      vertex   3.677362e+01 -1.841325e+01 -1.280000e+01
    endloop
  endfacet
  facet normal -4.226183e-01 -9.063078e-01 0.000000e+00
    outer loop
      vertex   3.677362e+01 -1.841325e+01 -1.280000e+01
      vertex   3.690000e+01 -1.847218e+01 -1.053333e+01
      vertex   3.677362e+01 -1.841325e+01 -1.053333e+01
    endloop
  endfacet
  facet normal -2.588190e-01 -9.659258e-01 0.000000e+00
    outer loop
      vertex   3.677362e+01 -1.841325e+01 -1.280000e+01
      vertex   3.677362e+01 -1.841325e+01 -1.053333e+01
      vertex   3.663892e+01 -1.837715e+01 -1.280000e+01
    endloop
  endfacet
  facet normal -2.588190e-01 -9.659258e-01 0.000000e+00
    outer loop
      vertex   3.663892e+01 -1.837715e+01 -1.280000e+01
      vertex   3.677362e+01 -1.841325e+01 -1.053333e+01
      vertex   3.663892e+01 -1.837715e+01 -1.053333e+01
    endloop
  endfacet
  facet normal -8.715574e-02 -9.961947e-01 0.000000e+00
    outer loop
      vertex   3.663892e+01 -1.837715e+01 -1.280000e+01
      vertex   3.663892e+01 -1.837715e+01 -1.053333e+01
      vertex   3.650000e+01 -1.836500e+01 -1.280000e+01
    endloop
  endfacet
  facet normal -8.715574e-02 -9.961947e-01 0.000000e+00
    outer loop
      vertex   3.650000e+01 -1.836500e+01 -1.280000e+01
      vertex   3.663892e+01 -1.837715e+01 -1.053333e+01
      vertex   3.650000e+01 -1.836500e+01 -1.053333e+01
    endloop
  endfacet
  facet normal 8.715574e-02 -9.961947e-01 0.000000e+00
    outer loop
      vertex   3.650000e+01 -1.836500e+01 -1.280000e+01
      vertex   3.650000e+01 -1.836500e+01 -1.053333e+01
      vertex   3.636108e+01 -1.837715e+01 -1.280000e+01
    endloop
  endfacet
  facet normal 8.715574e-02 -9.961947e-01 0.000000e+00
    outer loop
      vertex   3.636108e+01 -1.837715e+01 -1.280000e+01
      vertex   3.650000e+01 -1.836500e+01 -1.053333e+01
      vertex   3.636108e+01 -1.837715e+01 -1.053333e+01
    endloop
  endfacet
  facet normal 2.588190e-01 -9.659258e-01 0.000000e+00
    outer loop
      vertex   3.636108e+01 -1.837715e+01 -1.280000e+01
      vertex   3.636108e+01 -1.837715e+01 -1.053333e+01
      vertex   3.622638e+01 -1.841325e+01 -1.280000e+01
    endloop
  endfacet
  facet normal 2.588190e-01 -9.659258e-01 0.000000e+00
    outer loop
      vertex   3.622638e+01 -1.841325e+01 -1.280000e+01
      vertex   3.636108e+01 -1.837715e+01 -1.053333e+01
      vertex   3.622638e+01 -1.841325e+01 -1.053333e+01
    endloop
  endfacet
  facet normal 4.226183e-01 -9.063078e-01 0.000000e+00
    outer loop
      vertex   3.622638e+01 -1.841325e+01 -1.280000e+01
      vertex   3.622638e+01 -1.841325e+01 -1.053333e+01
      vertex   3.610000e+01 -1.847218e+01 -1.280000e+01
    endloop
  endfacet
  facet normal 4.226183e-01 -9.063078e-01 0.000000e+00
    outer loop
      vertex   3.610000e+01 -1.847218e+01 -1.280000e+01
      vertex   3.622638e+01 -1.841325e+01 -1.053333e+01
      vertex   3.610000e+01 -1.847218e+01 -1.053333e+01
    endloop
  endfacet
  facet normal 5.735764e-01 -8.191520e-01 0.000000e+00
    outer loop
      vertex   3.610000e+01 -1.847218e+01 -1.280000e+01
      vertex   3.610000e+01 -1.847218e+01 -1.053333e+01
      vertex   3.598577e+01 -1.855216e+01 -1.280000e+01
    endloop
  endfacet
  facet normal 5.735764e-01 -8.191520e-01 0.000000e+00
    outer loop
      vertex   3.598577e+01 -1.855216e+01 -1.280000e+01
      vertex   3.610000e+01 -1.847218e+01 -1.053333e+01
      vertex   3.598577e+01 -1.855216e+01 -1.053333e+01
    endloop
  endfacet
  facet normal 7.071068e-01 -7.071068e-01 0.000000e+00
    outer loop
      vertex   3.598577e+01 -1.855216e+01 -1.280000e+01
      vertex   3.598577e+01 -1.855216e+01 -1.053333e+01
      vertex   3.588716e+01 -1.865077e+01 -1.280000e+01
    endloop
  endfacet
  facet normal 7.071068e-01 -7.071068e-01 0.000000e+00
    outer loop
      vertex   3.588716e+01 -1.865077e+01 -1.280000e+01
      vertex   3.598577e+01 -1.855216e+01 -1.053333e+01
      vertex   3.588716e+01 -1.865077e+01 -1.053333e+01
    endloop
  endfacet
  facet normal 8.191520e-01 -5.735764e-01 0.000000e+00
    outer loop
      vertex   3.588716e+01 -1.865077e+01 -1.280000e+01
      vertex   3.588716e+01 -1.865077e+01 -1.053333e+01
      vertex   3.580718e+01 -1.876500e+01 -1.280000e+01
    endloop
  endfacet
  facet normal 8.191520e-01 -5.735764e-01 0.000000e+00
    outer loop
      vertex   3.580718e+01 -1.876500e+01 -1.280000e+01
      vertex   3.588716e+01 -1.865077e+01 -1.053333e+01
      vertex   3.580718e+01 -1.876500e+01 -1.053333e+01
    endloop
  endfacet
  facet normal 9.063078e-01 -4.226183e-01 0.000000e+00
    outer loop
      vertex   3.580718e+01 -1.876500e+01 -1.280000e+01
      vertex   3.580718e+01 -1.876500e+01 -1.053333e+01
      vertex   3.574825e+01 -1.889138e+01 -1.280000e+01
    endloop
  endfacet
  facet normal 9.063078e-01 -4.226183e-01 0.000000e+00
    outer loop
      vertex   3.574825e+01 -1.889138e+01 -1.280000e+01
      vertex   3.580718e+01 -1.876500e+01 -1.053333e+01
      vertex   3.574825e+01 -1.889138e+01 -1.053333e+01
    endloop
  endfacet
  facet normal 9.659258e-01 -2.588190e-01 0.000000e+00
    outer loop
      vertex   3.574825e+01 -1.889138e+01 -1.280000e+01
      vertex   3.574825e+01 -1.889138e+01 -1.053333e+01
      vertex   3.571215e+01 -1.902608e+01 -1.280000e+01
    endloop
  endfacet
  facet normal 9.659258e-01 -2.588190e-01 0.000000e+00
    outer loop
      vertex   3.571215e+01 -1.902608e+01 -1.280000e+01
      vertex   3.574825e+01 -1.889138e+01 -1.053333e+01
      vertex   3.571215e+01 -1.902608e+01 -1.053333e+01
    endloop
  endfacet
  facet normal 9.961947e-01 8.715574e-02 0.000000e+00
    outer loop
      vertex   3.571215e+01 -1.930392e+01 -6.000000e+00
      vertex   3.571215e+01 -1.930392e+01 -8.266667e+00
      vertex   3.570000e+01 -1.916500e+01 -6.000000e+00
    endloop
  endfacet
  facet normal 9.961947e-01 8.715574e-02 0.000000e+00
    outer loop
      vertex   3.570000e+01 -1.916500e+01 -6.000000e+00
      vertex   3.571215e+01 -1.930392e+01 -8.266667e+00
      vertex   3.570000e+01 -1.916500e+01 -8.266667e+00
    endloop
  endfacet
  facet normal 9.961947e-01 -8.715574e-02 0.000000e+00
    outer loop
      vertex   3.570000e+01 -1.916500e+01 -6.000000e+00
      vertex   3.570000e+01 -1.916500e+01 -8.266667e+00
      vertex   3.571215e+01 -1.902608e+01 -6.000000e+00
    endloop
  endfacet
  facet normal 9.961947e-01 -8.715574e-02 0.000000e+00
    outer loop
      vertex   3.571215e+01 -1.902608e+01 -6.000000e+00
      vertex   3.570000e+01 -1.916500e+01 -8.266667e+00
      vertex   3.571215e+01 -1.902608e+01 -8.266667e+00
    endloop
  endfacet
  facet normal 9.659258e-01 -2.588190e-01 0.000000e+00
    outer loop
      vertex   3.571215e+01 -1.902608e+01 -6.000000e+00
      vertex   3.571215e+01 -1.902608e+01 -8.266667e+00
      vertex   3.574825e+01 -1.889138e+01 -6.000000e+00
    endloop
  endfacet
  facet normal 9.659258e-01 -2.588190e-01 0.000000e+00
    outer loop
      vertex   3.574825e+01 -1.889138e+01 -6.000000e+00
      vertex   3.571215e+01 -1.902608e+01 -8.266667e+00
      vertex   3.574825e+01 -1.889138e+01 -8.266667e+00
    endloop
  endfacet
  facet normal 9.063078e-01 -4.226183e-01 0.000000e+00
    outer loop
      vertex   3.574825e+01 -1.889138e+01 -6.000000e+00
      vertex   3.574825e+01 -1.889138e+01 -8.266667e+00
      vertex   3.580718e+01 -1.876500e+01 -6.000000e+00
    endloop
  endfacet
  facet normal 9.063078e-01 -4.226183e-01 0.000000e+00
    outer loop
      vertex   3.580718e+01 -1.876500e+01 -6.000000e+00
      vertex   3.574825e+01 -1.889138e+01 -8.266667e+00
      vertex   3.580718e+01 -1.876500e+01 -8.266667e+00
    endloop
  endfacet
  facet normal 8.191520e-01 -5.735764e-01 0.000000e+00
    outer loop
      vertex   3.580718e+01 -1.876500e+01 -6.000000e+00
      vertex   3.580718e+01 -1.876500e+01 -8.266667e+00
      vertex   3.588716e+01 -1.865077e+01 -6.000000e+00
    endloop
  endfacet
  facet normal 8.191520e-01 -5.735764e-01 0.000000e+00
    outer loop
      vertex   3.588716e+01 -1.865077e+01 -6.000000e+00
      vertex   3.580718e+01 -1.876500e+01 -8.266667e+00
      vertex   3.588716e+01 -1.865077e+01 -8.266667e+00
    endloop
  endfacet
  facet normal 7.071068e-01 -7.071068e-01 0.000000e+00
    outer loop
      vertex   3.588716e+01 -1.865077e+01 -6.000000e+00
      vertex   3.588716e+01 -1.865077e+01 -8.266667e+00
      vertex   3.598577e+01 -1.855216e+01 -6.000000e+00
    endloop
  endfacet
  facet normal 7.071068e-01 -7.071068e-01 0.000000e+00
    outer loop
      vertex   3.598577e+01 -1.855216e+01 -6.000000e+00
      vertex   3.588716e+01 -1.865077e+01 -8.266667e+00
      vertex   3.598577e+01 -1.855216e+01 -8.266667e+00
    endloop
  endfacet
  facet normal 5.735764e-01 -8.191520e-01 0.000000e+00
    outer loop
      vertex   3.598577e+01 -1.855216e+01 -6.000000e+00
      vertex   3.598577e+01 -1.855216e+01 -8.266667e+00
      vertex   3.610000e+01 -1.847218e+01 -6.000000e+00
    endloop
  endfacet
  facet normal 5.735764e-01 -8.191520e-01 0.000000e+00
    outer loop
      vertex   3.610000e+01 -1.847218e+01 -6.000000e+00
      vertex   3.598577e+01 -1.855216e+01 -8.266667e+00
      vertex   3.610000e+01 -1.847218e+01 -8.266667e+00
    endloop
  endfacet
  facet normal 4.226183e-01 -9.063078e-01 0.000000e+00
    outer loop
      vertex   3.610000e+01 -1.847218e+01 -6.000000e+00
      vertex   3.610000e+01 -1.847218e+01 -8.266667e+00
      vertex   3.622638e+01 -1.841325e+01 -6.000000e+00
    endloop
  endfacet
  facet normal 4.226183e-01 -9.063078e-01 0.000000e+00
    outer loop
      vertex   3.622638e+01 -1.841325e+01 -6.000000e+00
      vertex   3.610000e+01 -1.847218e+01 -8.266667e+00
      vertex   3.622638e+01 -1.841325e+01 -8.266667e+00
    endloop
  endfacet
  facet normal 2.588190e-01 -9.659258e-01 0.000000e+00
    outer loop
      vertex   3.622638e+01 -1.841325e+01 -6.000000e+00
      vertex   3.622638e+01 -1.841325e+01 -8.266667e+00
      vertex   3.636108e+01 -1.837715e+01 -6.000000e+00
    endloop
  endfacet
  facet normal 2.588190e-01 -9.659258e-01 0.000000e+00
    outer loop
      vertex   3.636108e+01 -1.837715e+01 -6.000000e+00
      vertex   3.622638e+01 -1.841325e+01 -8.266667e+00
      vertex   3.636108e+01 -1.837715e+01 -8.266667e+00
    endloop
  endfacet
  facet normal 8.715574e-02 -9.961947e-01 0.000000e+00
    outer loop
      vertex   3.636108e+01 -1.837715e+01 -6.000000e+00
      vertex   3.636108e+01 -1.837715e+01 -8.266667e+00
      vertex   3.650000e+01 -1.836500e+01 -6.000000e+00
    endloop
  endfacet
  facet normal 8.715574e-02 -9.961947e-01 0.000000e+00
    outer loop
      vertex   3.650000e+01 -1.836500e+01 -6.000000e+00
      vertex   3.636108e+01 -1.837715e+01 -8.266667e+00
      vertex   3.650000e+01 -1.836500e+01 -8.266667e+00
    endloop
  endfacet
  facet normal -8.715574e-02 -9.961947e-01 -0.000000e+00
    outer loop
      vertex   3.650000e+01 -1.836500e+01 -6.000000e+00
      vertex   3.650000e+01 -1.836500e+01 -8.266667e+00
      vertex   3.663892e+01 -1.837715e+01 -6.000000e+00
    endloop
  endfacet
  facet normal -8.715574e-02 -9.961947e-01 -0.000000e+00
    outer loop
      vertex   3.663892e+01 -1.837715e+01 -6.000000e+00
      vertex   3.650000e+01 -1.836500e+01 -8.266667e+00
      vertex   3.663892e+01 -1.837715e+01 -8.266667e+00
    endloop
  endfacet
  facet normal -2.588190e-01 -9.659258e-01 -0.000000e+00
    outer loop
      vertex   3.663892e+01 -1.837715e+01 -6.000000e+00
      vertex   3.663892e+01 -1.837715e+01 -8.266667e+00
      vertex   3.677362e+01 -1.841325e+01 -6.000000e+00
    endloop
  endfacet
  facet normal -2.588190e-01 -9.659258e-01 -0.000000e+00
    outer loop
      vertex   3.677362e+01 -1.841325e+01 -6.000000e+00
      vertex   3.663892e+01 -1.837715e+01 -8.266667e+00
      vertex   3.677362e+01 -1.841325e+01 -8.266667e+00
    endloop
  endfacet
  facet normal -4.226183e-01 -9.063078e-01 -0.000000e+00
    outer loop
      vertex   3.677362e+01 -1.841325e+01 -6.000000e+00
      vertex   3.677362e+01 -1.841325e+01 -8.266667e+00
      vertex   3.690000e+01 -1.847218e+01 -6.000000e+00
    endloop
  endfacet
  facet normal -4.226183e-01 -9.063078e-01 -0.000000e+00
    outer loop
      vertex   3.690000e+01 -1.847218e+01 -6.000000e+00
      vertex   3.677362e+01 -1.841325e+01 -8.266667e+00
      vertex   3.690000e+01 -1.847218e+01 -8.266667e+00
    endloop
  endfacet
  facet normal -5.735764e-01 -8.191520e-01 -0.000000e+00
    outer loop
      vertex   3.690000e+01 -1.847218e+01 -6.000000e+00
      vertex   3.690000e+01 -1.847218e+01 -8.266667e+00
      vertex   3.701423e+01 -1.855216e+01 -6.000000e+00
    endloop
  endfacet
  facet normal -5.735764e-01 -8.191520e-01 -0.000000e+00
    outer loop
      vertex   3.701423e+01 -1.855216e+01 -6.000000e+00
      vertex   3.690000e+01 -1.847218e+01 -8.266667e+00
      vertex   3.701423e+01 -1.855216e+01 -8.266667e+00
    endloop
  endfacet
  facet normal -7.071068e-01 -7.071068e-01 -0.000000e+00
    outer loop
      vertex   3.701423e+01 -1.855216e+01 -6.000000e+00
      vertex   3.701423e+01 -1.855216e+01 -8.266667e+00
      vertex   3.711284e+01 -1.865077e+01 -6.000000e+00
    endloop
  endfacet
  facet normal -7.071068e-01 -7.071068e-01 -0.000000e+00
    outer loop
      vertex   3.711284e+01 -1.865077e+01 -6.000000e+00
      vertex   3.701423e+01 -1.855216e+01 -8.266667e+00
      vertex   3.711284e+01 -1.865077e+01 -8.266667e+00
    endloop
  endfacet
  facet normal -8.191520e-01 -5.735764e-01 -0.000000e+00
    outer loop
      vertex   3.711284e+01 -1.865077e+01 -6.000000e+00
      vertex   3.711284e+01 -1.865077e+01 -8.266667e+00
      vertex   3.719282e+01 -1.876500e+01 -6.000000e+00
    endloop
  endfacet
  facet normal -8.191520e-01 -5.735764e-01 -0.000000e+00
    outer loop
      vertex   3.719282e+01 -1.876500e+01 -6.000000e+00
      vertex   3.711284e+01 -1.865077e+01 -8.266667e+00
      vertex   3.719282e+01 -1.876500e+01 -8.266667e+00
    endloop
  endfacet
  facet normal -9.063078e-01 -4.226183e-01 -0.000000e+00
    outer loop
      vertex   3.719282e+01 -1.876500e+01 -6.000000e+00
      vertex   3.719282e+01 -1.876500e+01 -8.266667e+00
      vertex   3.725175e+01 -1.889138e+01 -6.000000e+00
    endloop
  endfacet
  facet normal -9.063078e-01 -4.226183e-01 -0.000000e+00
    outer loop
      vertex   3.725175e+01 -1.889138e+01 -6.000000e+00
      vertex   3.719282e+01 -1.876500e+01 -8.266667e+00
      vertex   3.725175e+01 -1.889138e+01 -8.266667e+00
    endloop
  endfacet
  facet normal -9.659258e-01 -2.588190e-01 -0.000000e+00
    outer loop
      vertex   3.725175e+01 -1.889138e+01 -6.000000e+00
      vertex   3.725175e+01 -1.889138e+01 -8.266667e+00
      vertex   3.728785e+01 -1.902608e+01 -6.000000e+00
    endloop
  endfacet
  facet normal -9.659258e-01 -2.588190e-01 -0.000000e+00
    outer loop
      vertex   3.728785e+01 -1.902608e+01 -6.000000e+00
      vertex   3.725175e+01 -1.889138e+01 -8.266667e+00
      vertex   3.728785e+01 -1.902608e+01 -8.266667e+00
    endloop
  endfacet
  facet normal -9.961947e-01 -8.715574e-02 -0.000000e+00
    outer loop
      vertex   3.728785e+01 -1.902608e+01 -6.000000e+00
      vertex   3.728785e+01 -1.902608e+01 -8.266667e+00
      vertex   3.730000e+01 -1.916500e+01 -6.000000e+00
    endloop
  endfacet
  facet normal -9.961947e-01 -8.715574e-02 -0.000000e+00
    outer loop
      vertex   3.730000e+01 -1.916500e+01 -6.000000e+00
      vertex   3.728785e+01 -1.902608e+01 -8.266667e+00
      vertex   3.730000e+01 -1.916500e+01 -8.266667e+00
    endloop
  endfacet
  facet normal -9.961947e-01 8.715574e-02 0.000000e+00
    outer loop
      vertex   3.730000e+01 -1.916500e+01 -6.000000e+00
      vertex   3.730000e+01 -1.916500e+01 -8.266667e+00
      vertex   3.728785e+01 -1.930392e+01 -6.000000e+00
    endloop
  endfacet
  facet normal -9.961947e-01 8.715574e-02 0.000000e+00
    outer loop
      vertex   3.728785e+01 -1.930392e+01 -6.000000e+00
      vertex   3.730000e+01 -1.916500e+01 -8.266667e+00
      vertex   3.728785e+01 -1.930392e+01 -8.266667e+00
    endloop
  endfacet
  facet normal -9.659258e-01 2.588190e-01 0.000000e+00
    outer loop
      vertex   3.728785e+01 -1.930392e+01 -6.000000e+00
      vertex   3.728785e+01 -1.930392e+01 -8.266667e+00
      vertex   3.725175e+01 -1.943862e+01 -6.000000e+00
    endloop
  endfacet
  facet normal -9.659258e-01 2.588190e-01 0.000000e+00
    outer loop
      vertex   3.725175e+01 -1.943862e+01 -6.000000e+00
      vertex   3.728785e+01 -1.930392e+01 -8.266667e+00
      vertex   3.725175e+01 -1.943862e+01 -8.266667e+00
    endloop
  endfacet
  facet normal -9.063078e-01 4.226183e-01 0.000000e+00
    outer loop
      vertex   3.725175e+01 -1.943862e+01 -6.000000e+00
      vertex   3.725175e+01 -1.943862e+01 -8.266667e+00
      vertex   3.719282e+01 -1.956500e+01 -6.000000e+00
    endloop
  endfacet
  facet normal -9.063078e-01 4.226183e-01 0.000000e+00
    outer loop
      vertex   3.719282e+01 -1.956500e+01 -6.000000e+00
      vertex   3.725175e+01 -1.943862e+01 -8.266667e+00
      vertex   3.719282e+01 -1.956500e+01 -8.266667e+00
    endloop
  endfacet
  facet normal -8.191520e-01 5.735764e-01 0.000000e+00
    outer loop
      vertex   3.719282e+01 -1.956500e+01 -6.000000e+00
      vertex   3.719282e+01 -1.956500e+01 -8.266667e+00
      vertex   3.711284e+01 -1.967923e+01 -6.000000e+00
    endloop
  endfacet
  facet normal -8.191520e-01 5.735764e-01 0.000000e+00
    outer loop
      vertex   3.711284e+01 -1.967923e+01 -6.000000e+00
      vertex   3.719282e+01 -1.956500e+01 -8.266667e+00
      vertex   3.711284e+01 -1.967923e+01 -8.266667e+00
    endloop
  endfacet
  facet normal -7.071068e-01 7.071068e-01 0.000000e+00
    outer loop
      vertex   3.711284e+01 -1.967923e+01 -6.000000e+00
      vertex   3.711284e+01 -1.967923e+01 -8.266667e+00
      vertex   3.701423e+01 -1.977784e+01 -6.000000e+00
    endloop
  endfacet
  facet normal -7.071068e-01 7.071068e-01 0.000000e+00
    outer loop
      vertex   3.701423e+01 -1.977784e+01 -6.000000e+00
      vertex   3.711284e+01 -1.967923e+01 -8.266667e+00
      vertex   3.701423e+01 -1.977784e+01 -8.266667e+00
    endloop
  endfacet
  facet normal -5.735764e-01 8.191520e-01 0.000000e+00
    outer loop
      vertex   3.701423e+01 -1.977784e+01 -6.000000e+00
      vertex   3.701423e+01 -1.977784e+01 -8.266667e+00
      vertex   3.690000e+01 -1.985782e+01 -6.000000e+00
    endloop
  endfacet
  facet normal -5.735764e-01 8.191520e-01 0.000000e+00
    outer loop
      vertex   3.690000e+01 -1.985782e+01 -6.000000e+00
      vertex   3.701423e+01 -1.977784e+01 -8.266667e+00
      vertex   3.690000e+01 -1.985782e+01 -8.266667e+00
    endloop
  endfacet
  facet normal -4.226183e-01 9.063078e-01 0.000000e+00
    outer loop
      vertex   3.690000e+01 -1.985782e+01 -6.000000e+00
      vertex   3.690000e+01 -1.985782e+01 -8.266667e+00
      vertex   3.677362e+01 -1.991675e+01 -6.000000e+00
    endloop
  endfacet
  facet normal -4.226183e-01 9.063078e-01 0.000000e+00
    outer loop
      vertex   3.677362e+01 -1.991675e+01 -6.000000e+00
      vertex   3.690000e+01 -1.985782e+01 -8.266667e+00
      vertex   3.677362e+01 -1.991675e+01 -8.266667e+00
    endloop
  endfacet
  facet normal -2.588190e-01 9.659258e-01 0.000000e+00
    outer loop
      vertex   3.677362e+01 -1.991675e+01 -6.000000e+00
      vertex   3.677362e+01 -1.991675e+01 -8.266667e+00
      vertex   3.663892e+01 -1.995285e+01 -6.000000e+00
    endloop
  endfacet
  facet normal -2.588190e-01 9.659258e-01 0.000000e+00
    outer loop
      vertex   3.663892e+01 -1.995285e+01 -6.000000e+00
      vertex   3.677362e+01 -1.991675e+01 -8.266667e+00
      vertex   3.663892e+01 -1.995285e+01 -8.266667e+00
    endloop
  endfacet
  facet normal -8.715574e-02 9.961947e-01 0.000000e+00
    outer loop
      vertex   3.663892e+01 -1.995285e+01 -6.000000e+00
      vertex   3.663892e+01 -1.995285e+01 -8.266667e+00
      vertex   3.650000e+01 -1.996500e+01 -6.000000e+00
    endloop
  endfacet
  facet normal -8.715574e-02 9.961947e-01 0.000000e+00
    outer loop
      vertex   3.650000e+01 -1.996500e+01 -6.000000e+00
      vertex   3.663892e+01 -1.995285e+01 -8.266667e+00
      vertex   3.650000e+01 -1.996500e+01 -8.266667e+00
    endloop
  endfacet
  facet normal 8.715574e-02 9.961947e-01 0.000000e+00
    outer loop
      vertex   3.650000e+01 -1.996500e+01 -6.000000e+00
      vertex   3.650000e+01 -1.996500e+01 -8.266667e+00
      vertex   3.636108e+01 -1.995285e+01 -6.000000e+00
    endloop
  endfacet
  facet normal 8.715574e-02 9.961947e-01 0.000000e+00
    outer loop
      vertex   3.636108e+01 -1.995285e+01 -6.000000e+00
      vertex   3.650000e+01 -1.996500e+01 -8.266667e+00
      vertex   3.636108e+01 -1.995285e+01 -8.266667e+00
    endloop
  endfacet
  facet normal 2.588190e-01 9.659258e-01 0.000000e+00
    outer loop
      vertex   3.636108e+01 -1.995285e+01 -6.000000e+00
      vertex   3.636108e+01 -1.995285e+01 -8.266667e+00
      vertex   3.622638e+01 -1.991675e+01 -6.000000e+00
    endloop
  endfacet
  facet normal 2.588190e-01 9.659258e-01 0.000000e+00
    outer loop
      vertex   3.622638e+01 -1.991675e+01 -6.000000e+00
      vertex   3.636108e+01 -1.995285e+01 -8.266667e+00
      vertex   3.622638e+01 -1.991675e+01 -8.266667e+00
    endloop
  endfacet
  facet normal 4.226183e-01 9.063078e-01 0.000000e+00
    outer loop
      vertex   3.622638e+01 -1.991675e+01 -6.000000e+00
      vertex   3.622638e+01 -1.991675e+01 -8.266667e+00
      vertex   3.610000e+01 -1.985782e+01 -6.000000e+00
    endloop
  endfacet
  facet normal 4.226183e-01 9.063078e-01 0.000000e+00
    outer loop
      vertex   3.610000e+01 -1.985782e+01 -6.000000e+00
      vertex   3.622638e+01 -1.991675e+01 -8.266667e+00
      vertex   3.610000e+01 -1.985782e+01 -8.266667e+00
    endloop
  endfacet
  facet normal 5.735764e-01 8.191520e-01 0.000000e+00
    outer loop
      vertex   3.610000e+01 -1.985782e+01 -6.000000e+00
      vertex   3.610000e+01 -1.985782e+01 -8.266667e+00
      vertex   3.598577e+01 -1.977784e+01 -6.000000e+00
    endloop
  endfacet
  facet normal 5.735764e-01 8.191520e-01 0.000000e+00
    outer loop
      vertex   3.598577e+01 -1.977784e+01 -6.000000e+00
      vertex   3.610000e+01 -1.985782e+01 -8.266667e+00
      vertex   3.598577e+01 -1.977784e+01 -8.266667e+00
    endloop
  endfacet
  facet normal 7.071068e-01 7.071068e-01 0.000000e+00
    outer loop
      vertex   3.598577e+01 -1.977784e+01 -6.000000e+00
      vertex   3.598577e+01 -1.977784e+01 -8.266667e+00
      vertex   3.588716e+01 -1.967923e+01 -6.000000e+00
    endloop
  endfacet
  facet normal 7.071068e-01 7.071068e-01 0.000000e+00
    outer loop
      vertex   3.588716e+01 -1.967923e+01 -6.000000e+00
      vertex   3.598577e+01 -1.977784e+01 -8.266667e+00
      vertex   3.588716e+01 -1.967923e+01 -8.266667e+00
    endloop
  endfacet
  facet normal 8.191520e-01 5.735764e-01 0.000000e+00
    outer loop
      vertex   3.588716e+01 -1.967923e+01 -6.000000e+00
      vertex   3.588716e+01 -1.967923e+01 -8.266667e+00
      vertex   3.580718e+01 -1.956500e+01 -6.000000e+00
    endloop
  endfacet
  facet normal 8.191520e-01 5.735764e-01 0.000000e+00
    outer loop
      vertex   3.580718e+01 -1.956500e+01 -6.000000e+00
      vertex   3.588716e+01 -1.967923e+01 -8.266667e+00
      vertex   3.580718e+01 -1.956500e+01 -8.266667e+00
    endloop
  endfacet
  facet normal 9.063078e-01 4.226183e-01 0.000000e+00
    outer loop
      vertex   3.580718e+01 -1.956500e+01 -6.000000e+00
      vertex   3.580718e+01 -1.956500e+01 -8.266667e+00
      vertex   3.574825e+01 -1.943862e+01 -6.000000e+00
    endloop
  endfacet
  facet normal 9.063078e-01 4.226183e-01 0.000000e+00
    outer loop
      vertex   3.574825e+01 -1.943862e+01 -6.000000e+00
      vertex   3.580718e+01 -1.956500e+01 -8.266667e+00
      vertex   3.574825e+01 -1.943862e+01 -8.266667e+00
    endloop
  endfacet
  facet normal 9.659258e-01 2.588190e-01 0.000000e+00
    outer loop
      vertex   3.574825e+01 -1.943862e+01 -6.000000e+00
      vertex   3.574825e+01 -1.943862e+01 -8.266667e+00
      vertex   3.571215e+01 -1.930392e+01 -6.000000e+00
    endloop
  endfacet
  facet normal 9.659258e-01 2.588190e-01 0.000000e+00
    outer loop
      vertex   3.571215e+01 -1.930392e+01 -6.000000e+00
      vertex   3.574825e+01 -1.943862e+01 -8.266667e+00
      vertex   3.571215e+01 -1.930392e+01 -8.266667e+00
    endloop
  endfacet
  facet normal 9.961947e-01 8.715574e-02 -0.000000e+00
    outer loop
      vertex   3.570000e+01 -1.916500e+01 -1.053333e+01
      vertex   3.570000e+01 -1.916500e+01 -8.266667e+00
      vertex   3.571215e+01 -1.930392e+01 -1.053333e+01
    endloop
  endfacet
  facet normal 9.961947e-01 8.715574e-02 -0.000000e+00
    outer loop
      vertex   3.571215e+01 -1.930392e+01 -1.053333e+01
      vertex   3.570000e+01 -1.916500e+01 -8.266667e+00
      vertex   3.571215e+01 -1.930392e+01 -8.266667e+00
    endloop
  endfacet
  facet normal 9.659258e-01 2.588190e-01 -0.000000e+00
    outer loop
      vertex   3.571215e+01 -1.930392e+01 -1.053333e+01
      vertex   3.571215e+01 -1.930392e+01 -8.266667e+00
      vertex   3.574825e+01 -1.943862e+01 -1.053333e+01
    endloop
  endfacet
  facet normal 9.659258e-01 2.588190e-01 -0.000000e+00
    outer loop
      vertex   3.574825e+01 -1.943862e+01 -1.053333e+01
      vertex   3.571215e+01 -1.930392e+01 -8.266667e+00
      vertex   3.574825e+01 -1.943862e+01 -8.266667e+00
    endloop
  endfacet
  facet normal 9.063078e-01 4.226183e-01 -0.000000e+00
    outer loop
      vertex   3.574825e+01 -1.943862e+01 -1.053333e+01
      vertex   3.574825e+01 -1.943862e+01 -8.266667e+00
      vertex   3.580718e+01 -1.956500e+01 -1.053333e+01
    endloop
  endfacet
  facet normal 9.063078e-01 4.226183e-01 -0.000000e+00
    outer loop
      vertex   3.580718e+01 -1.956500e+01 -1.053333e+01
      vertex   3.574825e+01 -1.943862e+01 -8.266667e+00
      vertex   3.580718e+01 -1.956500e+01 -8.266667e+00
    endloop
  endfacet
  facet normal 8.191520e-01 5.735764e-01 -0.000000e+00
    outer loop
      vertex   3.580718e+01 -1.956500e+01 -1.053333e+01
      vertex   3.580718e+01 -1.956500e+01 -8.266667e+00
      vertex   3.588716e+01 -1.967923e+01 -1.053333e+01
    endloop
  endfacet
  facet normal 8.191520e-01 5.735764e-01 -0.000000e+00
    outer loop
      vertex   3.588716e+01 -1.967923e+01 -1.053333e+01
      vertex   3.580718e+01 -1.956500e+01 -8.266667e+00
      vertex   3.588716e+01 -1.967923e+01 -8.266667e+00
    endloop
  endfacet
  facet normal 7.071068e-01 7.071068e-01 -0.000000e+00
    outer loop
      vertex   3.588716e+01 -1.967923e+01 -1.053333e+01
      vertex   3.588716e+01 -1.967923e+01 -8.266667e+00
      vertex   3.598577e+01 -1.977784e+01 -1.053333e+01
    endloop
  endfacet
  facet normal 7.071068e-01 7.071068e-01 -0.000000e+00
    outer loop
      vertex   3.598577e+01 -1.977784e+01 -1.053333e+01
      vertex   3.588716e+01 -1.967923e+01 -8.266667e+00
      vertex   3.598577e+01 -1.977784e+01 -8.266667e+00
    endloop
  endfacet
  facet normal 5.735764e-01 8.191520e-01 -0.000000e+00
    outer loop
      vertex   3.598577e+01 -1.977784e+01 -1.053333e+01
      vertex   3.598577e+01 -1.977784e+01 -8.266667e+00
      vertex   3.610000e+01 -1.985782e+01 -1.053333e+01
    endloop
  endfacet
  facet normal 5.735764e-01 8.191520e-01 -0.000000e+00
    outer loop
      vertex   3.610000e+01 -1.985782e+01 -1.053333e+01
      vertex   3.598577e+01 -1.977784e+01 -8.266667e+00
      vertex   3.610000e+01 -1.985782e+01 -8.266667e+00
    endloop
  endfacet
  facet normal 4.226183e-01 9.063078e-01 -0.000000e+00
    outer loop
      vertex   3.610000e+01 -1.985782e+01 -1.053333e+01
      vertex   3.610000e+01 -1.985782e+01 -8.266667e+00
      vertex   3.622638e+01 -1.991675e+01 -1.053333e+01
    endloop
  endfacet
  facet normal 4.226183e-01 9.063078e-01 -0.000000e+00
    outer loop
      vertex   3.622638e+01 -1.991675e+01 -1.053333e+01
      vertex   3.610000e+01 -1.985782e+01 -8.266667e+00
      vertex   3.622638e+01 -1.991675e+01 -8.266667e+00
    endloop
  endfacet
  facet normal 2.588190e-01 9.659258e-01 -0.000000e+00
    outer loop
      vertex   3.622638e+01 -1.991675e+01 -1.053333e+01
      vertex   3.622638e+01 -1.991675e+01 -8.266667e+00
      vertex   3.636108e+01 -1.995285e+01 -1.053333e+01
    endloop
  endfacet
  facet normal 2.588190e-01 9.659258e-01 -0.000000e+00
    outer loop
      vertex   3.636108e+01 -1.995285e+01 -1.053333e+01
      vertex   3.622638e+01 -1.991675e+01 -8.266667e+00
      vertex   3.636108e+01 -1.995285e+01 -8.266667e+00
    endloop
  endfacet
  facet normal 8.715574e-02 9.961947e-01 -0.000000e+00
    outer loop
      vertex   3.636108e+01 -1.995285e+01 -1.053333e+01
      vertex   3.636108e+01 -1.995285e+01 -8.266667e+00
      vertex   3.650000e+01 -1.996500e+01 -1.053333e+01
    endloop
  endfacet
  facet normal 8.715574e-02 9.961947e-01 -0.000000e+00
    outer loop
      vertex   3.650000e+01 -1.996500e+01 -1.053333e+01
      vertex   3.636108e+01 -1.995285e+01 -8.266667e+00
      vertex   3.650000e+01 -1.996500e+01 -8.266667e+00
    endloop
  endfacet
  facet normal -8.715574e-02 9.961947e-01 0.000000e+00
    outer loop
      vertex   3.650000e+01 -1.996500e+01 -1.053333e+01
      vertex   3.650000e+01 -1.996500e+01 -8.266667e+00
      vertex   3.663892e+01 -1.995285e+01 -1.053333e+01
    endloop
  endfacet
  facet normal -8.715574e-02 9.961947e-01 0.000000e+00
    outer loop
      vertex   3.663892e+01 -1.995285e+01 -1.053333e+01
      vertex   3.650000e+01 -1.996500e+01 -8.266667e+00
      vertex   3.663892e+01 -1.995285e+01 -8.266667e+00
    endloop
  endfacet
  facet normal -2.588190e-01 9.659258e-01 0.000000e+00
    outer loop
      vertex   3.663892e+01 -1.995285e+01 -1.053333e+01
      vertex   3.663892e+01 -1.995285e+01 -8.266667e+00
      vertex   3.677362e+01 -1.991675e+01 -1.053333e+01
    endloop
  endfacet
  facet normal -2.588190e-01 9.659258e-01 0.000000e+00
    outer loop
      vertex   3.677362e+01 -1.991675e+01 -1.053333e+01
      vertex   3.663892e+01 -1.995285e+01 -8.266667e+00
      vertex   3.677362e+01 -1.991675e+01 -8.266667e+00
    endloop
  endfacet
  facet normal -4.226183e-01 9.063078e-01 0.000000e+00
    outer loop
      vertex   3.677362e+01 -1.991675e+01 -1.053333e+01
      vertex   3.677362e+01 -1.991675e+01 -8.266667e+00
      vertex   3.690000e+01 -1.985782e+01 -1.053333e+01
    endloop
  endfacet
  facet normal -4.226183e-01 9.063078e-01 0.000000e+00
    outer loop
      vertex   3.690000e+01 -1.985782e+01 -1.053333e+01
      vertex   3.677362e+01 -1.991675e+01 -8.266667e+00
      vertex   3.690000e+01 -1.985782e+01 -8.266667e+00
    endloop
  endfacet
  facet normal -5.735764e-01 8.191520e-01 0.000000e+00
    outer loop
      vertex   3.690000e+01 -1.985782e+01 -1.053333e+01
      vertex   3.690000e+01 -1.985782e+01 -8.266667e+00
      vertex   3.701423e+01 -1.977784e+01 -1.053333e+01
    endloop
  endfacet
  facet normal -5.735764e-01 8.191520e-01 0.000000e+00
    outer loop
      vertex   3.701423e+01 -1.977784e+01 -1.053333e+01
      vertex   3.690000e+01 -1.985782e+01 -8.266667e+00
      vertex   3.701423e+01 -1.977784e+01 -8.266667e+00
    endloop
  endfacet
  facet normal -7.071068e-01 7.071068e-01 0.000000e+00
    outer loop
      vertex   3.701423e+01 -1.977784e+01 -1.053333e+01
      vertex   3.701423e+01 -1.977784e+01 -8.266667e+00
      vertex   3.711284e+01 -1.967923e+01 -1.053333e+01
    endloop
  endfacet
  facet normal -7.071068e-01 7.071068e-01 0.000000e+00
    outer loop
      vertex   3.711284e+01 -1.967923e+01 -1.053333e+01
      vertex   3.701423e+01 -1.977784e+01 -8.266667e+00
      vertex   3.711284e+01 -1.967923e+01 -8.266667e+00
    endloop
  endfacet
  facet normal -8.191520e-01 5.735764e-01 0.000000e+00
    outer loop
      vertex   3.711284e+01 -1.967923e+01 -1.053333e+01
      vertex   3.711284e+01 -1.967923e+01 -8.266667e+00
      vertex   3.719282e+01 -1.956500e+01 -1.053333e+01
    endloop
  endfacet
  facet normal -8.191520e-01 5.735764e-01 0.000000e+00
    outer loop
      vertex   3.719282e+01 -1.956500e+01 -1.053333e+01
      vertex   3.711284e+01 -1.967923e+01 -8.266667e+00
      vertex   3.719282e+01 -1.956500e+01 -8.266667e+00
    endloop
  endfacet
  facet normal -9.063078e-01 4.226183e-01 0.000000e+00
    outer loop
      vertex   3.719282e+01 -1.956500e+01 -1.053333e+01
      vertex   3.719282e+01 -1.956500e+01 -8.266667e+00
      vertex   3.725175e+01 -1.943862e+01 -1.053333e+01
    endloop
  endfacet
  facet normal -9.063078e-01 4.226183e-01 0.000000e+00
    outer loop
      vertex   3.725175e+01 -1.943862e+01 -1.053333e+01
      vertex   3.719282e+01 -1.956500e+01 -8.266667e+00
      vertex   3.725175e+01 -1.943862e+01 -8.266667e+00
    endloop
  endfacet
  facet normal -9.659258e-01 2.588190e-01 0.000000e+00
    outer loop
      vertex   3.725175e+01 -1.943862e+01 -1.053333e+01
      vertex   3.725175e+01 -1.943862e+01 -8.266667e+00
      vertex   3.728785e+01 -1.930392e+01 -1.053333e+01
    endloop
  endfacet
  facet normal -9.659258e-01 2.588190e-01 0.000000e+00
    outer loop
      vertex   3.728785e+01 -1.930392e+01 -1.053333e+01
      vertex   3.725175e+01 -1.943862e+01 -8.266667e+00
      vertex   3.728785e+01 -1.930392e+01 -8.266667e+00
    endloop
  endfacet
  facet normal -9.961947e-01 8.715574e-02 0.000000e+00
    outer loop
      vertex   3.728785e+01 -1.930392e+01 -1.053333e+01
      vertex   3.728785e+01 -1.930392e+01 -8.266667e+00
      vertex   3.730000e+01 -1.916500e+01 -1.053333e+01
    endloop
  endfacet
  facet normal -9.961947e-01 8.715574e-02 0.000000e+00
    outer loop
      vertex   3.730000e+01 -1.916500e+01 -1.053333e+01
      vertex   3.728785e+01 -1.930392e+01 -8.266667e+00
      vertex   3.730000e+01 -1.916500e+01 -8.266667e+00
    endloop
  endfacet
  facet normal -9.961947e-01 -8.715574e-02 0.000000e+00
    outer loop
      vertex   3.730000e+01 -1.916500e+01 -1.053333e+01
      vertex   3.730000e+01 -1.916500e+01 -8.266667e+00
      vertex   3.728785e+01 -1.902608e+01 -1.053333e+01
    endloop
  endfacet
  facet normal -9.961947e-01 -8.715574e-02 0.000000e+00
    outer loop
      vertex   3.728785e+01 -1.902608e+01 -1.053333e+01
      vertex   3.730000e+01 -1.916500e+01 -8.266667e+00
      vertex   3.728785e+01 -1.902608e+01 -8.266667e+00
    endloop
  endfacet
  facet normal -9.659258e-01 -2.588190e-01 0.000000e+00
    outer loop
      vertex   3.728785e+01 -1.902608e+01 -1.053333e+01
      vertex   3.728785e+01 -1.902608e+01 -8.266667e+00
      vertex   3.725175e+01 -1.889138e+01 -1.053333e+01
    endloop
  endfacet
  facet normal -9.659258e-01 -2.588190e-01 0.000000e+00
    outer loop
      vertex   3.725175e+01 -1.889138e+01 -1.053333e+01
      vertex   3.728785e+01 -1.902608e+01 -8.266667e+00
      vertex   3.725175e+01 -1.889138e+01 -8.266667e+00
    endloop
  endfacet
  facet normal -9.063078e-01 -4.226183e-01 0.000000e+00
    outer loop
      vertex   3.725175e+01 -1.889138e+01 -1.053333e+01
      vertex   3.725175e+01 -1.889138e+01 -8.266667e+00
      vertex   3.719282e+01 -1.876500e+01 -1.053333e+01
    endloop
  endfacet
  facet normal -9.063078e-01 -4.226183e-01 0.000000e+00
    outer loop
      vertex   3.719282e+01 -1.876500e+01 -1.053333e+01
      vertex   3.725175e+01 -1.889138e+01 -8.266667e+00
      vertex   3.719282e+01 -1.876500e+01 -8.266667e+00
    endloop
  endfacet
  facet normal -8.191520e-01 -5.735764e-01 0.000000e+00
    outer loop
      vertex   3.719282e+01 -1.876500e+01 -1.053333e+01
      vertex   3.719282e+01 -1.876500e+01 -8.266667e+00
      vertex   3.711284e+01 -1.865077e+01 -1.053333e+01
    endloop
  endfacet
  facet normal -8.191520e-01 -5.735764e-01 0.000000e+00
    outer loop
      vertex   3.711284e+01 -1.865077e+01 -1.053333e+01
      vertex   3.719282e+01 -1.876500e+01 -8.266667e+00
      vertex   3.711284e+01 -1.865077e+01 -8.266667e+00
    endloop
  endfacet
  facet normal -7.071068e-01 -7.071068e-01 0.000000e+00
    outer loop
      vertex   3.711284e+01 -1.865077e+01 -1.053333e+01
      vertex   3.711284e+01 -1.865077e+01 -8.266667e+00
      vertex   3.701423e+01 -1.855216e+01 -1.053333e+01
    endloop
  endfacet
  facet normal -7.071068e-01 -7.071068e-01 0.000000e+00
    outer loop
      vertex   3.701423e+01 -1.855216e+01 -1.053333e+01
      vertex   3.711284e+01 -1.865077e+01 -8.266667e+00
      vertex   3.701423e+01 -1.855216e+01 -8.266667e+00
    endloop
  endfacet
  facet normal -5.735764e-01 -8.191520e-01 0.000000e+00
    outer loop
      vertex   3.701423e+01 -1.855216e+01 -1.053333e+01
      vertex   3.701423e+01 -1.855216e+01 -8.266667e+00
      vertex   3.690000e+01 -1.847218e+01 -1.053333e+01
    endloop
  endfacet
  facet normal -5.735764e-01 -8.191520e-01 0.000000e+00
    outer loop
      vertex   3.690000e+01 -1.847218e+01 -1.053333e+01
      vertex   3.701423e+01 -1.855216e+01 -8.266667e+00
      vertex   3.690000e+01 -1.847218e+01 -8.266667e+00
    endloop
  endfacet
  facet normal -4.226183e-01 -9.063078e-01 0.000000e+00
    outer loop
      vertex   3.690000e+01 -1.847218e+01 -1.053333e+01
      vertex   3.690000e+01 -1.847218e+01 -8.266667e+00
      vertex   3.677362e+01 -1.841325e+01 -1.053333e+01
    endloop
  endfacet
  facet normal -4.226183e-01 -9.063078e-01 0.000000e+00
    outer loop
      vertex   3.677362e+01 -1.841325e+01 -1.053333e+01
      vertex   3.690000e+01 -1.847218e+01 -8.266667e+00
      vertex   3.677362e+01 -1.841325e+01 -8.266667e+00
    endloop
  endfacet
  facet normal -2.588190e-01 -9.659258e-01 0.000000e+00
    outer loop
      vertex   3.677362e+01 -1.841325e+01 -1.053333e+01
      vertex   3.677362e+01 -1.841325e+01 -8.266667e+00
      vertex   3.663892e+01 -1.837715e+01 -1.053333e+01
    endloop
  endfacet
  facet normal -2.588190e-01 -9.659258e-01 0.000000e+00
    outer loop
      vertex   3.663892e+01 -1.837715e+01 -1.053333e+01
      vertex   3.677362e+01 -1.841325e+01 -8.266667e+00
      vertex   3.663892e+01 -1.837715e+01 -8.266667e+00
    endloop
  endfacet
  facet normal -8.715574e-02 -9.961947e-01 0.000000e+00
    outer loop
      vertex   3.663892e+01 -1.837715e+01 -1.053333e+01
      vertex   3.663892e+01 -1.837715e+01 -8.266667e+00
      vertex   3.650000e+01 -1.836500e+01 -1.053333e+01
    endloop
  endfacet
  facet normal -8.715574e-02 -9.961947e-01 0.000000e+00
    outer loop
      vertex   3.650000e+01 -1.836500e+01 -1.053333e+01
      vertex   3.663892e+01 -1.837715e+01 -8.266667e+00
      vertex   3.650000e+01 -1.836500e+01 -8.266667e+00
    endloop
  endfacet
  facet normal 8.715574e-02 -9.961947e-01 0.000000e+00
    outer loop
      vertex   3.650000e+01 -1.836500e+01 -1.053333e+01
      vertex   3.650000e+01 -1.836500e+01 -8.266667e+00
      vertex   3.636108e+01 -1.837715e+01 -1.053333e+01
    endloop
  endfacet
  facet normal 8.715574e-02 -9.961947e-01 0.000000e+00
    outer loop
      vertex   3.636108e+01 -1.837715e+01 -1.053333e+01
      vertex   3.650000e+01 -1.836500e+01 -8.266667e+00
      vertex   3.636108e+01 -1.837715e+01 -8.266667e+00
    endloop
  endfacet
  facet normal 2.588190e-01 -9.659258e-01 0.000000e+00
    outer loop
      vertex   3.636108e+01 -1.837715e+01 -1.053333e+01
      vertex   3.636108e+01 -1.837715e+01 -8.266667e+00
      vertex   3.622638e+01 -1.841325e+01 -1.053333e+01
    endloop
  endfacet
  facet normal 2.588190e-01 -9.659258e-01 0.000000e+00
    outer loop
      vertex   3.622638e+01 -1.841325e+01 -1.053333e+01
      vertex   3.636108e+01 -1.837715e+01 -8.266667e+00
      vertex   3.622638e+01 -1.841325e+01 -8.266667e+00
    endloop
  endfacet
  facet normal 4.226183e-01 -9.063078e-01 0.000000e+00
    outer loop
      vertex   3.622638e+01 -1.841325e+01 -1.053333e+01
      vertex   3.622638e+01 -1.841325e+01 -8.266667e+00
      vertex   3.610000e+01 -1.847218e+01 -1.053333e+01
    endloop
  endfacet
  facet normal 4.226183e-01 -9.063078e-01 0.000000e+00
    outer loop
      vertex   3.610000e+01 -1.847218e+01 -1.053333e+01
      vertex   3.622638e+01 -1.841325e+01 -8.266667e+00
      vertex   3.610000e+01 -1.847218e+01 -8.266667e+00
    endloop
  endfacet
  facet normal 5.735764e-01 -8.191520e-01 0.000000e+00
    outer loop
      vertex   3.610000e+01 -1.847218e+01 -1.053333e+01
      vertex   3.610000e+01 -1.847218e+01 -8.266667e+00
      vertex   3.598577e+01 -1.855216e+01 -1.053333e+01
    endloop
  endfacet
  facet normal 5.735764e-01 -8.191520e-01 0.000000e+00
    outer loop
      vertex   3.598577e+01 -1.855216e+01 -1.053333e+01
      vertex   3.610000e+01 -1.847218e+01 -8.266667e+00
      vertex   3.598577e+01 -1.855216e+01 -8.266667e+00
    endloop
  endfacet
  facet normal 7.071068e-01 -7.071068e-01 0.000000e+00
    outer loop
      vertex   3.598577e+01 -1.855216e+01 -1.053333e+01
      vertex   3.598577e+01 -1.855216e+01 -8.266667e+00
      vertex   3.588716e+01 -1.865077e+01 -1.053333e+01
    endloop
  endfacet
  facet normal 7.071068e-01 -7.071068e-01 0.000000e+00
    outer loop
      vertex   3.588716e+01 -1.865077e+01 -1.053333e+01
      vertex   3.598577e+01 -1.855216e+01 -8.266667e+00
      vertex   3.588716e+01 -1.865077e+01 -8.266667e+00
    endloop
  endfacet
  facet normal 8.191520e-01 -5.735764e-01 0.000000e+00
    outer loop
      vertex   3.588716e+01 -1.865077e+01 -1.053333e+01
      vertex   3.588716e+01 -1.865077e+01 -8.266667e+00
      vertex   3.580718e+01 -1.876500e+01 -1.053333e+01
    endloop
  endfacet
  facet normal 8.191520e-01 -5.735764e-01 0.000000e+00
    outer loop
      vertex   3.580718e+01 -1.876500e+01 -1.053333e+01
      vertex   3.588716e+01 -1.865077e+01 -8.266667e+00
      vertex   3.580718e+01 -1.876500e+01 -8.266667e+00
    endloop
  endfacet
  facet normal 9.063078e-01 -4.226183e-01 0.000000e+00
    outer loop
      vertex   3.580718e+01 -1.876500e+01 -1.053333e+01
      vertex   3.580718e+01 -1.876500e+01 -8.266667e+00
      vertex   3.574825e+01 -1.889138e+01 -1.053333e+01
    endloop
  endfacet
  facet normal 9.063078e-01 -4.226183e-01 0.000000e+00
    outer loop
      vertex   3.574825e+01 -1.889138e+01 -1.053333e+01
      vertex   3.580718e+01 -1.876500e+01 -8.266667e+00
      vertex   3.574825e+01 -1.889138e+01 -8.266667e+00
    endloop
  endfacet
  facet normal 9.659258e-01 -2.588190e-01 0.000000e+00
    outer loop
      vertex   3.574825e+01 -1.889138e+01 -1.053333e+01
      vertex   3.574825e+01 -1.889138e+01 -8.266667e+00
      vertex   3.571215e+01 -1.902608e+01 -1.053333e+01
    endloop
  endfacet
  facet normal 9.659258e-01 -2.588190e-01 0.000000e+00
    outer loop
      vertex   3.571215e+01 -1.902608e+01 -1.053333e+01
      vertex   3.574825e+01 -1.889138e+01 -8.266667e+00
      vertex   3.571215e+01 -1.902608e+01 -8.266667e+00
    endloop
  endfacet
  facet normal 9.961947e-01 -8.715574e-02 0.000000e+00
    outer loop
      vertex   3.571215e+01 -1.902608e+01 -1.053333e+01
      vertex   3.571215e+01 -1.902608e+01 -8.266667e+00
      vertex   3.570000e+01 -1.916500e+01 -1.053333e+01
    endloop
  endfacet
  facet normal 9.961947e-01 -8.715574e-02 0.000000e+00
    outer loop
      vertex   3.570000e+01 -1.916500e+01 -1.053333e+01
      vertex   3.571215e+01 -1.902608e+01 -8.266667e+00
      vertex   3.570000e+01 -1.916500e+01 -8.266667e+00
    endloop
  endfacet
  facet normal 0.000000e+00 -0.000000e+00 1.000000e+00
    outer loop
      vertex   -3.728785e+01 -1.930392e+01 -1.280000e+01
      vertex   -3.571215e+01 -1.930392e+01 -1.280000e+01
      vertex   -3.730000e+01 -1.916500e+01 -1.280000e+01
    endloop
  endfacet
  facet normal -0.000000e+00 0.000000e+00 1.000000e+00
    outer loop
      vertex   -3.730000e+01 -1.916500e+01 -1.280000e+01
      vertex   -3.571215e+01 -1.930392e+01 -1.280000e+01
      vertex   -3.570000e+01 -1.916500e+01 -1.280000e+01
    endloop
  endfacet
  facet normal 0.000000e+00 0.000000e+00 1.000000e+00
    outer loop
      vertex   -3.730000e+01 -1.916500e+01 -1.280000e+01
      vertex   -3.570000e+01 -1.916500e+01 -1.280000e+01
      vertex   -3.728785e+01 -1.902608e+01 -1.280000e+01
    endloop
  endfacet
  facet normal -0.000000e+00 0.000000e+00 1.000000e+00
    outer loop
      vertex   -3.728785e+01 -1.902608e+01 -1.280000e+01
      vertex   -3.570000e+01 -1.916500e+01 -1.280000e+01
      vertex   -3.571215e+01 -1.902608e+01 -1.280000e+01
    endloop
  endfacet
  facet normal 0.000000e+00 0.000000e+00 1.000000e+00
    outer loop
      vertex   -3.728785e+01 -1.902608e+01 -1.280000e+01
      vertex   -3.571215e+01 -1.902608e+01 -1.280000e+01
      vertex   -3.725175e+01 -1.889138e+01 -1.280000e+01
    endloop
  endfacet
  facet normal -0.000000e+00 0.000000e+00 1.000000e+00
    outer loop
      vertex   -3.725175e+01 -1.889138e+01 -1.280000e+01
      vertex   -3.571215e+01 -1.902608e+01 -1.280000e+01
      vertex   -3.574825e+01 -1.889138e+01 -1.280000e+01
    endloop
  endfacet
  facet normal 0.000000e+00 0.000000e+00 1.000000e+00
    outer loop
      vertex   -3.725175e+01 -1.889138e+01 -1.280000e+01
      vertex   -3.574825e+01 -1.889138e+01 -1.280000e+01
      vertex   -3.719282e+01 -1.876500e+01 -1.280000e+01
    endloop
  endfacet
  facet normal -0.000000e+00 0.000000e+00 1.000000e+00
    outer loop
      vertex   -3.719282e+01 -1.876500e+01 -1.280000e+01
      vertex   -3.574825e+01 -1.889138e+01 -1.280000e+01
      vertex   -3.580718e+01 -1.876500e+01 -1.280000e+01
    endloop
  endfacet
  facet normal 0.000000e+00 0.000000e+00 1.000000e+00
    outer loop
      vertex   -3.719282e+01 -1.876500e+01 -1.280000e+01
      vertex   -3.580718e+01 -1.876500e+01 -1.280000e+01
      vertex   -3.711284e+01 -1.865077e+01 -1.280000e+01
    endloop
  endfacet
  facet normal -0.000000e+00 0.000000e+00 1.000000e+00
    outer loop
      vertex   -3.711284e+01 -1.865077e+01 -1.280000e+01
      vertex   -3.580718e+01 -1.876500e+01 -1.280000e+01
      vertex   -3.588716e+01 -1.865077e+01 -1.280000e+01
    endloop
  endfacet
  facet normal 0.000000e+00 0.000000e+00 1.000000e+00
    outer loop
      vertex   -3.711284e+01 -1.865077e+01 -1.280000e+01
      vertex   -3.588716e+01 -1.865077e+01 -1.280000e+01
      vertex   -3.701423e+01 -1.855216e+01 -1.280000e+01
    endloop
  endfacet
  facet normal -0.000000e+00 0.000000e+00 1.000000e+00
    outer loop
      vertex   -3.701423e+01 -1.855216e+01 -1.280000e+01
      vertex   -3.588716e+01 -1.865077e+01 -1.280000e+01
      vertex   -3.598577e+01 -1.855216e+01 -1.280000e+01
    endloop
  endfacet
  facet normal 0.000000e+00 0.000000e+00 1.000000e+00
    outer loop
      vertex   -3.701423e+01 -1.855216e+01 -1.280000e+01
      vertex   -3.598577e+01 -1.855216e+01 -1.280000e+01
      vertex   -3.690000e+01 -1.847218e+01 -1.280000e+01
    endloop
  endfacet
  facet normal -0.000000e+00 0.000000e+00 1.000000e+00
    outer loop
      vertex   -3.690000e+01 -1.847218e+01 -1.280000e+01
      vertex   -3.598577e+01 -1.855216e+01 -1.280000e+01
      vertex   -3.610000e+01 -1.847218e+01 -1.280000e+01
    endloop
  endfacet
  facet normal 0.000000e+00 0.000000e+00 1.000000e+00
    outer loop
      vertex   -3.690000e+01 -1.847218e+01 -1.280000e+01
      vertex   -3.610000e+01 -1.847218e+01 -1.280000e+01
      vertex   -3.677362e+01 -1.841325e+01 -1.280000e+01
    endloop
  endfacet
  facet normal -0.000000e+00 0.000000e+00 1.000000e+00
    outer loop
      vertex   -3.677362e+01 -1.841325e+01 -1.280000e+01
      vertex   -3.610000e+01 -1.847218e+01 -1.280000e+01
      vertex   -3.622638e+01 -1.841325e+01 -1.280000e+01
    endloop
  endfacet
  facet normal 0.000000e+00 0.000000e+00 1.000000e+00
    outer loop
      vertex   -3.677362e+01 -1.841325e+01 -1.280000e+01
      vertex   -3.622638e+01 -1.841325e+01 -1.280000e+01
      vertex   -3.663892e+01 -1.837715e+01 -1.280000e+01
    endloop
  endfacet
  facet normal -0.000000e+00 0.000000e+00 1.000000e+00
    outer loop
      vertex   -3.663892e+01 -1.837715e+01 -1.280000e+01
      vertex   -3.622638e+01 -1.841325e+01 -1.280000e+01
      vertex   -3.636108e+01 -1.837715e+01 -1.280000e+01
    endloop
  endfacet
  facet normal 0.000000e+00 0.000000e+00 1.000000e+00
    outer loop
      vertex   -3.663892e+01 -1.837715e+01 -1.280000e+01
      vertex   -3.636108e+01 -1.837715e+01 -1.280000e+01
      vertex   -3.650000e+01 -1.836500e+01 -1.280000e+01
    endloop
  endfacet
  facet normal 0.000000e+00 0.000000e+00 1.000000e+00
    outer loop
      vertex   -3.571215e+01 -1.930392e+01 -1.280000e+01
      vertex   -3.728785e+01 -1.930392e+01 -1.280000e+01
      vertex   -3.574825e+01 -1.943862e+01 -1.280000e+01
    endloop
  endfacet
  facet normal 0.000000e+00 0.000000e+00 1.000000e+00
    outer loop
      vertex   -3.574825e+01 -1.943862e+01 -1.280000e+01
      vertex   -3.728785e+01 -1.930392e+01 -1.280000e+01
      vertex   -3.725175e+01 -1.943862e+01 -1.280000e+01
    endloop
  endfacet
  facet normal 0.000000e+00 0.000000e+00 1.000000e+00
    outer loop
      vertex   -3.574825e+01 -1.943862e+01 -1.280000e+01
      vertex   -3.725175e+01 -1.943862e+01 -1.280000e+01
      vertex   -3.580718e+01 -1.956500e+01 -1.280000e+01
    endloop
  endfacet
  facet normal 0.000000e+00 0.000000e+00 1.000000e+00
    outer loop
      vertex   -3.580718e+01 -1.956500e+01 -1.280000e+01
      vertex   -3.725175e+01 -1.943862e+01 -1.280000e+01
      vertex   -3.719282e+01 -1.956500e+01 -1.280000e+01
    endloop
  endfacet
  facet normal 0.000000e+00 0.000000e+00 1.000000e+00
    outer loop
      vertex   -3.580718e+01 -1.956500e+01 -1.280000e+01
      vertex   -3.719282e+01 -1.956500e+01 -1.280000e+01
      vertex   -3.588716e+01 -1.967923e+01 -1.280000e+01
    endloop
  endfacet
  facet normal 0.000000e+00 0.000000e+00 1.000000e+00
    outer loop
      vertex   -3.588716e+01 -1.967923e+01 -1.280000e+01
      vertex   -3.719282e+01 -1.956500e+01 -1.280000e+01
      vertex   -3.711284e+01 -1.967923e+01 -1.280000e+01
    endloop
  endfacet
  facet normal 0.000000e+00 0.000000e+00 1.000000e+00
    outer loop
      vertex   -3.588716e+01 -1.967923e+01 -1.280000e+01
      vertex   -3.711284e+01 -1.967923e+01 -1.280000e+01
      vertex   -3.598577e+01 -1.977784e+01 -1.280000e+01
    endloop
  endfacet
  facet normal 0.000000e+00 0.000000e+00 1.000000e+00
    outer loop
      vertex   -3.598577e+01 -1.977784e+01 -1.280000e+01
      vertex   -3.711284e+01 -1.967923e+01 -1.280000e+01
      vertex   -3.701423e+01 -1.977784e+01 -1.280000e+01
    endloop
  endfacet
  facet normal 0.000000e+00 0.000000e+00 1.000000e+00
    outer loop
      vertex   -3.598577e+01 -1.977784e+01 -1.280000e+01
      vertex   -3.701423e+01 -1.977784e+01 -1.280000e+01
      vertex   -3.610000e+01 -1.985782e+01 -1.280000e+01
    endloop
  endfacet
  facet normal 0.000000e+00 0.000000e+00 1.000000e+00
    outer loop
      vertex   -3.610000e+01 -1.985782e+01 -1.280000e+01
      vertex   -3.701423e+01 -1.977784e+01 -1.280000e+01
      vertex   -3.690000e+01 -1.985782e+01 -1.280000e+01
    endloop
  endfacet
  facet normal 0.000000e+00 0.000000e+00 1.000000e+00
    outer loop
      vertex   -3.610000e+01 -1.985782e+01 -1.280000e+01
      vertex   -3.690000e+01 -1.985782e+01 -1.280000e+01
      vertex   -3.622638e+01 -1.991675e+01 -1.280000e+01
    endloop
  endfacet
  facet normal 0.000000e+00 0.000000e+00 1.000000e+00
    outer loop
      vertex   -3.622638e+01 -1.991675e+01 -1.280000e+01
      vertex   -3.690000e+01 -1.985782e+01 -1.280000e+01
      vertex   -3.677362e+01 -1.991675e+01 -1.280000e+01
    endloop
  endfacet
  facet normal 0.000000e+00 0.000000e+00 1.000000e+00
    outer loop
      vertex   -3.622638e+01 -1.991675e+01 -1.280000e+01
      vertex   -3.677362e+01 -1.991675e+01 -1.280000e+01
      vertex   -3.636108e+01 -1.995285e+01 -1.280000e+01
    endloop
  endfacet
  facet normal 0.000000e+00 0.000000e+00 1.000000e+00
    outer loop
      vertex   -3.636108e+01 -1.995285e+01 -1.280000e+01
      vertex   -3.677362e+01 -1.991675e+01 -1.280000e+01
      vertex   -3.663892e+01 -1.995285e+01 -1.280000e+01
    endloop
  endfacet
  facet normal 0.000000e+00 0.000000e+00 1.000000e+00
    outer loop
      vertex   -3.636108e+01 -1.995285e+01 -1.280000e+01
      vertex   -3.663892e+01 -1.995285e+01 -1.280000e+01
      vertex   -3.650000e+01 -1.996500e+01 -1.280000e+01
    endloop
  endfacet
  facet normal 9.961947e-01 -8.715574e-02 0.000000e+00
    outer loop
      vertex   -3.728785e+01 -1.902608e+01 -1.280000e+01
      vertex   -3.728785e+01 -1.902608e+01 -1.053333e+01
      vertex   -3.730000e+01 -1.916500e+01 -1.280000e+01
    endloop
  endfacet
  facet normal 9.961947e-01 -8.715574e-02 0.000000e+00
    outer loop
      vertex   -3.730000e+01 -1.916500e+01 -1.280000e+01
      vertex   -3.728785e+01 -1.902608e+01 -1.053333e+01
      vertex   -3.730000e+01 -1.916500e+01 -1.053333e+01
    endloop
  endfacet
  facet normal 9.961947e-01 8.715574e-02 -0.000000e+00
    outer loop
      vertex   -3.730000e+01 -1.916500e+01 -1.280000e+01
      vertex   -3.730000e+01 -1.916500e+01 -1.053333e+01
      vertex   -3.728785e+01 -1.930392e+01 -1.280000e+01
    endloop
  endfacet
  facet normal 9.961947e-01 8.715574e-02 -0.000000e+00
    outer loop
      vertex   -3.728785e+01 -1.930392e+01 -1.280000e+01
      vertex   -3.730000e+01 -1.916500e+01 -1.053333e+01
      vertex   -3.728785e+01 -1.930392e+01 -1.053333e+01
    endloop
  endfacet
  facet normal 9.659258e-01 2.588190e-01 -0.000000e+00
    outer loop
      vertex   -3.728785e+01 -1.930392e+01 -1.280000e+01
      vertex   -3.728785e+01 -1.930392e+01 -1.053333e+01
      vertex   -3.725175e+01 -1.943862e+01 -1.280000e+01
    endloop
  endfacet
  facet normal 9.659258e-01 2.588190e-01 -0.000000e+00
    outer loop
      vertex   -3.725175e+01 -1.943862e+01 -1.280000e+01
      vertex   -3.728785e+01 -1.930392e+01 -1.053333e+01
      vertex   -3.725175e+01 -1.943862e+01 -1.053333e+01
    endloop
  endfacet
  facet normal 9.063078e-01 4.226183e-01 -0.000000e+00
    outer loop
      vertex   -3.725175e+01 -1.943862e+01 -1.280000e+01
      vertex   -3.725175e+01 -1.943862e+01 -1.053333e+01
      vertex   -3.719282e+01 -1.956500e+01 -1.280000e+01
    endloop
  endfacet
  facet normal 9.063078e-01 4.226183e-01 -0.000000e+00
    outer loop
      vertex   -3.719282e+01 -1.956500e+01 -1.280000e+01
      vertex   -3.725175e+01 -1.943862e+01 -1.053333e+01
      vertex   -3.719282e+01 -1.956500e+01 -1.053333e+01
    endloop
  endfacet
  facet normal 8.191520e-01 5.735764e-01 -0.000000e+00
    outer loop
      vertex   -3.719282e+01 -1.956500e+01 -1.280000e+01
      vertex   -3.719282e+01 -1.956500e+01 -1.053333e+01
      vertex   -3.711284e+01 -1.967923e+01 -1.280000e+01
    endloop
  endfacet
  facet normal 8.191520e-01 5.735764e-01 -0.000000e+00
    outer loop
      vertex   -3.711284e+01 -1.967923e+01 -1.280000e+01
      vertex   -3.719282e+01 -1.956500e+01 -1.053333e+01
      vertex   -3.711284e+01 -1.967923e+01 -1.053333e+01
    endloop
  endfacet
  facet normal 7.071068e-01 7.071068e-01 -0.000000e+00
    outer loop
      vertex   -3.711284e+01 -1.967923e+01 -1.280000e+01
      vertex   -3.711284e+01 -1.967923e+01 -1.053333e+01
      vertex   -3.701423e+01 -1.977784e+01 -1.280000e+01
    endloop
  endfacet
  facet normal 7.071068e-01 7.071068e-01 -0.000000e+00
    outer loop
      vertex   -3.701423e+01 -1.977784e+01 -1.280000e+01
      vertex   -3.711284e+01 -1.967923e+01 -1.053333e+01
      vertex   -3.701423e+01 -1.977784e+01 -1.053333e+01
    endloop
  endfacet
  facet normal 5.735764e-01 8.191520e-01 -0.000000e+00
    outer loop
      vertex   -3.701423e+01 -1.977784e+01 -1.280000e+01
      vertex   -3.701423e+01 -1.977784e+01 -1.053333e+01
      vertex   -3.690000e+01 -1.985782e+01 -1.280000e+01
    endloop
  endfacet
  facet normal 5.735764e-01 8.191520e-01 -0.000000e+00
    outer loop
      vertex   -3.690000e+01 -1.985782e+01 -1.280000e+01
      vertex   -3.701423e+01 -1.977784e+01 -1.053333e+01
      vertex   -3.690000e+01 -1.985782e+01 -1.053333e+01
    endloop
  endfacet
  facet normal 4.226183e-01 9.063078e-01 -0.000000e+00
    outer loop
      vertex   -3.690000e+01 -1.985782e+01 -1.280000e+01
      vertex   -3.690000e+01 -1.985782e+01 -1.053333e+01
      vertex   -3.677362e+01 -1.991675e+01 -1.280000e+01
    endloop
  endfacet
  facet normal 4.226183e-01 9.063078e-01 -0.000000e+00
    outer loop
      vertex   -3.677362e+01 -1.991675e+01 -1.280000e+01
      vertex   -3.690000e+01 -1.985782e+01 -1.053333e+01
      vertex   -3.677362e+01 -1.991675e+01 -1.053333e+01
    endloop
  endfacet
  facet normal 2.588190e-01 9.659258e-01 -0.000000e+00
    outer loop
      vertex   -3.677362e+01 -1.991675e+01 -1.280000e+01
      vertex   -3.677362e+01 -1.991675e+01 -1.053333e+01
      vertex   -3.663892e+01 -1.995285e+01 -1.280000e+01
    endloop
  endfacet
  facet normal 2.588190e-01 9.659258e-01 -0.000000e+00
    outer loop
      vertex   -3.663892e+01 -1.995285e+01 -1.280000e+01
      vertex   -3.677362e+01 -1.991675e+01 -1.053333e+01
      vertex   -3.663892e+01 -1.995285e+01 -1.053333e+01
    endloop
  endfacet
  facet normal 8.715574e-02 9.961947e-01 -0.000000e+00
    outer loop
      vertex   -3.663892e+01 -1.995285e+01 -1.280000e+01
      vertex   -3.663892e+01 -1.995285e+01 -1.053333e+01
      vertex   -3.650000e+01 -1.996500e+01 -1.280000e+01
    endloop
  endfacet
  facet normal 8.715574e-02 9.961947e-01 -0.000000e+00
    outer loop
      vertex   -3.650000e+01 -1.996500e+01 -1.280000e+01
      vertex   -3.663892e+01 -1.995285e+01 -1.053333e+01
      vertex   -3.650000e+01 -1.996500e+01 -1.053333e+01
    endloop
  endfacet
  facet normal -8.715574e-02 9.961947e-01 0.000000e+00
    outer loop
      vertex   -3.650000e+01 -1.996500e+01 -1.280000e+01
      vertex   -3.650000e+01 -1.996500e+01 -1.053333e+01
      vertex   -3.636108e+01 -1.995285e+01 -1.280000e+01
    endloop
  endfacet
  facet normal -8.715574e-02 9.961947e-01 0.000000e+00
    outer loop
      vertex   -3.636108e+01 -1.995285e+01 -1.280000e+01
      vertex   -3.650000e+01 -1.996500e+01 -1.053333e+01
      vertex   -3.636108e+01 -1.995285e+01 -1.053333e+01
    endloop
  endfacet
  facet normal -2.588190e-01 9.659258e-01 0.000000e+00
    outer loop
      vertex   -3.636108e+01 -1.995285e+01 -1.280000e+01
      vertex   -3.636108e+01 -1.995285e+01 -1.053333e+01
      vertex   -3.622638e+01 -1.991675e+01 -1.280000e+01
    endloop
  endfacet
  facet normal -2.588190e-01 9.659258e-01 0.000000e+00
    outer loop
      vertex   -3.622638e+01 -1.991675e+01 -1.280000e+01
      vertex   -3.636108e+01 -1.995285e+01 -1.053333e+01
      vertex   -3.622638e+01 -1.991675e+01 -1.053333e+01
    endloop
  endfacet
  facet normal -4.226183e-01 9.063078e-01 0.000000e+00
    outer loop
      vertex   -3.622638e+01 -1.991675e+01 -1.280000e+01
      vertex   -3.622638e+01 -1.991675e+01 -1.053333e+01
      vertex   -3.610000e+01 -1.985782e+01 -1.280000e+01
    endloop
  endfacet
  facet normal -4.226183e-01 9.063078e-01 0.000000e+00
    outer loop
      vertex   -3.610000e+01 -1.985782e+01 -1.280000e+01
      vertex   -3.622638e+01 -1.991675e+01 -1.053333e+01
      vertex   -3.610000e+01 -1.985782e+01 -1.053333e+01
    endloop
  endfacet
  facet normal -5.735764e-01 8.191520e-01 0.000000e+00
    outer loop
      vertex   -3.610000e+01 -1.985782e+01 -1.280000e+01
      vertex   -3.610000e+01 -1.985782e+01 -1.053333e+01
      vertex   -3.598577e+01 -1.977784e+01 -1.280000e+01
    endloop
  endfacet
  facet normal -5.735764e-01 8.191520e-01 0.000000e+00
    outer loop
      vertex   -3.598577e+01 -1.977784e+01 -1.280000e+01
      vertex   -3.610000e+01 -1.985782e+01 -1.053333e+01
      vertex   -3.598577e+01 -1.977784e+01 -1.053333e+01
    endloop
  endfacet
  facet normal -7.071068e-01 7.071068e-01 0.000000e+00
    outer loop
      vertex   -3.598577e+01 -1.977784e+01 -1.280000e+01
      vertex   -3.598577e+01 -1.977784e+01 -1.053333e+01
      vertex   -3.588716e+01 -1.967923e+01 -1.280000e+01
    endloop
  endfacet
  facet normal -7.071068e-01 7.071068e-01 0.000000e+00
    outer loop
      vertex   -3.588716e+01 -1.967923e+01 -1.280000e+01
      vertex   -3.598577e+01 -1.977784e+01 -1.053333e+01
      vertex   -3.588716e+01 -1.967923e+01 -1.053333e+01
    endloop
  endfacet
  facet normal -8.191520e-01 5.735764e-01 0.000000e+00
    outer loop
      vertex   -3.588716e+01 -1.967923e+01 -1.280000e+01
      vertex   -3.588716e+01 -1.967923e+01 -1.053333e+01
      vertex   -3.580718e+01 -1.956500e+01 -1.280000e+01
    endloop
  endfacet
  facet normal -8.191520e-01 5.735764e-01 0.000000e+00
    outer loop
      vertex   -3.580718e+01 -1.956500e+01 -1.280000e+01
      vertex   -3.588716e+01 -1.967923e+01 -1.053333e+01
      vertex   -3.580718e+01 -1.956500e+01 -1.053333e+01
    endloop
  endfacet
  facet normal -9.063078e-01 4.226183e-01 0.000000e+00
    outer loop
      vertex   -3.580718e+01 -1.956500e+01 -1.280000e+01
      vertex   -3.580718e+01 -1.956500e+01 -1.053333e+01
      vertex   -3.574825e+01 -1.943862e+01 -1.280000e+01
    endloop
  endfacet
  facet normal -9.063078e-01 4.226183e-01 0.000000e+00
    outer loop
      vertex   -3.574825e+01 -1.943862e+01 -1.280000e+01
      vertex   -3.580718e+01 -1.956500e+01 -1.053333e+01
      vertex   -3.574825e+01 -1.943862e+01 -1.053333e+01
    endloop
  endfacet
  facet normal -9.659258e-01 2.588190e-01 0.000000e+00
    outer loop
      vertex   -3.574825e+01 -1.943862e+01 -1.280000e+01
      vertex   -3.574825e+01 -1.943862e+01 -1.053333e+01
      vertex   -3.571215e+01 -1.930392e+01 -1.280000e+01
    endloop
  endfacet
  facet normal -9.659258e-01 2.588190e-01 0.000000e+00
    outer loop
      vertex   -3.571215e+01 -1.930392e+01 -1.280000e+01
      vertex   -3.574825e+01 -1.943862e+01 -1.053333e+01
      vertex   -3.571215e+01 -1.930392e+01 -1.053333e+01
    endloop
  endfacet
  facet normal -9.961947e-01 8.715574e-02 0.000000e+00
    outer loop
      vertex   -3.571215e+01 -1.930392e+01 -1.280000e+01
      vertex   -3.571215e+01 -1.930392e+01 -1.053333e+01
      vertex   -3.570000e+01 -1.916500e+01 -1.280000e+01
    endloop
  endfacet
  facet normal -9.961947e-01 8.715574e-02 0.000000e+00
    outer loop
      vertex   -3.570000e+01 -1.916500e+01 -1.280000e+01
      vertex   -3.571215e+01 -1.930392e+01 -1.053333e+01
      vertex   -3.570000e+01 -1.916500e+01 -1.053333e+01
    endloop
  endfacet
  facet normal -9.961947e-01 -8.715574e-02 0.000000e+00
    outer loop
      vertex   -3.570000e+01 -1.916500e+01 -1.280000e+01
      vertex   -3.570000e+01 -1.916500e+01 -1.053333e+01
      vertex   -3.571215e+01 -1.902608e+01 -1.280000e+01
    endloop
  endfacet
  facet normal -9.961947e-01 -8.715574e-02 0.000000e+00
    outer loop
      vertex   -3.571215e+01 -1.902608e+01 -1.280000e+01
      vertex   -3.570000e+01 -1.916500e+01 -1.053333e+01
      vertex   -3.571215e+01 -1.902608e+01 -1.053333e+01
    endloop
  endfacet
  facet normal -9.659258e-01 -2.588190e-01 0.000000e+00
    outer loop
      vertex   -3.571215e+01 -1.902608e+01 -1.280000e+01
      vertex   -3.571215e+01 -1.902608e+01 -1.053333e+01
      vertex   -3.574825e+01 -1.889138e+01 -1.280000e+01
    endloop
  endfacet
  facet normal -9.659258e-01 -2.588190e-01 0.000000e+00
    outer loop
      vertex   -3.574825e+01 -1.889138e+01 -1.280000e+01
      vertex   -3.571215e+01 -1.902608e+01 -1.053333e+01
      vertex   -3.574825e+01 -1.889138e+01 -1.053333e+01
    endloop
  endfacet
  facet normal -9.063078e-01 -4.226183e-01 0.000000e+00
    outer loop
      vertex   -3.574825e+01 -1.889138e+01 -1.280000e+01
      vertex   -3.574825e+01 -1.889138e+01 -1.053333e+01
      vertex   -3.580718e+01 -1.876500e+01 -1.280000e+01
    endloop
  endfacet
  facet normal -9.063078e-01 -4.226183e-01 0.000000e+00
    outer loop
      vertex   -3.580718e+01 -1.876500e+01 -1.280000e+01
      vertex   -3.574825e+01 -1.889138e+01 -1.053333e+01
      vertex   -3.580718e+01 -1.876500e+01 -1.053333e+01
    endloop
  endfacet
  facet normal -8.191520e-01 -5.735764e-01 0.000000e+00
    outer loop
      vertex   -3.580718e+01 -1.876500e+01 -1.280000e+01
      vertex   -3.580718e+01 -1.876500e+01 -1.053333e+01
      vertex   -3.588716e+01 -1.865077e+01 -1.280000e+01
    endloop
  endfacet
  facet normal -8.191520e-01 -5.735764e-01 0.000000e+00
    outer loop
      vertex   -3.588716e+01 -1.865077e+01 -1.280000e+01
      vertex   -3.580718e+01 -1.876500e+01 -1.053333e+01
      vertex   -3.588716e+01 -1.865077e+01 -1.053333e+01
    endloop
  endfacet
  facet normal -7.071068e-01 -7.071068e-01 0.000000e+00
    outer loop
      vertex   -3.588716e+01 -1.865077e+01 -1.280000e+01
      vertex   -3.588716e+01 -1.865077e+01 -1.053333e+01
      vertex   -3.598577e+01 -1.855216e+01 -1.280000e+01
    endloop
  endfacet
  facet normal -7.071068e-01 -7.071068e-01 0.000000e+00
    outer loop
      vertex   -3.598577e+01 -1.855216e+01 -1.280000e+01
      vertex   -3.588716e+01 -1.865077e+01 -1.053333e+01
      vertex   -3.598577e+01 -1.855216e+01 -1.053333e+01
    endloop
  endfacet
  facet normal -5.735764e-01 -8.191520e-01 0.000000e+00
    outer loop
      vertex   -3.598577e+01 -1.855216e+01 -1.280000e+01
      vertex   -3.598577e+01 -1.855216e+01 -1.053333e+01
      vertex   -3.610000e+01 -1.847218e+01 -1.280000e+01
    endloop
  endfacet
  facet normal -5.735764e-01 -8.191520e-01 0.000000e+00
    outer loop
      vertex   -3.610000e+01 -1.847218e+01 -1.280000e+01
      vertex   -3.598577e+01 -1.855216e+01 -1.053333e+01
      vertex   -3.610000e+01 -1.847218e+01 -1.053333e+01
    endloop
  endfacet
  facet normal -4.226183e-01 -9.063078e-01 0.000000e+00
    outer loop
      vertex   -3.610000e+01 -1.847218e+01 -1.280000e+01
      vertex   -3.610000e+01 -1.847218e+01 -1.053333e+01
      vertex   -3.622638e+01 -1.841325e+01 -1.280000e+01
    endloop
  endfacet
  facet normal -4.226183e-01 -9.063078e-01 0.000000e+00
    outer loop
      vertex   -3.622638e+01 -1.841325e+01 -1.280000e+01
      vertex   -3.610000e+01 -1.847218e+01 -1.053333e+01
      vertex   -3.622638e+01 -1.841325e+01 -1.053333e+01
    endloop
  endfacet
  facet normal -2.588190e-01 -9.659258e-01 0.000000e+00
    outer loop
      vertex   -3.622638e+01 -1.841325e+01 -1.280000e+01
      vertex   -3.622638e+01 -1.841325e+01 -1.053333e+01
      vertex   -3.636108e+01 -1.837715e+01 -1.280000e+01
    endloop
  endfacet
  facet normal -2.588190e-01 -9.659258e-01 0.000000e+00
    outer loop
      vertex   -3.636108e+01 -1.837715e+01 -1.280000e+01
      vertex   -3.622638e+01 -1.841325e+01 -1.053333e+01
      vertex   -3.636108e+01 -1.837715e+01 -1.053333e+01
    endloop
  endfacet
  facet normal -8.715574e-02 -9.961947e-01 0.000000e+00
    outer loop
      vertex   -3.636108e+01 -1.837715e+01 -1.280000e+01
      vertex   -3.636108e+01 -1.837715e+01 -1.053333e+01
      vertex   -3.650000e+01 -1.836500e+01 -1.280000e+01
    endloop
  endfacet
  facet normal -8.715574e-02 -9.961947e-01 0.000000e+00
    outer loop
      vertex   -3.650000e+01 -1.836500e+01 -1.280000e+01
      vertex   -3.636108e+01 -1.837715e+01 -1.053333e+01
      vertex   -3.650000e+01 -1.836500e+01 -1.053333e+01
    endloop
  endfacet
  facet normal 8.715574e-02 -9.961947e-01 0.000000e+00
    outer loop
      vertex   -3.650000e+01 -1.836500e+01 -1.280000e+01
      vertex   -3.650000e+01 -1.836500e+01 -1.053333e+01
      vertex   -3.663892e+01 -1.837715e+01 -1.280000e+01
    endloop
  endfacet
  facet normal 8.715574e-02 -9.961947e-01 0.000000e+00
    outer loop
      vertex   -3.663892e+01 -1.837715e+01 -1.280000e+01
      vertex   -3.650000e+01 -1.836500e+01 -1.053333e+01
      vertex   -3.663892e+01 -1.837715e+01 -1.053333e+01
    endloop
  endfacet
  facet normal 2.588190e-01 -9.659258e-01 0.000000e+00
    outer loop
      vertex   -3.663892e+01 -1.837715e+01 -1.280000e+01
      vertex   -3.663892e+01 -1.837715e+01 -1.053333e+01
      vertex   -3.677362e+01 -1.841325e+01 -1.280000e+01
    endloop
  endfacet
  facet normal 2.588190e-01 -9.659258e-01 0.000000e+00
    outer loop
      vertex   -3.677362e+01 -1.841325e+01 -1.280000e+01
      vertex   -3.663892e+01 -1.837715e+01 -1.053333e+01
      vertex   -3.677362e+01 -1.841325e+01 -1.053333e+01
    endloop
  endfacet
  facet normal 4.226183e-01 -9.063078e-01 0.000000e+00
    outer loop
      vertex   -3.677362e+01 -1.841325e+01 -1.280000e+01
      vertex   -3.677362e+01 -1.841325e+01 -1.053333e+01
      vertex   -3.690000e+01 -1.847218e+01 -1.280000e+01
    endloop
  endfacet
  facet normal 4.226183e-01 -9.063078e-01 0.000000e+00
    outer loop
      vertex   -3.690000e+01 -1.847218e+01 -1.280000e+01
      vertex   -3.677362e+01 -1.841325e+01 -1.053333e+01
      vertex   -3.690000e+01 -1.847218e+01 -1.053333e+01
    endloop
  endfacet
  facet normal 5.735764e-01 -8.191520e-01 0.000000e+00
    outer loop
      vertex   -3.690000e+01 -1.847218e+01 -1.280000e+01
      vertex   -3.690000e+01 -1.847218e+01 -1.053333e+01
      vertex   -3.701423e+01 -1.855216e+01 -1.280000e+01
    endloop
  endfacet
  facet normal 5.735764e-01 -8.191520e-01 0.000000e+00
    outer loop
      vertex   -3.701423e+01 -1.855216e+01 -1.280000e+01
      vertex   -3.690000e+01 -1.847218e+01 -1.053333e+01
      vertex   -3.701423e+01 -1.855216e+01 -1.053333e+01
    endloop
  endfacet
  facet normal 7.071068e-01 -7.071068e-01 0.000000e+00
    outer loop
      vertex   -3.701423e+01 -1.855216e+01 -1.280000e+01
      vertex   -3.701423e+01 -1.855216e+01 -1.053333e+01
      vertex   -3.711284e+01 -1.865077e+01 -1.280000e+01
    endloop
  endfacet
  facet normal 7.071068e-01 -7.071068e-01 0.000000e+00
    outer loop
      vertex   -3.711284e+01 -1.865077e+01 -1.280000e+01
      vertex   -3.701423e+01 -1.855216e+01 -1.053333e+01
      vertex   -3.711284e+01 -1.865077e+01 -1.053333e+01
    endloop
  endfacet
  facet normal 8.191520e-01 -5.735764e-01 0.000000e+00
    outer loop
      vertex   -3.711284e+01 -1.865077e+01 -1.280000e+01
      vertex   -3.711284e+01 -1.865077e+01 -1.053333e+01
      vertex   -3.719282e+01 -1.876500e+01 -1.280000e+01
    endloop
  endfacet
  facet normal 8.191520e-01 -5.735764e-01 0.000000e+00
    outer loop
      vertex   -3.719282e+01 -1.876500e+01 -1.280000e+01
      vertex   -3.711284e+01 -1.865077e+01 -1.053333e+01
      vertex   -3.719282e+01 -1.876500e+01 -1.053333e+01
    endloop
  endfacet
  facet normal 9.063078e-01 -4.226183e-01 0.000000e+00
    outer loop
      vertex   -3.719282e+01 -1.876500e+01 -1.280000e+01
      vertex   -3.719282e+01 -1.876500e+01 -1.053333e+01
      vertex   -3.725175e+01 -1.889138e+01 -1.280000e+01
    endloop
  endfacet
  facet normal 9.063078e-01 -4.226183e-01 0.000000e+00
    outer loop
      vertex   -3.725175e+01 -1.889138e+01 -1.280000e+01
      vertex   -3.719282e+01 -1.876500e+01 -1.053333e+01
      vertex   -3.725175e+01 -1.889138e+01 -1.053333e+01
    endloop
  endfacet
  facet normal 9.659258e-01 -2.588190e-01 0.000000e+00
    outer loop
      vertex   -3.725175e+01 -1.889138e+01 -1.280000e+01
      vertex   -3.725175e+01 -1.889138e+01 -1.053333e+01
      vertex   -3.728785e+01 -1.902608e+01 -1.280000e+01
    endloop
  endfacet
  facet normal 9.659258e-01 -2.588190e-01 0.000000e+00
    outer loop
      vertex   -3.728785e+01 -1.902608e+01 -1.280000e+01
      vertex   -3.725175e+01 -1.889138e+01 -1.053333e+01
      vertex   -3.728785e+01 -1.902608e+01 -1.053333e+01
    endloop
  endfacet
  facet normal 9.961947e-01 8.715574e-02 0.000000e+00
    outer loop
      vertex   -3.728785e+01 -1.930392e+01 -6.000000e+00
      vertex   -3.728785e+01 -1.930392e+01 -8.266667e+00
      vertex   -3.730000e+01 -1.916500e+01 -6.000000e+00
    endloop
  endfacet
  facet normal 9.961947e-01 8.715574e-02 0.000000e+00
    outer loop
      vertex   -3.730000e+01 -1.916500e+01 -6.000000e+00
      vertex   -3.728785e+01 -1.930392e+01 -8.266667e+00
      vertex   -3.730000e+01 -1.916500e+01 -8.266667e+00
    endloop
  endfacet
  facet normal 9.961947e-01 -8.715574e-02 0.000000e+00
    outer loop
      vertex   -3.730000e+01 -1.916500e+01 -6.000000e+00
      vertex   -3.730000e+01 -1.916500e+01 -8.266667e+00
      vertex   -3.728785e+01 -1.902608e+01 -6.000000e+00
    endloop
  endfacet
  facet normal 9.961947e-01 -8.715574e-02 0.000000e+00
    outer loop
      vertex   -3.728785e+01 -1.902608e+01 -6.000000e+00
      vertex   -3.730000e+01 -1.916500e+01 -8.266667e+00
      vertex   -3.728785e+01 -1.902608e+01 -8.266667e+00
    endloop
  endfacet
  facet normal 9.659258e-01 -2.588190e-01 0.000000e+00
    outer loop
      vertex   -3.728785e+01 -1.902608e+01 -6.000000e+00
      vertex   -3.728785e+01 -1.902608e+01 -8.266667e+00
      vertex   -3.725175e+01 -1.889138e+01 -6.000000e+00
    endloop
  endfacet
  facet normal 9.659258e-01 -2.588190e-01 0.000000e+00
    outer loop
      vertex   -3.725175e+01 -1.889138e+01 -6.000000e+00
      vertex   -3.728785e+01 -1.902608e+01 -8.266667e+00
      vertex   -3.725175e+01 -1.889138e+01 -8.266667e+00
    endloop
  endfacet
  facet normal 9.063078e-01 -4.226183e-01 0.000000e+00
    outer loop
      vertex   -3.725175e+01 -1.889138e+01 -6.000000e+00
      vertex   -3.725175e+01 -1.889138e+01 -8.266667e+00
      vertex   -3.719282e+01 -1.876500e+01 -6.000000e+00
    endloop
  endfacet
  facet normal 9.063078e-01 -4.226183e-01 0.000000e+00
    outer loop
      vertex   -3.719282e+01 -1.876500e+01 -6.000000e+00
      vertex   -3.725175e+01 -1.889138e+01 -8.266667e+00
      vertex   -3.719282e+01 -1.876500e+01 -8.266667e+00
    endloop
  endfacet
  facet normal 8.191520e-01 -5.735764e-01 0.000000e+00
    outer loop
      vertex   -3.719282e+01 -1.876500e+01 -6.000000e+00
      vertex   -3.719282e+01 -1.876500e+01 -8.266667e+00
      vertex   -3.711284e+01 -1.865077e+01 -6.000000e+00
    endloop
  endfacet
  facet normal 8.191520e-01 -5.735764e-01 0.000000e+00
    outer loop
      vertex   -3.711284e+01 -1.865077e+01 -6.000000e+00
      vertex   -3.719282e+01 -1.876500e+01 -8.266667e+00
      vertex   -3.711284e+01 -1.865077e+01 -8.266667e+00
    endloop
  endfacet
  facet normal 7.071068e-01 -7.071068e-01 0.000000e+00
    outer loop
      vertex   -3.711284e+01 -1.865077e+01 -6.000000e+00
      vertex   -3.711284e+01 -1.865077e+01 -8.266667e+00
      vertex   -3.701423e+01 -1.855216e+01 -6.000000e+00
    endloop
  endfacet
  facet normal 7.071068e-01 -7.071068e-01 0.000000e+00
    outer loop
      vertex   -3.701423e+01 -1.855216e+01 -6.000000e+00
      vertex   -3.711284e+01 -1.865077e+01 -8.266667e+00
      vertex   -3.701423e+01 -1.855216e+01 -8.266667e+00
    endloop
  endfacet
  facet normal 5.735764e-01 -8.191520e-01 0.000000e+00
    outer loop
      vertex   -3.701423e+01 -1.855216e+01 -6.000000e+00
      vertex   -3.701423e+01 -1.855216e+01 -8.266667e+00
      vertex   -3.690000e+01 -1.847218e+01 -6.000000e+00
    endloop
  endfacet
  facet normal 5.735764e-01 -8.191520e-01 0.000000e+00
    outer loop
      vertex   -3.690000e+01 -1.847218e+01 -6.000000e+00
      vertex   -3.701423e+01 -1.855216e+01 -8.266667e+00
      vertex   -3.690000e+01 -1.847218e+01 -8.266667e+00
    endloop
  endfacet
  facet normal 4.226183e-01 -9.063078e-01 0.000000e+00
    outer loop
      vertex   -3.690000e+01 -1.847218e+01 -6.000000e+00
      vertex   -3.690000e+01 -1.847218e+01 -8.266667e+00
      vertex   -3.677362e+01 -1.841325e+01 -6.000000e+00
    endloop
  endfacet
  facet normal 4.226183e-01 -9.063078e-01 0.000000e+00
    outer loop
      vertex   -3.677362e+01 -1.841325e+01 -6.000000e+00
      vertex   -3.690000e+01 -1.847218e+01 -8.266667e+00
      vertex   -3.677362e+01 -1.841325e+01 -8.266667e+00
    endloop
  endfacet
  facet normal 2.588190e-01 -9.659258e-01 0.000000e+00
    outer loop
      vertex   -3.677362e+01 -1.841325e+01 -6.000000e+00
      vertex   -3.677362e+01 -1.841325e+01 -8.266667e+00
      vertex   -3.663892e+01 -1.837715e+01 -6.000000e+00
    endloop
  endfacet
  facet normal 2.588190e-01 -9.659258e-01 0.000000e+00
    outer loop
      vertex   -3.663892e+01 -1.837715e+01 -6.000000e+00
      vertex   -3.677362e+01 -1.841325e+01 -8.266667e+00
      vertex   -3.663892e+01 -1.837715e+01 -8.266667e+00
    endloop
  endfacet
  facet normal 8.715574e-02 -9.961947e-01 0.000000e+00
    outer loop
      vertex   -3.663892e+01 -1.837715e+01 -6.000000e+00
      vertex   -3.663892e+01 -1.837715e+01 -8.266667e+00
      vertex   -3.650000e+01 -1.836500e+01 -6.000000e+00
    endloop
  endfacet
  facet normal 8.715574e-02 -9.961947e-01 0.000000e+00
    outer loop
      vertex   -3.650000e+01 -1.836500e+01 -6.000000e+00
      vertex   -3.663892e+01 -1.837715e+01 -8.266667e+00
      vertex   -3.650000e+01 -1.836500e+01 -8.266667e+00
    endloop
  endfacet
  facet normal -8.715574e-02 -9.961947e-01 -0.000000e+00
    outer loop
      vertex   -3.650000e+01 -1.836500e+01 -6.000000e+00
      vertex   -3.650000e+01 -1.836500e+01 -8.266667e+00
      vertex   -3.636108e+01 -1.837715e+01 -6.000000e+00
    endloop
  endfacet
  facet normal -8.715574e-02 -9.961947e-01 -0.000000e+00
    outer loop
      vertex   -3.636108e+01 -1.837715e+01 -6.000000e+00
      vertex   -3.650000e+01 -1.836500e+01 -8.266667e+00
      vertex   -3.636108e+01 -1.837715e+01 -8.266667e+00
    endloop
  endfacet
  facet normal -2.588190e-01 -9.659258e-01 -0.000000e+00
    outer loop
      vertex   -3.636108e+01 -1.837715e+01 -6.000000e+00
      vertex   -3.636108e+01 -1.837715e+01 -8.266667e+00
      vertex   -3.622638e+01 -1.841325e+01 -6.000000e+00
    endloop
  endfacet
  facet normal -2.588190e-01 -9.659258e-01 -0.000000e+00
    outer loop
      vertex   -3.622638e+01 -1.841325e+01 -6.000000e+00
      vertex   -3.636108e+01 -1.837715e+01 -8.266667e+00
      vertex   -3.622638e+01 -1.841325e+01 -8.266667e+00
    endloop
  endfacet
  facet normal -4.226183e-01 -9.063078e-01 -0.000000e+00
    outer loop
      vertex   -3.622638e+01 -1.841325e+01 -6.000000e+00
      vertex   -3.622638e+01 -1.841325e+01 -8.266667e+00
      vertex   -3.610000e+01 -1.847218e+01 -6.000000e+00
    endloop
  endfacet
  facet normal -4.226183e-01 -9.063078e-01 -0.000000e+00
    outer loop
      vertex   -3.610000e+01 -1.847218e+01 -6.000000e+00
      vertex   -3.622638e+01 -1.841325e+01 -8.266667e+00
      vertex   -3.610000e+01 -1.847218e+01 -8.266667e+00
    endloop
  endfacet
  facet normal -5.735764e-01 -8.191520e-01 -0.000000e+00
    outer loop
      vertex   -3.610000e+01 -1.847218e+01 -6.000000e+00
      vertex   -3.610000e+01 -1.847218e+01 -8.266667e+00
      vertex   -3.598577e+01 -1.855216e+01 -6.000000e+00
    endloop
  endfacet
  facet normal -5.735764e-01 -8.191520e-01 -0.000000e+00
    outer loop
      vertex   -3.598577e+01 -1.855216e+01 -6.000000e+00
      vertex   -3.610000e+01 -1.847218e+01 -8.266667e+00
      vertex   -3.598577e+01 -1.855216e+01 -8.266667e+00
    endloop
  endfacet
  facet normal -7.071068e-01 -7.071068e-01 -0.000000e+00
    outer loop
      vertex   -3.598577e+01 -1.855216e+01 -6.000000e+00
      vertex   -3.598577e+01 -1.855216e+01 -8.266667e+00
      vertex   -3.588716e+01 -1.865077e+01 -6.000000e+00
    endloop
  endfacet
  facet normal -7.071068e-01 -7.071068e-01 -0.000000e+00
    outer loop
      vertex   -3.588716e+01 -1.865077e+01 -6.000000e+00
      vertex   -3.598577e+01 -1.855216e+01 -8.266667e+00
      vertex   -3.588716e+01 -1.865077e+01 -8.266667e+00
    endloop
  endfacet
  facet normal -8.191520e-01 -5.735764e-01 -0.000000e+00
    outer loop
      vertex   -3.588716e+01 -1.865077e+01 -6.000000e+00
      vertex   -3.588716e+01 -1.865077e+01 -8.266667e+00
      vertex   -3.580718e+01 -1.876500e+01 -6.000000e+00
    endloop
  endfacet
  facet normal -8.191520e-01 -5.735764e-01 -0.000000e+00
    outer loop
      vertex   -3.580718e+01 -1.876500e+01 -6.000000e+00
      vertex   -3.588716e+01 -1.865077e+01 -8.266667e+00
      vertex   -3.580718e+01 -1.876500e+01 -8.266667e+00
    endloop
  endfacet
  facet normal -9.063078e-01 -4.226183e-01 -0.000000e+00
    outer loop
      vertex   -3.580718e+01 -1.876500e+01 -6.000000e+00
      vertex   -3.580718e+01 -1.876500e+01 -8.266667e+00
      vertex   -3.574825e+01 -1.889138e+01 -6.000000e+00
    endloop
  endfacet
  facet normal -9.063078e-01 -4.226183e-01 -0.000000e+00
    outer loop
      vertex   -3.574825e+01 -1.889138e+01 -6.000000e+00
      vertex   -3.580718e+01 -1.876500e+01 -8.266667e+00
      vertex   -3.574825e+01 -1.889138e+01 -8.266667e+00
    endloop
  endfacet
  facet normal -9.659258e-01 -2.588190e-01 -0.000000e+00
    outer loop
      vertex   -3.574825e+01 -1.889138e+01 -6.000000e+00
      vertex   -3.574825e+01 -1.889138e+01 -8.266667e+00
      vertex   -3.571215e+01 -1.902608e+01 -6.000000e+00
    endloop
  endfacet
  facet normal -9.659258e-01 -2.588190e-01 -0.000000e+00
    outer loop
      vertex   -3.571215e+01 -1.902608e+01 -6.000000e+00
      vertex   -3.574825e+01 -1.889138e+01 -8.266667e+00
      vertex   -3.571215e+01 -1.902608e+01 -8.266667e+00
    endloop
  endfacet
  facet normal -9.961947e-01 -8.715574e-02 -0.000000e+00
    outer loop
      vertex   -3.571215e+01 -1.902608e+01 -6.000000e+00
      vertex   -3.571215e+01 -1.902608e+01 -8.266667e+00
      vertex   -3.570000e+01 -1.916500e+01 -6.000000e+00
    endloop
  endfacet
  facet normal -9.961947e-01 -8.715574e-02 -0.000000e+00
    outer loop
      vertex   -3.570000e+01 -1.916500e+01 -6.000000e+00
      vertex   -3.571215e+01 -1.902608e+01 -8.266667e+00
      vertex   -3.570000e+01 -1.916500e+01 -8.266667e+00
    endloop
  endfacet
  facet normal -9.961947e-01 8.715574e-02 0.000000e+00
    outer loop
      vertex   -3.570000e+01 -1.916500e+01 -6.000000e+00
      vertex   -3.570000e+01 -1.916500e+01 -8.266667e+00
      vertex   -3.571215e+01 -1.930392e+01 -6.000000e+00
    endloop
  endfacet
  facet normal -9.961947e-01 8.715574e-02 0.000000e+00
    outer loop
      vertex   -3.571215e+01 -1.930392e+01 -6.000000e+00
      vertex   -3.570000e+01 -1.916500e+01 -8.266667e+00
      vertex   -3.571215e+01 -1.930392e+01 -8.266667e+00
    endloop
  endfacet
  facet normal -9.659258e-01 2.588190e-01 0.000000e+00
    outer loop
      vertex   -3.571215e+01 -1.930392e+01 -6.000000e+00
      vertex   -3.571215e+01 -1.930392e+01 -8.266667e+00
      vertex   -3.574825e+01 -1.943862e+01 -6.000000e+00
    endloop
  endfacet
  facet normal -9.659258e-01 2.588190e-01 0.000000e+00
    outer loop
      vertex   -3.574825e+01 -1.943862e+01 -6.000000e+00
      vertex   -3.571215e+01 -1.930392e+01 -8.266667e+00
      vertex   -3.574825e+01 -1.943862e+01 -8.266667e+00
    endloop
  endfacet
  facet normal -9.063078e-01 4.226183e-01 0.000000e+00
    outer loop
      vertex   -3.574825e+01 -1.943862e+01 -6.000000e+00
      vertex   -3.574825e+01 -1.943862e+01 -8.266667e+00
      vertex   -3.580718e+01 -1.956500e+01 -6.000000e+00
    endloop
  endfacet
  facet normal -9.063078e-01 4.226183e-01 0.000000e+00
    outer loop
      vertex   -3.580718e+01 -1.956500e+01 -6.000000e+00
      vertex   -3.574825e+01 -1.943862e+01 -8.266667e+00
      vertex   -3.580718e+01 -1.956500e+01 -8.266667e+00
    endloop
  endfacet
  facet normal -8.191520e-01 5.735764e-01 0.000000e+00
    outer loop
      vertex   -3.580718e+01 -1.956500e+01 -6.000000e+00
      vertex   -3.580718e+01 -1.956500e+01 -8.266667e+00
      vertex   -3.588716e+01 -1.967923e+01 -6.000000e+00
    endloop
  endfacet
  facet normal -8.191520e-01 5.735764e-01 0.000000e+00
    outer loop
      vertex   -3.588716e+01 -1.967923e+01 -6.000000e+00
      vertex   -3.580718e+01 -1.956500e+01 -8.266667e+00
      vertex   -3.588716e+01 -1.967923e+01 -8.266667e+00
    endloop
  endfacet
  facet normal -7.071068e-01 7.071068e-01 0.000000e+00
    outer loop
      vertex   -3.588716e+01 -1.967923e+01 -6.000000e+00
      vertex   -3.588716e+01 -1.967923e+01 -8.266667e+00
      vertex   -3.598577e+01 -1.977784e+01 -6.000000e+00
    endloop
  endfacet
  facet normal -7.071068e-01 7.071068e-01 0.000000e+00
    outer loop
      vertex   -3.598577e+01 -1.977784e+01 -6.000000e+00
      vertex   -3.588716e+01 -1.967923e+01 -8.266667e+00
      vertex   -3.598577e+01 -1.977784e+01 -8.266667e+00
    endloop
  endfacet
  facet normal -5.735764e-01 8.191520e-01 0.000000e+00
    outer loop
      vertex   -3.598577e+01 -1.977784e+01 -6.000000e+00
      vertex   -3.598577e+01 -1.977784e+01 -8.266667e+00
      vertex   -3.610000e+01 -1.985782e+01 -6.000000e+00
    endloop
  endfacet
  facet normal -5.735764e-01 8.191520e-01 0.000000e+00
    outer loop
      vertex   -3.610000e+01 -1.985782e+01 -6.000000e+00
      vertex   -3.598577e+01 -1.977784e+01 -8.266667e+00
      vertex   -3.610000e+01 -1.985782e+01 -8.266667e+00
    endloop
  endfacet
  facet normal -4.226183e-01 9.063078e-01 0.000000e+00
    outer loop
      vertex   -3.610000e+01 -1.985782e+01 -6.000000e+00
      vertex   -3.610000e+01 -1.985782e+01 -8.266667e+00
      vertex   -3.622638e+01 -1.991675e+01 -6.000000e+00
    endloop
  endfacet
  facet normal -4.226183e-01 9.063078e-01 0.000000e+00
    outer loop
      vertex   -3.622638e+01 -1.991675e+01 -6.000000e+00
      vertex   -3.610000e+01 -1.985782e+01 -8.266667e+00
      vertex   -3.622638e+01 -1.991675e+01 -8.266667e+00
    endloop
  endfacet
  facet normal -2.588190e-01 9.659258e-01 0.000000e+00
    outer loop
      vertex   -3.622638e+01 -1.991675e+01 -6.000000e+00
      vertex   -3.622638e+01 -1.991675e+01 -8.266667e+00
      vertex   -3.636108e+01 -1.995285e+01 -6.000000e+00
    endloop
  endfacet
  facet normal -2.588190e-01 9.659258e-01 0.000000e+00
    outer loop
      vertex   -3.636108e+01 -1.995285e+01 -6.000000e+00
      vertex   -3.622638e+01 -1.991675e+01 -8.266667e+00
      vertex   -3.636108e+01 -1.995285e+01 -8.266667e+00
    endloop
  endfacet
  facet normal -8.715574e-02 9.961947e-01 0.000000e+00
    outer loop
      vertex   -3.636108e+01 -1.995285e+01 -6.000000e+00
      vertex   -3.636108e+01 -1.995285e+01 -8.266667e+00
      vertex   -3.650000e+01 -1.996500e+01 -6.000000e+00
    endloop
  endfacet
  facet normal -8.715574e-02 9.961947e-01 0.000000e+00
    outer loop
      vertex   -3.650000e+01 -1.996500e+01 -6.000000e+00
      vertex   -3.636108e+01 -1.995285e+01 -8.266667e+00
      vertex   -3.650000e+01 -1.996500e+01 -8.266667e+00
    endloop
  endfacet
  facet normal 8.715574e-02 9.961947e-01 0.000000e+00
    outer loop
      vertex   -3.650000e+01 -1.996500e+01 -6.000000e+00
      vertex   -3.650000e+01 -1.996500e+01 -8.266667e+00
      vertex   -3.663892e+01 -1.995285e+01 -6.000000e+00
    endloop
  endfacet
  facet normal 8.715574e-02 9.961947e-01 0.000000e+00
    outer loop
      vertex   -3.663892e+01 -1.995285e+01 -6.000000e+00
      vertex   -3.650000e+01 -1.996500e+01 -8.266667e+00
      vertex   -3.663892e+01 -1.995285e+01 -8.266667e+00
    endloop
  endfacet
  facet normal 2.588190e-01 9.659258e-01 0.000000e+00
    outer loop
      vertex   -3.663892e+01 -1.995285e+01 -6.000000e+00
      vertex   -3.663892e+01 -1.995285e+01 -8.266667e+00
      vertex   -3.677362e+01 -1.991675e+01 -6.000000e+00
    endloop
  endfacet
  facet normal 2.588190e-01 9.659258e-01 0.000000e+00
    outer loop
      vertex   -3.677362e+01 -1.991675e+01 -6.000000e+00
      vertex   -3.663892e+01 -1.995285e+01 -8.266667e+00
      vertex   -3.677362e+01 -1.991675e+01 -8.266667e+00
    endloop
  endfacet
  facet normal 4.226183e-01 9.063078e-01 0.000000e+00
    outer loop
      vertex   -3.677362e+01 -1.991675e+01 -6.000000e+00
      vertex   -3.677362e+01 -1.991675e+01 -8.266667e+00
      vertex   -3.690000e+01 -1.985782e+01 -6.000000e+00
    endloop
  endfacet
  facet normal 4.226183e-01 9.063078e-01 0.000000e+00
    outer loop
      vertex   -3.690000e+01 -1.985782e+01 -6.000000e+00
      vertex   -3.677362e+01 -1.991675e+01 -8.266667e+00
      vertex   -3.690000e+01 -1.985782e+01 -8.266667e+00
    endloop
  endfacet
  facet normal 5.735764e-01 8.191520e-01 0.000000e+00
    outer loop
      vertex   -3.690000e+01 -1.985782e+01 -6.000000e+00
      vertex   -3.690000e+01 -1.985782e+01 -8.266667e+00
      vertex   -3.701423e+01 -1.977784e+01 -6.000000e+00
    endloop
  endfacet
  facet normal 5.735764e-01 8.191520e-01 0.000000e+00
    outer loop
      vertex   -3.701423e+01 -1.977784e+01 -6.000000e+00
      vertex   -3.690000e+01 -1.985782e+01 -8.266667e+00
      vertex   -3.701423e+01 -1.977784e+01 -8.266667e+00
    endloop
  endfacet
  facet normal 7.071068e-01 7.071068e-01 0.000000e+00
    outer loop
      vertex   -3.701423e+01 -1.977784e+01 -6.000000e+00
      vertex   -3.701423e+01 -1.977784e+01 -8.266667e+00
      vertex   -3.711284e+01 -1.967923e+01 -6.000000e+00
    endloop
  endfacet
  facet normal 7.071068e-01 7.071068e-01 0.000000e+00
    outer loop
      vertex   -3.711284e+01 -1.967923e+01 -6.000000e+00
      vertex   -3.701423e+01 -1.977784e+01 -8.266667e+00
      vertex   -3.711284e+01 -1.967923e+01 -8.266667e+00
    endloop
  endfacet
  facet normal 8.191520e-01 5.735764e-01 0.000000e+00
    outer loop
      vertex   -3.711284e+01 -1.967923e+01 -6.000000e+00
      vertex   -3.711284e+01 -1.967923e+01 -8.266667e+00
      vertex   -3.719282e+01 -1.956500e+01 -6.000000e+00
    endloop
  endfacet
  facet normal 8.191520e-01 5.735764e-01 0.000000e+00
    outer loop
      vertex   -3.719282e+01 -1.956500e+01 -6.000000e+00
      vertex   -3.711284e+01 -1.967923e+01 -8.266667e+00
      vertex   -3.719282e+01 -1.956500e+01 -8.266667e+00
    endloop
  endfacet
  facet normal 9.063078e-01 4.226183e-01 0.000000e+00
    outer loop
      vertex   -3.719282e+01 -1.956500e+01 -6.000000e+00
      vertex   -3.719282e+01 -1.956500e+01 -8.266667e+00
      vertex   -3.725175e+01 -1.943862e+01 -6.000000e+00
    endloop
  endfacet
  facet normal 9.063078e-01 4.226183e-01 0.000000e+00
    outer loop
      vertex   -3.725175e+01 -1.943862e+01 -6.000000e+00
      vertex   -3.719282e+01 -1.956500e+01 -8.266667e+00
      vertex   -3.725175e+01 -1.943862e+01 -8.266667e+00
    endloop
  endfacet
  facet normal 9.659258e-01 2.588190e-01 0.000000e+00
    outer loop
      vertex   -3.725175e+01 -1.943862e+01 -6.000000e+00
      vertex   -3.725175e+01 -1.943862e+01 -8.266667e+00
      vertex   -3.728785e+01 -1.930392e+01 -6.000000e+00
    endloop
  endfacet
  facet normal 9.659258e-01 2.588190e-01 0.000000e+00
    outer loop
      vertex   -3.728785e+01 -1.930392e+01 -6.000000e+00
      vertex   -3.725175e+01 -1.943862e+01 -8.266667e+00
      vertex   -3.728785e+01 -1.930392e+01 -8.266667e+00
    endloop
  endfacet
  facet normal 9.961947e-01 8.715574e-02 -0.000000e+00
    outer loop
      vertex   -3.730000e+01 -1.916500e+01 -1.053333e+01
      vertex   -3.730000e+01 -1.916500e+01 -8.266667e+00
      vertex   -3.728785e+01 -1.930392e+01 -1.053333e+01
    endloop
  endfacet
  facet normal 9.961947e-01 8.715574e-02 -0.000000e+00
    outer loop
      vertex   -3.728785e+01 -1.930392e+01 -1.053333e+01
      vertex   -3.730000e+01 -1.916500e+01 -8.266667e+00
      vertex   -3.728785e+01 -1.930392e+01 -8.266667e+00
    endloop
  endfacet
  facet normal 9.659258e-01 2.588190e-01 -0.000000e+00
    outer loop
      vertex   -3.728785e+01 -1.930392e+01 -1.053333e+01
      vertex   -3.728785e+01 -1.930392e+01 -8.266667e+00
      vertex   -3.725175e+01 -1.943862e+01 -1.053333e+01
    endloop
  endfacet
  facet normal 9.659258e-01 2.588190e-01 -0.000000e+00
    outer loop
      vertex   -3.725175e+01 -1.943862e+01 -1.053333e+01
      vertex   -3.728785e+01 -1.930392e+01 -8.266667e+00
      vertex   -3.725175e+01 -1.943862e+01 -8.266667e+00
    endloop
  endfacet
  facet normal 9.063078e-01 4.226183e-01 -0.000000e+00
    outer loop
      vertex   -3.725175e+01 -1.943862e+01 -1.053333e+01
      vertex   -3.725175e+01 -1.943862e+01 -8.266667e+00
      vertex   -3.719282e+01 -1.956500e+01 -1.053333e+01
    endloop
  endfacet
  facet normal 9.063078e-01 4.226183e-01 -0.000000e+00
    outer loop
      vertex   -3.719282e+01 -1.956500e+01 -1.053333e+01
      vertex   -3.725175e+01 -1.943862e+01 -8.266667e+00
      vertex   -3.719282e+01 -1.956500e+01 -8.266667e+00
    endloop
  endfacet
  facet normal 8.191520e-01 5.735764e-01 -0.000000e+00
    outer loop
      vertex   -3.719282e+01 -1.956500e+01 -1.053333e+01
      vertex   -3.719282e+01 -1.956500e+01 -8.266667e+00
      vertex   -3.711284e+01 -1.967923e+01 -1.053333e+01
    endloop
  endfacet
  facet normal 8.191520e-01 5.735764e-01 -0.000000e+00
    outer loop
      vertex   -3.711284e+01 -1.967923e+01 -1.053333e+01
      vertex   -3.719282e+01 -1.956500e+01 -8.266667e+00
      vertex   -3.711284e+01 -1.967923e+01 -8.266667e+00
    endloop
  endfacet
  facet normal 7.071068e-01 7.071068e-01 -0.000000e+00
    outer loop
      vertex   -3.711284e+01 -1.967923e+01 -1.053333e+01
      vertex   -3.711284e+01 -1.967923e+01 -8.266667e+00
      vertex   -3.701423e+01 -1.977784e+01 -1.053333e+01
    endloop
  endfacet
  facet normal 7.071068e-01 7.071068e-01 -0.000000e+00
    outer loop
      vertex   -3.701423e+01 -1.977784e+01 -1.053333e+01
      vertex   -3.711284e+01 -1.967923e+01 -8.266667e+00
      vertex   -3.701423e+01 -1.977784e+01 -8.266667e+00
    endloop
  endfacet
  facet normal 5.735764e-01 8.191520e-01 -0.000000e+00
    outer loop
      vertex   -3.701423e+01 -1.977784e+01 -1.053333e+01
      vertex   -3.701423e+01 -1.977784e+01 -8.266667e+00
      vertex   -3.690000e+01 -1.985782e+01 -1.053333e+01
    endloop
  endfacet
  facet normal 5.735764e-01 8.191520e-01 -0.000000e+00
    outer loop
      vertex   -3.690000e+01 -1.985782e+01 -1.053333e+01
      vertex   -3.701423e+01 -1.977784e+01 -8.266667e+00
      vertex   -3.690000e+01 -1.985782e+01 -8.266667e+00
    endloop
  endfacet
  facet normal 4.226183e-01 9.063078e-01 -0.000000e+00
    outer loop
      vertex   -3.690000e+01 -1.985782e+01 -1.053333e+01
      vertex   -3.690000e+01 -1.985782e+01 -8.266667e+00
      vertex   -3.677362e+01 -1.991675e+01 -1.053333e+01
    endloop
  endfacet
  facet normal 4.226183e-01 9.063078e-01 -0.000000e+00
    outer loop
      vertex   -3.677362e+01 -1.991675e+01 -1.053333e+01
      vertex   -3.690000e+01 -1.985782e+01 -8.266667e+00
      vertex   -3.677362e+01 -1.991675e+01 -8.266667e+00
    endloop
  endfacet
  facet normal 2.588190e-01 9.659258e-01 -0.000000e+00
    outer loop
      vertex   -3.677362e+01 -1.991675e+01 -1.053333e+01
      vertex   -3.677362e+01 -1.991675e+01 -8.266667e+00
      vertex   -3.663892e+01 -1.995285e+01 -1.053333e+01
    endloop
  endfacet
  facet normal 2.588190e-01 9.659258e-01 -0.000000e+00
    outer loop
      vertex   -3.663892e+01 -1.995285e+01 -1.053333e+01
      vertex   -3.677362e+01 -1.991675e+01 -8.266667e+00
      vertex   -3.663892e+01 -1.995285e+01 -8.266667e+00
    endloop
  endfacet
  facet normal 8.715574e-02 9.961947e-01 -0.000000e+00
    outer loop
      vertex   -3.663892e+01 -1.995285e+01 -1.053333e+01
      vertex   -3.663892e+01 -1.995285e+01 -8.266667e+00
      vertex   -3.650000e+01 -1.996500e+01 -1.053333e+01
    endloop
  endfacet
  facet normal 8.715574e-02 9.961947e-01 -0.000000e+00
    outer loop
      vertex   -3.650000e+01 -1.996500e+01 -1.053333e+01
      vertex   -3.663892e+01 -1.995285e+01 -8.266667e+00
      vertex   -3.650000e+01 -1.996500e+01 -8.266667e+00
    endloop
  endfacet
  facet normal -8.715574e-02 9.961947e-01 0.000000e+00
    outer loop
      vertex   -3.650000e+01 -1.996500e+01 -1.053333e+01
      vertex   -3.650000e+01 -1.996500e+01 -8.266667e+00
      vertex   -3.636108e+01 -1.995285e+01 -1.053333e+01
    endloop
  endfacet
  facet normal -8.715574e-02 9.961947e-01 0.000000e+00
    outer loop
      vertex   -3.636108e+01 -1.995285e+01 -1.053333e+01
      vertex   -3.650000e+01 -1.996500e+01 -8.266667e+00
      vertex   -3.636108e+01 -1.995285e+01 -8.266667e+00
    endloop
  endfacet
  facet normal -2.588190e-01 9.659258e-01 0.000000e+00
    outer loop
      vertex   -3.636108e+01 -1.995285e+01 -1.053333e+01
      vertex   -3.636108e+01 -1.995285e+01 -8.266667e+00
      vertex   -3.622638e+01 -1.991675e+01 -1.053333e+01
    endloop
  endfacet
  facet normal -2.588190e-01 9.659258e-01 0.000000e+00
    outer loop
      vertex   -3.622638e+01 -1.991675e+01 -1.053333e+01
      vertex   -3.636108e+01 -1.995285e+01 -8.266667e+00
      vertex   -3.622638e+01 -1.991675e+01 -8.266667e+00
    endloop
  endfacet
  facet normal -4.226183e-01 9.063078e-01 0.000000e+00
    outer loop
      vertex   -3.622638e+01 -1.991675e+01 -1.053333e+01
      vertex   -3.622638e+01 -1.991675e+01 -8.266667e+00
      vertex   -3.610000e+01 -1.985782e+01 -1.053333e+01
    endloop
  endfacet
  facet normal -4.226183e-01 9.063078e-01 0.000000e+00
    outer loop
      vertex   -3.610000e+01 -1.985782e+01 -1.053333e+01
      vertex   -3.622638e+01 -1.991675e+01 -8.266667e+00
      vertex   -3.610000e+01 -1.985782e+01 -8.266667e+00
    endloop
  endfacet
  facet normal -5.735764e-01 8.191520e-01 0.000000e+00
    outer loop
      vertex   -3.610000e+01 -1.985782e+01 -1.053333e+01
      vertex   -3.610000e+01 -1.985782e+01 -8.266667e+00
      vertex   -3.598577e+01 -1.977784e+01 -1.053333e+01
    endloop
  endfacet
  facet normal -5.735764e-01 8.191520e-01 0.000000e+00
    outer loop
      vertex   -3.598577e+01 -1.977784e+01 -1.053333e+01
      vertex   -3.610000e+01 -1.985782e+01 -8.266667e+00
      vertex   -3.598577e+01 -1.977784e+01 -8.266667e+00
    endloop
  endfacet
  facet normal -7.071068e-01 7.071068e-01 0.000000e+00
    outer loop
      vertex   -3.598577e+01 -1.977784e+01 -1.053333e+01
      vertex   -3.598577e+01 -1.977784e+01 -8.266667e+00
      vertex   -3.588716e+01 -1.967923e+01 -1.053333e+01
    endloop
  endfacet
  facet normal -7.071068e-01 7.071068e-01 0.000000e+00
    outer loop
      vertex   -3.588716e+01 -1.967923e+01 -1.053333e+01
      vertex   -3.598577e+01 -1.977784e+01 -8.266667e+00
      vertex   -3.588716e+01 -1.967923e+01 -8.266667e+00
    endloop
  endfacet
  facet normal -8.191520e-01 5.735764e-01 0.000000e+00
    outer loop
      vertex   -3.588716e+01 -1.967923e+01 -1.053333e+01
      vertex   -3.588716e+01 -1.967923e+01 -8.266667e+00
      vertex   -3.580718e+01 -1.956500e+01 -1.053333e+01
    endloop
  endfacet
  facet normal -8.191520e-01 5.735764e-01 0.000000e+00
    outer loop
      vertex   -3.580718e+01 -1.956500e+01 -1.053333e+01
      vertex   -3.588716e+01 -1.967923e+01 -8.266667e+00
      vertex   -3.580718e+01 -1.956500e+01 -8.266667e+00
    endloop
  endfacet
  facet normal -9.063078e-01 4.226183e-01 0.000000e+00
    outer loop
      vertex   -3.580718e+01 -1.956500e+01 -1.053333e+01
      vertex   -3.580718e+01 -1.956500e+01 -8.266667e+00
      vertex   -3.574825e+01 -1.943862e+01 -1.053333e+01
    endloop
  endfacet
  facet normal -9.063078e-01 4.226183e-01 0.000000e+00
    outer loop
      vertex   -3.574825e+01 -1.943862e+01 -1.053333e+01
      vertex   -3.580718e+01 -1.956500e+01 -8.266667e+00
      vertex   -3.574825e+01 -1.943862e+01 -8.266667e+00
    endloop
  endfacet
  facet normal -9.659258e-01 2.588190e-01 0.000000e+00
    outer loop
      vertex   -3.574825e+01 -1.943862e+01 -1.053333e+01
      vertex   -3.574825e+01 -1.943862e+01 -8.266667e+00
      vertex   -3.571215e+01 -1.930392e+01 -1.053333e+01
    endloop
  endfacet
  facet normal -9.659258e-01 2.588190e-01 0.000000e+00
    outer loop
      vertex   -3.571215e+01 -1.930392e+01 -1.053333e+01
      vertex   -3.574825e+01 -1.943862e+01 -8.266667e+00
      vertex   -3.571215e+01 -1.930392e+01 -8.266667e+00
    endloop
  endfacet
  facet normal -9.961947e-01 8.715574e-02 0.000000e+00
    outer loop
      vertex   -3.571215e+01 -1.930392e+01 -1.053333e+01
      vertex   -3.571215e+01 -1.930392e+01 -8.266667e+00
      vertex   -3.570000e+01 -1.916500e+01 -1.053333e+01
    endloop
  endfacet
  facet normal -9.961947e-01 8.715574e-02 0.000000e+00
    outer loop
      vertex   -3.570000e+01 -1.916500e+01 -1.053333e+01
      vertex   -3.571215e+01 -1.930392e+01 -8.266667e+00
      vertex   -3.570000e+01 -1.916500e+01 -8.266667e+00
    endloop
  endfacet
  facet normal -9.961947e-01 -8.715574e-02 0.000000e+00
    outer loop
      vertex   -3.570000e+01 -1.916500e+01 -1.053333e+01
      vertex   -3.570000e+01 -1.916500e+01 -8.266667e+00
      vertex   -3.571215e+01 -1.902608e+01 -1.053333e+01
    endloop
  endfacet
  facet normal -9.961947e-01 -8.715574e-02 0.000000e+00
    outer loop
      vertex   -3.571215e+01 -1.902608e+01 -1.053333e+01
      vertex   -3.570000e+01 -1.916500e+01 -8.266667e+00
      vertex   -3.571215e+01 -1.902608e+01 -8.266667e+00
    endloop
  endfacet
  facet normal -9.659258e-01 -2.588190e-01 0.000000e+00
    outer loop
      vertex   -3.571215e+01 -1.902608e+01 -1.053333e+01
      vertex   -3.571215e+01 -1.902608e+01 -8.266667e+00
      vertex   -3.574825e+01 -1.889138e+01 -1.053333e+01
    endloop
  endfacet
  facet normal -9.659258e-01 -2.588190e-01 0.000000e+00
    outer loop
      vertex   -3.574825e+01 -1.889138e+01 -1.053333e+01
      vertex   -3.571215e+01 -1.902608e+01 -8.266667e+00
      vertex   -3.574825e+01 -1.889138e+01 -8.266667e+00
    endloop
  endfacet
  facet normal -9.063078e-01 -4.226183e-01 0.000000e+00
    outer loop
      vertex   -3.574825e+01 -1.889138e+01 -1.053333e+01
      vertex   -3.574825e+01 -1.889138e+01 -8.266667e+00
      vertex   -3.580718e+01 -1.876500e+01 -1.053333e+01
    endloop
  endfacet
  facet normal -9.063078e-01 -4.226183e-01 0.000000e+00
    outer loop
      vertex   -3.580718e+01 -1.876500e+01 -1.053333e+01
      vertex   -3.574825e+01 -1.889138e+01 -8.266667e+00
      vertex   -3.580718e+01 -1.876500e+01 -8.266667e+00
    endloop
  endfacet
  facet normal -8.191520e-01 -5.735764e-01 0.000000e+00
    outer loop
      vertex   -3.580718e+01 -1.876500e+01 -1.053333e+01
      vertex   -3.580718e+01 -1.876500e+01 -8.266667e+00
      vertex   -3.588716e+01 -1.865077e+01 -1.053333e+01
    endloop
  endfacet
  facet normal -8.191520e-01 -5.735764e-01 0.000000e+00
    outer loop
      vertex   -3.588716e+01 -1.865077e+01 -1.053333e+01
      vertex   -3.580718e+01 -1.876500e+01 -8.266667e+00
      vertex   -3.588716e+01 -1.865077e+01 -8.266667e+00
    endloop
  endfacet
  facet normal -7.071068e-01 -7.071068e-01 0.000000e+00
    outer loop
      vertex   -3.588716e+01 -1.865077e+01 -1.053333e+01
      vertex   -3.588716e+01 -1.865077e+01 -8.266667e+00
      vertex   -3.598577e+01 -1.855216e+01 -1.053333e+01
    endloop
  endfacet
  facet normal -7.071068e-01 -7.071068e-01 0.000000e+00
    outer loop
      vertex   -3.598577e+01 -1.855216e+01 -1.053333e+01
      vertex   -3.588716e+01 -1.865077e+01 -8.266667e+00
      vertex   -3.598577e+01 -1.855216e+01 -8.266667e+00
    endloop
  endfacet
  facet normal -5.735764e-01 -8.191520e-01 0.000000e+00
    outer loop
      vertex   -3.598577e+01 -1.855216e+01 -1.053333e+01
      vertex   -3.598577e+01 -1.855216e+01 -8.266667e+00
      vertex   -3.610000e+01 -1.847218e+01 -1.053333e+01
    endloop
  endfacet
  facet normal -5.735764e-01 -8.191520e-01 0.000000e+00
    outer loop
      vertex   -3.610000e+01 -1.847218e+01 -1.053333e+01
      vertex   -3.598577e+01 -1.855216e+01 -8.266667e+00
      vertex   -3.610000e+01 -1.847218e+01 -8.266667e+00
    endloop
  endfacet
  facet normal -4.226183e-01 -9.063078e-01 0.000000e+00
    outer loop
      vertex   -3.610000e+01 -1.847218e+01 -1.053333e+01
      vertex   -3.610000e+01 -1.847218e+01 -8.266667e+00
      vertex   -3.622638e+01 -1.841325e+01 -1.053333e+01
    endloop
  endfacet
  facet normal -4.226183e-01 -9.063078e-01 0.000000e+00
    outer loop
      vertex   -3.622638e+01 -1.841325e+01 -1.053333e+01
      vertex   -3.610000e+01 -1.847218e+01 -8.266667e+00
      vertex   -3.622638e+01 -1.841325e+01 -8.266667e+00
    endloop
  endfacet
  facet normal -2.588190e-01 -9.659258e-01 0.000000e+00
    outer loop
      vertex   -3.622638e+01 -1.841325e+01 -1.053333e+01
      vertex   -3.622638e+01 -1.841325e+01 -8.266667e+00
      vertex   -3.636108e+01 -1.837715e+01 -1.053333e+01
    endloop
  endfacet
  facet normal -2.588190e-01 -9.659258e-01 0.000000e+00
    outer loop
      vertex   -3.636108e+01 -1.837715e+01 -1.053333e+01
      vertex   -3.622638e+01 -1.841325e+01 -8.266667e+00
      vertex   -3.636108e+01 -1.837715e+01 -8.266667e+00
    endloop
  endfacet
  facet normal -8.715574e-02 -9.961947e-01 0.000000e+00
    outer loop
      vertex   -3.636108e+01 -1.837715e+01 -1.053333e+01
      vertex   -3.636108e+01 -1.837715e+01 -8.266667e+00
      vertex   -3.650000e+01 -1.836500e+01 -1.053333e+01
    endloop
  endfacet
  facet normal -8.715574e-02 -9.961947e-01 0.000000e+00
    outer loop
      vertex   -3.650000e+01 -1.836500e+01 -1.053333e+01
      vertex   -3.636108e+01 -1.837715e+01 -8.266667e+00
      vertex   -3.650000e+01 -1.836500e+01 -8.266667e+00
    endloop
  endfacet
  facet normal 8.715574e-02 -9.961947e-01 0.000000e+00
    outer loop
      vertex   -3.650000e+01 -1.836500e+01 -1.053333e+01
      vertex   -3.650000e+01 -1.836500e+01 -8.266667e+00
      vertex   -3.663892e+01 -1.837715e+01 -1.053333e+01
    endloop
  endfacet
  facet normal 8.715574e-02 -9.961947e-01 0.000000e+00
    outer loop
      vertex   -3.663892e+01 -1.837715e+01 -1.053333e+01
      vertex   -3.650000e+01 -1.836500e+01 -8.266667e+00
      vertex   -3.663892e+01 -1.837715e+01 -8.266667e+00
    endloop
  endfacet
  facet normal 2.588190e-01 -9.659258e-01 0.000000e+00
    outer loop
      vertex   -3.663892e+01 -1.837715e+01 -1.053333e+01
      vertex   -3.663892e+01 -1.837715e+01 -8.266667e+00
      vertex   -3.677362e+01 -1.841325e+01 -1.053333e+01
    endloop
  endfacet
  facet normal 2.588190e-01 -9.659258e-01 0.000000e+00
    outer loop
      vertex   -3.677362e+01 -1.841325e+01 -1.053333e+01
      vertex   -3.663892e+01 -1.837715e+01 -8.266667e+00
      vertex   -3.677362e+01 -1.841325e+01 -8.266667e+00
    endloop
  endfacet
  facet normal 4.226183e-01 -9.063078e-01 0.000000e+00
    outer loop
      vertex   -3.677362e+01 -1.841325e+01 -1.053333e+01
      vertex   -3.677362e+01 -1.841325e+01 -8.266667e+00
      vertex   -3.690000e+01 -1.847218e+01 -1.053333e+01
    endloop
  endfacet
  facet normal 4.226183e-01 -9.063078e-01 0.000000e+00
    outer loop
      vertex   -3.690000e+01 -1.847218e+01 -1.053333e+01
      vertex   -3.677362e+01 -1.841325e+01 -8.266667e+00
      vertex   -3.690000e+01 -1.847218e+01 -8.266667e+00
    endloop
  endfacet
  facet normal 5.735764e-01 -8.191520e-01 0.000000e+00
    outer loop
      vertex   -3.690000e+01 -1.847218e+01 -1.053333e+01
      vertex   -3.690000e+01 -1.847218e+01 -8.266667e+00
      vertex   -3.701423e+01 -1.855216e+01 -1.053333e+01
    endloop
  endfacet
  facet normal 5.735764e-01 -8.191520e-01 0.000000e+00
    outer loop
      vertex   -3.701423e+01 -1.855216e+01 -1.053333e+01
      vertex   -3.690000e+01 -1.847218e+01 -8.266667e+00
      vertex   -3.701423e+01 -1.855216e+01 -8.266667e+00
    endloop
  endfacet
  facet normal 7.071068e-01 -7.071068e-01 0.000000e+00
    outer loop
      vertex   -3.701423e+01 -1.855216e+01 -1.053333e+01
      vertex   -3.701423e+01 -1.855216e+01 -8.266667e+00
      vertex   -3.711284e+01 -1.865077e+01 -1.053333e+01
    endloop
  endfacet
  facet normal 7.071068e-01 -7.071068e-01 0.000000e+00
    outer loop
      vertex   -3.711284e+01 -1.865077e+01 -1.053333e+01
      vertex   -3.701423e+01 -1.855216e+01 -8.266667e+00
      vertex   -3.711284e+01 -1.865077e+01 -8.266667e+00
    endloop
  endfacet
  facet normal 8.191520e-01 -5.735764e-01 0.000000e+00
    outer loop
      vertex   -3.711284e+01 -1.865077e+01 -1.053333e+01
      vertex   -3.711284e+01 -1.865077e+01 -8.266667e+00
      vertex   -3.719282e+01 -1.876500e+01 -1.053333e+01
    endloop
  endfacet
  facet normal 8.191520e-01 -5.735764e-01 0.000000e+00
    outer loop
      vertex   -3.719282e+01 -1.876500e+01 -1.053333e+01
      vertex   -3.711284e+01 -1.865077e+01 -8.266667e+00
      vertex   -3.719282e+01 -1.876500e+01 -8.266667e+00
    endloop
  endfacet
  facet normal 9.063078e-01 -4.226183e-01 0.000000e+00
    outer loop
      vertex   -3.719282e+01 -1.876500e+01 -1.053333e+01
      vertex   -3.719282e+01 -1.876500e+01 -8.266667e+00
      vertex   -3.725175e+01 -1.889138e+01 -1.053333e+01
    endloop
  endfacet
  facet normal 9.063078e-01 -4.226183e-01 0.000000e+00
    outer loop
      vertex   -3.725175e+01 -1.889138e+01 -1.053333e+01
      vertex   -3.719282e+01 -1.876500e+01 -8.266667e+00
      vertex   -3.725175e+01 -1.889138e+01 -8.266667e+00
    endloop
  endfacet
  facet normal 9.659258e-01 -2.588190e-01 0.000000e+00
    outer loop
      vertex   -3.725175e+01 -1.889138e+01 -1.053333e+01
      vertex   -3.725175e+01 -1.889138e+01 -8.266667e+00
      vertex   -3.728785e+01 -1.902608e+01 -1.053333e+01
    endloop
  endfacet
  facet normal 9.659258e-01 -2.588190e-01 0.000000e+00
    outer loop
      vertex   -3.728785e+01 -1.902608e+01 -1.053333e+01
      vertex   -3.725175e+01 -1.889138e+01 -8.266667e+00
      vertex   -3.728785e+01 -1.902608e+01 -8.266667e+00
    endloop
  endfacet
  facet normal 9.961947e-01 -8.715574e-02 0.000000e+00
    outer loop
      vertex   -3.728785e+01 -1.902608e+01 -1.053333e+01
      vertex   -3.728785e+01 -1.902608e+01 -8.266667e+00
      vertex   -3.730000e+01 -1.916500e+01 -1.053333e+01
    endloop
  endfacet
  facet normal 9.961947e-01 -8.715574e-02 0.000000e+00
    outer loop
      vertex   -3.730000e+01 -1.916500e+01 -1.053333e+01
      vertex   -3.728785e+01 -1.902608e+01 -8.266667e+00
      vertex   -3.730000e+01 -1.916500e+01 -8.266667e+00
    endloop
  endfacet
  facet normal -0.000000e+00 -0.000000e+00 1.000000e+00
    outer loop
      vertex   -3.338177e+01 -1.510838e+01 -1.080000e+01
      vertex   -3.220000e+01 -1.610000e+01 -1.080000e+01
      vertex   -3.340000e+01 -1.490000e+01 -1.080000e+01
    endloop
  endfacet
  facet normal 0.000000e+00 0.000000e+00 1.000000e+00
    outer loop
      vertex   -3.340000e+01 -1.490000e+01 -1.080000e+01
      vertex   -3.220000e+01 -1.610000e+01 -1.080000e+01
      vertex   2.203750e+01 -1.610000e+01 -1.080000e+01
    endloop
  endfacet
  facet normal -0.000000e+00 0.000000e+00 1.000000e+00
    outer loop
      vertex   -3.340000e+01 -1.490000e+01 -1.080000e+01
      vertex   2.203750e+01 -1.610000e+01 -1.080000e+01
      vertex   2.323750e+01 -1.490000e+01 -1.080000e+01
    endloop
  endfacet
  facet normal 0.000000e+00 0.000000e+00 1.000000e+00
    outer loop
      vertex   2.323750e+01 -1.490000e+01 -1.080000e+01
      vertex   2.203750e+01 -1.610000e+01 -1.080000e+01
      vertex   2.321927e+01 -1.510838e+01 -1.080000e+01
    endloop
  endfacet
  facet normal 0.000000e+00 0.000000e+00 1.000000e+00
    outer loop
      vertex   2.321927e+01 -1.510838e+01 -1.080000e+01
      vertex   2.203750e+01 -1.610000e+01 -1.080000e+01
      vertex   2.316513e+01 -1.531042e+01 -1.080000e+01
    endloop
  endfacet
  facet normal 0.000000e+00 0.000000e+00 1.000000e+00
    outer loop
      vertex   2.316513e+01 -1.531042e+01 -1.080000e+01
      vertex   2.203750e+01 -1.610000e+01 -1.080000e+01
      vertex   2.307673e+01 -1.550000e+01 -1.080000e+01
    endloop
  endfacet
  facet normal 0.000000e+00 0.000000e+00 1.000000e+00
    outer loop
      vertex   2.307673e+01 -1.550000e+01 -1.080000e+01
      vertex   2.203750e+01 -1.610000e+01 -1.080000e+01
      vertex   2.295675e+01 -1.567135e+01 -1.080000e+01
    endloop
  endfacet
  facet normal 0.000000e+00 0.000000e+00 1.000000e+00
    outer loop
      vertex   2.295675e+01 -1.567135e+01 -1.080000e+01
      vertex   2.203750e+01 -1.610000e+01 -1.080000e+01
      vertex   2.280885e+01 -1.581925e+01 -1.080000e+01
    endloop
  endfacet
  facet normal 0.000000e+00 0.000000e+00 1.000000e+00
    outer loop
      vertex   2.280885e+01 -1.581925e+01 -1.080000e+01
      vertex   2.203750e+01 -1.610000e+01 -1.080000e+01
      vertex   2.263750e+01 -1.593923e+01 -1.080000e+01
    endloop
  endfacet
  facet normal 0.000000e+00 0.000000e+00 1.000000e+00
    outer loop
      vertex   2.263750e+01 -1.593923e+01 -1.080000e+01
      vertex   2.203750e+01 -1.610000e+01 -1.080000e+01
      vertex   2.244792e+01 -1.602763e+01 -1.080000e+01
    endloop
  endfacet
  facet normal 0.000000e+00 0.000000e+00 1.000000e+00
    outer loop
      vertex   2.244792e+01 -1.602763e+01 -1.080000e+01
      vertex   2.203750e+01 -1.610000e+01 -1.080000e+01
      vertex   2.224588e+01 -1.608177e+01 -1.080000e+01
    endloop
  endfacet
  facet normal 0.000000e+00 0.000000e+00 1.000000e+00
    outer loop
      vertex   -3.338177e+01 -1.510838e+01 -1.080000e+01
      vertex   -3.332763e+01 -1.531042e+01 -1.080000e+01
      vertex   -3.220000e+01 -1.610000e+01 -1.080000e+01
    endloop
  endfacet
  facet normal 0.000000e+00 0.000000e+00 1.000000e+00
    outer loop
      vertex   -3.220000e+01 -1.610000e+01 -1.080000e+01
      vertex   -3.332763e+01 -1.531042e+01 -1.080000e+01
      vertex   -3.323923e+01 -1.550000e+01 -1.080000e+01
    endloop
  endfacet
  facet normal 0.000000e+00 0.000000e+00 1.000000e+00
    outer loop
      vertex   -3.220000e+01 -1.610000e+01 -1.080000e+01
      vertex   -3.323923e+01 -1.550000e+01 -1.080000e+01
      vertex   -3.311925e+01 -1.567135e+01 -1.080000e+01
    endloop
  endfacet
  facet normal 0.000000e+00 0.000000e+00 1.000000e+00
    outer loop
      vertex   -3.311925e+01 -1.567135e+01 -1.080000e+01
      vertex   -3.297135e+01 -1.581925e+01 -1.080000e+01
      vertex   -3.220000e+01 -1.610000e+01 -1.080000e+01
    endloop
  endfacet
  facet normal 0.000000e+00 0.000000e+00 1.000000e+00
    outer loop
      vertex   -3.220000e+01 -1.610000e+01 -1.080000e+01
      vertex   -3.297135e+01 -1.581925e+01 -1.080000e+01
      vertex   -3.280000e+01 -1.593923e+01 -1.080000e+01
    endloop
  endfacet
  facet normal 0.000000e+00 0.000000e+00 1.000000e+00
    outer loop
      vertex   -3.220000e+01 -1.610000e+01 -1.080000e+01
      vertex   -3.280000e+01 -1.593923e+01 -1.080000e+01
      vertex   -3.261042e+01 -1.602763e+01 -1.080000e+01
    endloop
  endfacet
  facet normal 0.000000e+00 0.000000e+00 1.000000e+00
    outer loop
      vertex   -3.261042e+01 -1.602763e+01 -1.080000e+01
      vertex   -3.240838e+01 -1.608177e+01 -1.080000e+01
      vertex   -3.220000e+01 -1.610000e+01 -1.080000e+01
    endloop
  endfacet
  facet normal 0.000000e+00 0.000000e+00 1.000000e+00
    outer loop
      vertex   -3.340000e+01 -1.490000e+01 -1.080000e+01
      vertex   2.323750e+01 -1.490000e+01 -1.080000e+01
      vertex   -3.340000e+01 2.582625e+01 -1.080000e+01
    endloop
  endfacet
  facet normal -0.000000e+00 0.000000e+00 1.000000e+00
    outer loop
      vertex   -3.340000e+01 2.582625e+01 -1.080000e+01
      vertex   2.323750e+01 -1.490000e+01 -1.080000e+01
      vertex   2.323750e+01 2.590000e+01 -1.080000e+01
    endloop
  endfacet
  facet normal 0.000000e+00 0.000000e+00 1.000000e+00
    outer loop
      vertex   -3.340000e+01 2.582625e+01 -1.080000e+01
      vertex   2.323750e+01 2.590000e+01 -1.080000e+01
      vertex   -3.340000e+01 2.710000e+01 -1.080000e+01
    endloop
  endfacet
  facet normal 0.000000e+00 0.000000e+00 1.000000e+00
    outer loop
      vertex   -3.340000e+01 2.710000e+01 -1.080000e+01
      vertex   2.323750e+01 2.590000e+01 -1.080000e+01
      vertex   2.325573e+01 2.610838e+01 -1.080000e+01
    endloop
  endfacet
  facet normal 0.000000e+00 0.000000e+00 1.000000e+00
    outer loop
      vertex   -3.340000e+01 2.710000e+01 -1.080000e+01
      vertex   2.325573e+01 2.610838e+01 -1.080000e+01
      vertex   2.330987e+01 2.631042e+01 -1.080000e+01
    endloop
  endfacet
  facet normal 0.000000e+00 -0.000000e+00 1.000000e+00
    outer loop
      vertex   2.330987e+01 2.631042e+01 -1.080000e+01
      vertex   2.339827e+01 2.650000e+01 -1.080000e+01
      vertex   -3.340000e+01 2.710000e+01 -1.080000e+01
    endloop
  endfacet
  facet normal 0.000000e+00 0.000000e+00 1.000000e+00
    outer loop
      vertex   -3.340000e+01 2.710000e+01 -1.080000e+01
      vertex   2.339827e+01 2.650000e+01 -1.080000e+01
      vertex   2.351825e+01 2.667135e+01 -1.080000e+01
    endloop
  endfacet
  facet normal 0.000000e+00 0.000000e+00 1.000000e+00
    outer loop
      vertex   -3.340000e+01 2.710000e+01 -1.080000e+01
      vertex   2.351825e+01 2.667135e+01 -1.080000e+01
      vertex   2.366615e+01 2.681925e+01 -1.080000e+01
    endloop
  endfacet
  facet normal 0.000000e+00 -0.000000e+00 1.000000e+00
    outer loop
      vertex   2.366615e+01 2.681925e+01 -1.080000e+01
      vertex   2.383750e+01 2.693923e+01 -1.080000e+01
      vertex   -3.340000e+01 2.710000e+01 -1.080000e+01
    endloop
  endfacet
  facet normal 0.000000e+00 0.000000e+00 1.000000e+00
    outer loop
      vertex   -3.340000e+01 2.710000e+01 -1.080000e+01
      vertex   2.383750e+01 2.693923e+01 -1.080000e+01
      vertex   2.402708e+01 2.702763e+01 -1.080000e+01
    endloop
  endfacet
  facet normal 0.000000e+00 0.000000e+00 1.000000e+00
    outer loop
      vertex   -3.340000e+01 2.710000e+01 -1.080000e+01
      vertex   2.402708e+01 2.702763e+01 -1.080000e+01
      vertex   2.422912e+01 2.708177e+01 -1.080000e+01
    endloop
  endfacet
  facet normal 0.000000e+00 -0.000000e+00 1.000000e+00
    outer loop
      vertex   2.422912e+01 2.708177e+01 -1.080000e+01
      vertex   2.443750e+01 2.710000e+01 -1.080000e+01
      vertex   -3.340000e+01 2.710000e+01 -1.080000e+01
    endloop
  endfacet
  facet normal -0.000000e+00 0.000000e+00 1.000000e+00
    outer loop
      vertex   -3.384998e+01 2.709079e+01 -1.080000e+01
      vertex   -3.380512e+01 2.672523e+01 -1.080000e+01
      vertex   -3.340000e+01 2.710000e+01 -1.080000e+01
    endloop
  endfacet
  facet normal 0.000000e+00 0.000000e+00 1.000000e+00
    outer loop
      vertex   -3.340000e+01 2.710000e+01 -1.080000e+01
      vertex   -3.380512e+01 2.672523e+01 -1.080000e+01
      vertex   -3.366497e+01 2.657840e+01 -1.080000e+01
    endloop
  endfacet
  facet normal 0.000000e+00 0.000000e+00 1.000000e+00
    outer loop
      vertex   -3.340000e+01 2.710000e+01 -1.080000e+01
      vertex   -3.366497e+01 2.657840e+01 -1.080000e+01
      vertex   -3.355158e+01 2.641004e+01 -1.080000e+01
    endloop
  endfacet
  facet normal -0.000000e+00 0.000000e+00 1.000000e+00
    outer loop
      vertex   -3.429921e+01 2.706318e+01 -1.080000e+01
      vertex   -3.414899e+01 2.693827e+01 -1.080000e+01
      vertex   -3.384998e+01 2.709079e+01 -1.080000e+01
    endloop
  endfacet
  facet normal 0.000000e+00 0.000000e+00 1.000000e+00
    outer loop
      vertex   -3.384998e+01 2.709079e+01 -1.080000e+01
      vertex   -3.414899e+01 2.693827e+01 -1.080000e+01
      vertex   -3.396801e+01 2.684635e+01 -1.080000e+01
    endloop
  endfacet
  facet normal 0.000000e+00 0.000000e+00 1.000000e+00
    outer loop
      vertex   -3.384998e+01 2.709079e+01 -1.080000e+01
      vertex   -3.396801e+01 2.684635e+01 -1.080000e+01
      vertex   -3.380512e+01 2.672523e+01 -1.080000e+01
    endloop
  endfacet
  facet normal 0.000000e+00 0.000000e+00 1.000000e+00
    outer loop
      vertex   -3.474694e+01 2.701722e+01 -1.080000e+01
      vertex   -3.454410e+01 2.702495e+01 -1.080000e+01
      vertex   -3.429921e+01 2.706318e+01 -1.080000e+01
    endloop
  endfacet
  facet normal 0.000000e+00 0.000000e+00 1.000000e+00
    outer loop
      vertex   -3.429921e+01 2.706318e+01 -1.080000e+01
      vertex   -3.454410e+01 2.702495e+01 -1.080000e+01
      vertex   -3.434287e+01 2.699838e+01 -1.080000e+01
    endloop
  endfacet
  facet normal 0.000000e+00 0.000000e+00 1.000000e+00
    outer loop
      vertex   -3.429921e+01 2.706318e+01 -1.080000e+01
      vertex   -3.434287e+01 2.699838e+01 -1.080000e+01
      vertex   -3.414899e+01 2.693827e+01 -1.080000e+01
    endloop
  endfacet
  facet normal -0.000000e+00 0.000000e+00 1.000000e+00
    outer loop
      vertex   -3.355158e+01 2.641004e+01 -1.080000e+01
      vertex   -3.346818e+01 2.622498e+01 -1.080000e+01
      vertex   -3.340000e+01 2.710000e+01 -1.080000e+01
    endloop
  endfacet
  facet normal 0.000000e+00 0.000000e+00 1.000000e+00
    outer loop
      vertex   -3.340000e+01 2.710000e+01 -1.080000e+01
      vertex   -3.346818e+01 2.622498e+01 -1.080000e+01
      vertex   -3.341717e+01 2.602851e+01 -1.080000e+01
    endloop
  endfacet
  facet normal 0.000000e+00 0.000000e+00 1.000000e+00
    outer loop
      vertex   -3.340000e+01 2.710000e+01 -1.080000e+01
      vertex   -3.341717e+01 2.602851e+01 -1.080000e+01
      vertex   -3.340000e+01 2.582625e+01 -1.080000e+01
    endloop
  endfacet
  facet normal 0.000000e+00 -1.000000e+00 0.000000e+00
    outer loop
      vertex   -3.340000e+01 -2.710000e+01 -1.440000e+01
      vertex   3.340000e+01 -2.710000e+01 -1.440000e+01
      vertex   -3.340000e+01 -2.710000e+01 -6.000000e+00
    endloop
  endfacet
  facet normal 0.000000e+00 -1.000000e+00 0.000000e+00
    outer loop
      vertex   -3.340000e+01 -2.710000e+01 -6.000000e+00
      vertex   3.340000e+01 -2.710000e+01 -1.440000e+01
      vertex   3.340000e+01 -2.710000e+01 -6.000000e+00
    endloop
  endfacet
  facet normal 5.233596e-02 -9.986295e-01 0.000000e+00
    outer loop
      vertex   3.340000e+01 -2.710000e+01 -6.000000e+00
      vertex   3.340000e+01 -2.710000e+01 -1.440000e+01
      vertex   3.454981e+01 -2.703974e+01 -6.000000e+00
    endloop
  endfacet
  facet normal 5.233596e-02 -9.986295e-01 0.000000e+00
    outer loop
      vertex   3.454981e+01 -2.703974e+01 -6.000000e+00
      vertex   3.340000e+01 -2.710000e+01 -1.440000e+01
      vertex   3.454981e+01 -2.703974e+01 -1.440000e+01
    endloop
  endfacet
  facet normal 1.564345e-01 -9.876883e-01 0.000000e+00
    outer loop
      vertex   3.454981e+01 -2.703974e+01 -6.000000e+00
      vertex   3.454981e+01 -2.703974e+01 -1.440000e+01
      vertex   3.568703e+01 -2.685962e+01 -6.000000e+00
    endloop
  endfacet
  facet normal 1.564345e-01 -9.876883e-01 0.000000e+00
    outer loop
      vertex   3.568703e+01 -2.685962e+01 -6.000000e+00
      vertex   3.454981e+01 -2.703974e+01 -1.440000e+01
      vertex   3.568703e+01 -2.685962e+01 -1.440000e+01
    endloop
  endfacet
  facet normal 2.588190e-01 -9.659258e-01 0.000000e+00
    outer loop
      vertex   3.568703e+01 -2.685962e+01 -6.000000e+00
      vertex   3.568703e+01 -2.685962e+01 -1.440000e+01
      vertex   3.679919e+01 -2.656162e+01 -6.000000e+00
    endloop
  endfacet
  facet normal 2.588190e-01 -9.659258e-01 0.000000e+00
    outer loop
      vertex   3.679919e+01 -2.656162e+01 -6.000000e+00
      vertex   3.568703e+01 -2.685962e+01 -1.440000e+01
      vertex   3.679919e+01 -2.656162e+01 -1.440000e+01
    endloop
  endfacet
  facet normal 3.583679e-01 -9.335804e-01 0.000000e+00
    outer loop
      vertex   3.679919e+01 -2.656162e+01 -6.000000e+00
      vertex   3.679919e+01 -2.656162e+01 -1.440000e+01
      vertex   3.787410e+01 -2.614900e+01 -6.000000e+00
    endloop
  endfacet
  facet normal 3.583679e-01 -9.335804e-01 0.000000e+00
    outer loop
      vertex   3.787410e+01 -2.614900e+01 -6.000000e+00
      vertex   3.679919e+01 -2.656162e+01 -1.440000e+01
      vertex   3.787410e+01 -2.614900e+01 -1.440000e+01
    endloop
  endfacet
  facet normal 4.539905e-01 -8.910065e-01 0.000000e+00
    outer loop
      vertex   3.787410e+01 -2.614900e+01 -6.000000e+00
      vertex   3.787410e+01 -2.614900e+01 -1.440000e+01
      vertex   3.890000e+01 -2.562628e+01 -6.000000e+00
    endloop
  endfacet
  facet normal 4.539905e-01 -8.910065e-01 -3.768442e-16
    outer loop
      vertex   3.890000e+01 -2.562628e+01 -6.000000e+00
      vertex   3.787410e+01 -2.614900e+01 -1.440000e+01
      vertex   3.890000e+01 -2.562628e+01 -1.440000e+01
    endloop
  endfacet
  facet normal 5.446390e-01 -8.386706e-01 -3.547091e-16
    outer loop
      vertex   3.890000e+01 -2.562628e+01 -6.000000e+00
      vertex   3.890000e+01 -2.562628e+01 -1.440000e+01
      vertex   3.986564e+01 -2.499919e+01 -6.000000e+00
    endloop
  endfacet
  facet normal 5.446390e-01 -8.386706e-01 0.000000e+00
    outer loop
      vertex   3.986564e+01 -2.499919e+01 -6.000000e+00
      vertex   3.890000e+01 -2.562628e+01 -1.440000e+01
      vertex   3.986564e+01 -2.499919e+01 -1.440000e+01
    endloop
  endfacet
  facet normal 6.293204e-01 -7.771460e-01 0.000000e+00
    outer loop
      vertex   3.986564e+01 -2.499919e+01 -6.000000e+00
      vertex   3.986564e+01 -2.499919e+01 -1.440000e+01
      vertex   4.076044e+01 -2.427459e+01 -6.000000e+00
    endloop
  endfacet
  facet normal 6.293204e-01 -7.771460e-01 5.323322e-16
    outer loop
      vertex   4.076044e+01 -2.427459e+01 -6.000000e+00
      vertex   3.986564e+01 -2.499919e+01 -1.440000e+01
      vertex   4.076044e+01 -2.427459e+01 -1.440000e+01
    endloop
  endfacet
  facet normal 7.071068e-01 -7.071068e-01 5.981305e-16
    outer loop
      vertex   4.076044e+01 -2.427459e+01 -6.000000e+00
      vertex   4.076044e+01 -2.427459e+01 -1.440000e+01
      vertex   4.157459e+01 -2.346044e+01 -6.000000e+00
    endloop
  endfacet
  facet normal 7.071068e-01 -7.071068e-01 0.000000e+00
    outer loop
      vertex   4.157459e+01 -2.346044e+01 -6.000000e+00
      vertex   4.076044e+01 -2.427459e+01 -1.440000e+01
      vertex   4.157459e+01 -2.346044e+01 -1.440000e+01
    endloop
  endfacet
  facet normal 7.771460e-01 -6.293204e-01 0.000000e+00
    outer loop
      vertex   4.157459e+01 -2.346044e+01 -6.000000e+00
      vertex   4.157459e+01 -2.346044e+01 -1.440000e+01
      vertex   4.229919e+01 -2.256564e+01 -6.000000e+00
    endloop
  endfacet
  facet normal 7.771460e-01 -6.293204e-01 -2.661661e-16
    outer loop
      vertex   4.229919e+01 -2.256564e+01 -6.000000e+00
      vertex   4.157459e+01 -2.346044e+01 -1.440000e+01
      vertex   4.229919e+01 -2.256564e+01 -1.440000e+01
    endloop
  endfacet
  facet normal 8.386706e-01 -5.446390e-01 -2.303508e-16
    outer loop
      vertex   4.229919e+01 -2.256564e+01 -6.000000e+00
      vertex   4.229919e+01 -2.256564e+01 -1.440000e+01
      vertex   4.292628e+01 -2.160000e+01 -6.000000e+00
    endloop
  endfacet
  facet normal 8.386706e-01 -5.446390e-01 -2.303508e-16
    outer loop
      vertex   4.292628e+01 -2.160000e+01 -6.000000e+00
      vertex   4.229919e+01 -2.256564e+01 -1.440000e+01
      vertex   4.292628e+01 -2.160000e+01 -1.440000e+01
    endloop
  endfacet
  facet normal 8.910065e-01 -4.539905e-01 -1.920117e-16
    outer loop
      vertex   4.292628e+01 -2.160000e+01 -6.000000e+00
      vertex   4.292628e+01 -2.160000e+01 -1.440000e+01
      vertex   4.344900e+01 -2.057410e+01 -6.000000e+00
    endloop
  endfacet
  facet normal 8.910065e-01 -4.539905e-01 0.000000e+00
    outer loop
      vertex   4.344900e+01 -2.057410e+01 -6.000000e+00
      vertex   4.292628e+01 -2.160000e+01 -1.440000e+01
      vertex   4.344900e+01 -2.057410e+01 -1.440000e+01
    endloop
  endfacet
  facet normal 9.335804e-01 -3.583679e-01 0.000000e+00
    outer loop
      vertex   4.344900e+01 -2.057410e+01 -6.000000e+00
      vertex   4.344900e+01 -2.057410e+01 -1.440000e+01
      vertex   4.386162e+01 -1.949919e+01 -6.000000e+00
    endloop
  endfacet
  facet normal 9.335804e-01 -3.583679e-01 0.000000e+00
    outer loop
      vertex   4.386162e+01 -1.949919e+01 -6.000000e+00
      vertex   4.344900e+01 -2.057410e+01 -1.440000e+01
      vertex   4.386162e+01 -1.949919e+01 -1.440000e+01
    endloop
  endfacet
  facet normal 9.659258e-01 -2.588190e-01 0.000000e+00
    outer loop
      vertex   4.386162e+01 -1.949919e+01 -6.000000e+00
      vertex   4.386162e+01 -1.949919e+01 -1.440000e+01
      vertex   4.415962e+01 -1.838703e+01 -6.000000e+00
    endloop
  endfacet
  facet normal 9.659258e-01 -2.588190e-01 0.000000e+00
    outer loop
      vertex   4.415962e+01 -1.838703e+01 -6.000000e+00
      vertex   4.386162e+01 -1.949919e+01 -1.440000e+01
      vertex   4.415962e+01 -1.838703e+01 -1.440000e+01
    endloop
  endfacet
  facet normal 9.876883e-01 -1.564345e-01 0.000000e+00
    outer loop
      vertex   4.415962e+01 -1.838703e+01 -6.000000e+00
      vertex   4.415962e+01 -1.838703e+01 -1.440000e+01
      vertex   4.433974e+01 -1.724981e+01 -6.000000e+00
    endloop
  endfacet
  facet normal 9.876883e-01 -1.564345e-01 0.000000e+00
    outer loop
      vertex   4.433974e+01 -1.724981e+01 -6.000000e+00
      vertex   4.415962e+01 -1.838703e+01 -1.440000e+01
      vertex   4.433974e+01 -1.724981e+01 -1.440000e+01
    endloop
  endfacet
  facet normal 9.986295e-01 -5.233596e-02 0.000000e+00
    outer loop
      vertex   4.433974e+01 -1.724981e+01 -6.000000e+00
      vertex   4.433974e+01 -1.724981e+01 -1.440000e+01
      vertex   4.440000e+01 -1.610000e+01 -6.000000e+00
    endloop
  endfacet
  facet normal 9.986295e-01 -5.233596e-02 -2.213508e-17
    outer loop
      vertex   4.440000e+01 -1.610000e+01 -6.000000e+00
      vertex   4.433974e+01 -1.724981e+01 -1.440000e+01
      vertex   4.440000e+01 -1.610000e+01 -1.440000e+01
    endloop
  endfacet
  facet normal 1.000000e+00 0.000000e+00 -0.000000e+00
    outer loop
      vertex   4.440000e+01 -1.610000e+01 -1.440000e+01
      vertex   4.440000e+01 1.610000e+01 -1.440000e+01
      vertex   4.440000e+01 -1.610000e+01 -6.000000e+00
    endloop
  endfacet
  facet normal 1.000000e+00 -0.000000e+00 0.000000e+00
    outer loop
      vertex   4.440000e+01 -1.610000e+01 -6.000000e+00
      vertex   4.440000e+01 1.610000e+01 -1.440000e+01
      vertex   4.440000e+01 1.610000e+01 -6.000000e+00
    endloop
  endfacet
  facet normal 9.986295e-01 5.233596e-02 0.000000e+00
    outer loop
      vertex   4.440000e+01 1.610000e+01 -6.000000e+00
      vertex   4.440000e+01 1.610000e+01 -1.440000e+01
      vertex   4.433974e+01 1.724981e+01 -6.000000e+00
    endloop
  endfacet
  facet normal 9.986295e-01 5.233596e-02 0.000000e+00
    outer loop
      vertex   4.433974e+01 1.724981e+01 -6.000000e+00
      vertex   4.440000e+01 1.610000e+01 -1.440000e+01
      vertex   4.433974e+01 1.724981e+01 -1.440000e+01
    endloop
  endfacet
  facet normal 9.876883e-01 1.564345e-01 0.000000e+00
    outer loop
      vertex   4.433974e+01 1.724981e+01 -6.000000e+00
      vertex   4.433974e+01 1.724981e+01 -1.440000e+01
      vertex   4.415962e+01 1.838703e+01 -6.000000e+00
    endloop
  endfacet
  facet normal 9.876883e-01 1.564345e-01 6.616272e-17
    outer loop
      vertex   4.415962e+01 1.838703e+01 -6.000000e+00
      vertex   4.433974e+01 1.724981e+01 -1.440000e+01
      vertex   4.415962e+01 1.838703e+01 -1.440000e+01
    endloop
  endfacet
  facet normal 9.659258e-01 2.588190e-01 1.094655e-16
    outer loop
      vertex   4.415962e+01 1.838703e+01 -6.000000e+00
      vertex   4.415962e+01 1.838703e+01 -1.440000e+01
      vertex   4.386162e+01 1.949919e+01 -6.000000e+00
    endloop
  endfacet
  facet normal 9.659258e-01 2.588190e-01 0.000000e+00
    outer loop
      vertex   4.386162e+01 1.949919e+01 -6.000000e+00
      vertex   4.415962e+01 1.838703e+01 -1.440000e+01
      vertex   4.386162e+01 1.949919e+01 -1.440000e+01
    endloop
  endfacet
  facet normal 9.335804e-01 3.583679e-01 0.000000e+00
    outer loop
      vertex   4.386162e+01 1.949919e+01 -6.000000e+00
      vertex   4.386162e+01 1.949919e+01 -1.440000e+01
      vertex   4.344900e+01 2.057410e+01 -6.000000e+00
    endloop
  endfacet
  facet normal 9.335804e-01 3.583679e-01 0.000000e+00
    outer loop
      vertex   4.344900e+01 2.057410e+01 -6.000000e+00
      vertex   4.386162e+01 1.949919e+01 -1.440000e+01
      vertex   4.344900e+01 2.057410e+01 -1.440000e+01
    endloop
  endfacet
  facet normal 8.910065e-01 4.539905e-01 0.000000e+00
    outer loop
      vertex   4.344900e+01 2.057410e+01 -6.000000e+00
      vertex   4.344900e+01 2.057410e+01 -1.440000e+01
      vertex   4.292628e+01 2.160000e+01 -6.000000e+00
    endloop
  endfacet
  facet normal 8.910065e-01 4.539905e-01 0.000000e+00
    outer loop
      vertex   4.292628e+01 2.160000e+01 -6.000000e+00
      vertex   4.344900e+01 2.057410e+01 -1.440000e+01
      vertex   4.292628e+01 2.160000e+01 -1.440000e+01
    endloop
  endfacet
  facet normal 8.386706e-01 5.446390e-01 0.000000e+00
    outer loop
      vertex   4.292628e+01 2.160000e+01 -6.000000e+00
      vertex   4.292628e+01 2.160000e+01 -1.440000e+01
      vertex   4.229919e+01 2.256564e+01 -6.000000e+00
    endloop
  endfacet
  facet normal 8.386706e-01 5.446390e-01 0.000000e+00
    outer loop
      vertex   4.229919e+01 2.256564e+01 -6.000000e+00
      vertex   4.292628e+01 2.160000e+01 -1.440000e+01
      vertex   4.229919e+01 2.256564e+01 -1.440000e+01
    endloop
  endfacet
  facet normal 7.771460e-01 6.293204e-01 0.000000e+00
    outer loop
      vertex   4.229919e+01 2.256564e+01 -6.000000e+00
      vertex   4.229919e+01 2.256564e+01 -1.440000e+01
      vertex   4.157459e+01 2.346044e+01 -6.000000e+00
    endloop
  endfacet
  facet normal 7.771460e-01 6.293204e-01 0.000000e+00
    outer loop
      vertex   4.157459e+01 2.346044e+01 -6.000000e+00
      vertex   4.229919e+01 2.256564e+01 -1.440000e+01
      vertex   4.157459e+01 2.346044e+01 -1.440000e+01
    endloop
  endfacet
  facet normal 7.071068e-01 7.071068e-01 0.000000e+00
    outer loop
      vertex   4.157459e+01 2.346044e+01 -6.000000e+00
      vertex   4.157459e+01 2.346044e+01 -1.440000e+01
      vertex   4.076044e+01 2.427459e+01 -6.000000e+00
    endloop
  endfacet
  facet normal 7.071068e-01 7.071068e-01 0.000000e+00
    outer loop
      vertex   4.076044e+01 2.427459e+01 -6.000000e+00
      vertex   4.157459e+01 2.346044e+01 -1.440000e+01
      vertex   4.076044e+01 2.427459e+01 -1.440000e+01
    endloop
  endfacet
  facet normal 6.293204e-01 7.771460e-01 0.000000e+00
    outer loop
      vertex   4.076044e+01 2.427459e+01 -6.000000e+00
      vertex   4.076044e+01 2.427459e+01 -1.440000e+01
      vertex   3.986564e+01 2.499919e+01 -6.000000e+00
    endloop
  endfacet
  facet normal 6.293204e-01 7.771460e-01 0.000000e+00
    outer loop
      vertex   3.986564e+01 2.499919e+01 -6.000000e+00
      vertex   4.076044e+01 2.427459e+01 -1.440000e+01
      vertex   3.986564e+01 2.499919e+01 -1.440000e+01
    endloop
  endfacet
  facet normal 5.446390e-01 8.386706e-01 0.000000e+00
    outer loop
      vertex   3.986564e+01 2.499919e+01 -6.000000e+00
      vertex   3.986564e+01 2.499919e+01 -1.440000e+01
      vertex   3.890000e+01 2.562628e+01 -6.000000e+00
    endloop
  endfacet
  facet normal 5.446390e-01 8.386706e-01 0.000000e+00
    outer loop
      vertex   3.890000e+01 2.562628e+01 -6.000000e+00
      vertex   3.986564e+01 2.499919e+01 -1.440000e+01
      vertex   3.890000e+01 2.562628e+01 -1.440000e+01
    endloop
  endfacet
  facet normal 4.539905e-01 8.910065e-01 0.000000e+00
    outer loop
      vertex   3.890000e+01 2.562628e+01 -6.000000e+00
      vertex   3.890000e+01 2.562628e+01 -1.440000e+01
      vertex   3.787410e+01 2.614900e+01 -6.000000e+00
    endloop
  endfacet
  facet normal 4.539905e-01 8.910065e-01 0.000000e+00
    outer loop
      vertex   3.787410e+01 2.614900e+01 -6.000000e+00
      vertex   3.890000e+01 2.562628e+01 -1.440000e+01
      vertex   3.787410e+01 2.614900e+01 -1.440000e+01
    endloop
  endfacet
  facet normal 3.583679e-01 9.335804e-01 0.000000e+00
    outer loop
      vertex   3.787410e+01 2.614900e+01 -6.000000e+00
      vertex   3.787410e+01 2.614900e+01 -1.440000e+01
      vertex   3.679919e+01 2.656162e+01 -6.000000e+00
    endloop
  endfacet
  facet normal 3.583679e-01 9.335804e-01 0.000000e+00
    outer loop
      vertex   3.679919e+01 2.656162e+01 -6.000000e+00
      vertex   3.787410e+01 2.614900e+01 -1.440000e+01
      vertex   3.679919e+01 2.656162e+01 -1.440000e+01
    endloop
  endfacet
  facet normal 2.588190e-01 9.659258e-01 0.000000e+00
    outer loop
      vertex   3.679919e+01 2.656162e+01 -6.000000e+00
      vertex   3.679919e+01 2.656162e+01 -1.440000e+01
      vertex   3.568703e+01 2.685962e+01 -6.000000e+00
    endloop
  endfacet
  facet normal 2.588190e-01 9.659258e-01 -2.189309e-16
    outer loop
      vertex   3.568703e+01 2.685962e+01 -6.000000e+00
      vertex   3.679919e+01 2.656162e+01 -1.440000e+01
      vertex   3.568703e+01 2.685962e+01 -1.440000e+01
    endloop
  endfacet
  facet normal 1.564345e-01 9.876883e-01 -1.323254e-16
    outer loop
      vertex   3.568703e+01 2.685962e+01 -6.000000e+00
      vertex   3.568703e+01 2.685962e+01 -1.440000e+01
      vertex   3.454981e+01 2.703974e+01 -6.000000e+00
    endloop
  endfacet
  facet normal 1.564345e-01 9.876883e-01 0.000000e+00
    outer loop
      vertex   3.454981e+01 2.703974e+01 -6.000000e+00
      vertex   3.568703e+01 2.685962e+01 -1.440000e+01
      vertex   3.454981e+01 2.703974e+01 -1.440000e+01
    endloop
  endfacet
  facet normal 5.233596e-02 9.986295e-01 0.000000e+00
    outer loop
      vertex   3.454981e+01 2.703974e+01 -6.000000e+00
      vertex   3.454981e+01 2.703974e+01 -1.440000e+01
      vertex   3.340000e+01 2.710000e+01 -6.000000e+00
    endloop
  endfacet
  facet normal 5.233596e-02 9.986295e-01 4.223625e-16
    outer loop
      vertex   3.340000e+01 2.710000e+01 -6.000000e+00
      vertex   3.454981e+01 2.703974e+01 -1.440000e+01
      vertex   3.340000e+01 2.710000e+01 -1.440000e+01
    endloop
  endfacet
  facet normal -0.000000e+00 1.000000e+00 0.000000e+00
    outer loop
      vertex   2.443750e+01 2.710000e+01 -6.000000e+00
      vertex   3.340000e+01 2.710000e+01 -6.000000e+00
      vertex   2.443750e+01 2.710000e+01 -1.080000e+01
    endloop
  endfacet
  facet normal -2.265129e-16 1.000000e+00 4.229421e-16
    outer loop
      vertex   2.443750e+01 2.710000e+01 -1.080000e+01
      vertex   3.340000e+01 2.710000e+01 -6.000000e+00
      vertex   3.340000e+01 2.710000e+01 -1.440000e+01
    endloop
  endfacet
  facet normal 0.000000e+00 1.000000e+00 9.868649e-16
    outer loop
      vertex   2.443750e+01 2.710000e+01 -1.080000e+01
      vertex   3.340000e+01 2.710000e+01 -1.440000e+01
      vertex   -3.340000e+01 2.710000e+01 -1.440000e+01
    endloop
  endfacet
  facet normal 0.000000e+00 1.000000e+00 9.868649e-16
    outer loop
      vertex   -3.340000e+01 2.710000e+01 -1.440000e+01
      vertex   -3.340000e+01 2.710000e+01 -1.080000e+01
      vertex   2.443750e+01 2.710000e+01 -1.080000e+01
    endloop
  endfacet
  facet normal -1.021192e-01 9.947720e-01 6.305288e-04
    outer loop
      vertex   -3.429921e+01 2.706318e+01 -1.080000e+01
      vertex   -3.454981e+01 2.703974e+01 -1.440000e+01
      vertex   -3.474694e+01 2.701722e+01 -1.080000e+01
    endloop
  endfacet
  facet normal -1.564340e-01 9.876855e-01 -2.387921e-03
    outer loop
      vertex   -3.474694e+01 2.701722e+01 -1.080000e+01
      vertex   -3.454981e+01 2.703974e+01 -1.440000e+01
      vertex   -3.568703e+01 2.685962e+01 -1.440000e+01
    endloop
  endfacet
  facet normal -1.653356e-01 9.862374e-01 0.000000e+00
    outer loop
      vertex   -3.474694e+01 2.701722e+01 -1.080000e+01
      vertex   -3.568703e+01 2.685962e+01 -1.440000e+01
      vertex   -3.474694e+01 2.701722e+01 -6.000000e+00
    endloop
  endfacet
  facet normal -1.735888e-01 9.848178e-01 9.502990e-04
    outer loop
      vertex   -3.474694e+01 2.701722e+01 -6.000000e+00
      vertex   -3.568703e+01 2.685962e+01 -1.440000e+01
      vertex   -3.586691e+01 2.681981e+01 -6.000000e+00
    endloop
  endfacet
  facet normal -2.588189e-01 9.659254e-01 -9.644144e-04
    outer loop
      vertex   -3.586691e+01 2.681981e+01 -6.000000e+00
      vertex   -3.568703e+01 2.685962e+01 -1.440000e+01
      vertex   -3.679919e+01 2.656162e+01 -1.440000e+01
    endloop
  endfacet
  facet normal -2.743407e-01 9.616322e-01 8.902303e-04
    outer loop
      vertex   -3.586691e+01 2.681981e+01 -6.000000e+00
      vertex   -3.679919e+01 2.656162e+01 -1.440000e+01
      vertex   -3.696052e+01 2.650782e+01 -6.000000e+00
    endloop
  endfacet
  facet normal -3.583678e-01 9.335800e-01 -9.032595e-04
    outer loop
      vertex   -3.696052e+01 2.650782e+01 -6.000000e+00
      vertex   -3.679919e+01 2.656162e+01 -1.440000e+01
      vertex   -3.787410e+01 2.614900e+01 -1.440000e+01
    endloop
  endfacet
  facet normal -3.721602e-01 9.281681e-01 8.279893e-04
    outer loop
      vertex   -3.696052e+01 2.650782e+01 -6.000000e+00
      vertex   -3.787410e+01 2.614900e+01 -1.440000e+01
      vertex   -3.801607e+01 2.608459e+01 -6.000000e+00
    endloop
  endfacet
  facet normal -4.539903e-01 8.910062e-01 -8.399325e-04
    outer loop
      vertex   -3.801607e+01 2.608459e+01 -6.000000e+00
      vertex   -3.787410e+01 2.614900e+01 -1.440000e+01
      vertex   -3.890000e+01 2.562628e+01 -1.440000e+01
    endloop
  endfacet
  facet normal -4.660020e-01 8.847834e-01 7.635761e-04
    outer loop
      vertex   -3.801607e+01 2.608459e+01 -6.000000e+00
      vertex   -3.890000e+01 2.562628e+01 -1.440000e+01
      vertex   -3.902227e+01 2.555463e+01 -6.000000e+00
    endloop
  endfacet
  facet normal -5.446389e-01 8.386703e-01 -7.744333e-04
    outer loop
      vertex   -3.902227e+01 2.555463e+01 -6.000000e+00
      vertex   -3.890000e+01 2.562628e+01 -1.440000e+01
      vertex   -3.986564e+01 2.499919e+01 -1.440000e+01
    endloop
  endfacet
  facet normal -5.548628e-01 8.319416e-01 6.969909e-04
    outer loop
      vertex   -3.902227e+01 2.555463e+01 -6.000000e+00
      vertex   -3.986564e+01 2.499919e+01 -1.440000e+01
      vertex   -3.996839e+01 2.492362e+01 -6.000000e+00
    endloop
  endfacet
  facet normal -6.293202e-01 7.771458e-01 -7.067621e-04
    outer loop
      vertex   -3.996839e+01 2.492362e+01 -6.000000e+00
      vertex   -3.986564e+01 2.499919e+01 -1.440000e+01
      vertex   -4.076044e+01 2.427459e+01 -1.440000e+01
    endloop
  endfacet
  facet normal -6.377931e-01 7.702075e-01 6.282337e-04
    outer loop
      vertex   -3.996839e+01 2.492362e+01 -6.000000e+00
      vertex   -4.076044e+01 2.427459e+01 -1.440000e+01
      vertex   -4.084430e+01 2.419830e+01 -6.000000e+00
    endloop
  endfacet
  facet normal -7.071066e-01 7.071066e-01 -6.369189e-04
    outer loop
      vertex   -4.084430e+01 2.419830e+01 -6.000000e+00
      vertex   -4.076044e+01 2.427459e+01 -1.440000e+01
      vertex   -4.157459e+01 2.346044e+01 -1.440000e+01
    endloop
  endfacet
  facet normal -7.139062e-01 7.002411e-01 5.573047e-04
    outer loop
      vertex   -4.084430e+01 2.419830e+01 -6.000000e+00
      vertex   -4.157459e+01 2.346044e+01 -1.440000e+01
      vertex   -4.164064e+01 2.338641e+01 -6.000000e+00
    endloop
  endfacet
  facet normal -7.771458e-01 6.293203e-01 -5.649040e-04
    outer loop
      vertex   -4.164064e+01 2.338641e+01 -6.000000e+00
      vertex   -4.157459e+01 2.346044e+01 -1.440000e+01
      vertex   -4.229919e+01 2.256564e+01 -1.440000e+01
    endloop
  endfacet
  facet normal -7.823888e-01 6.227901e-01 4.842039e-04
    outer loop
      vertex   -4.164064e+01 2.338641e+01 -6.000000e+00
      vertex   -4.229919e+01 2.256564e+01 -1.440000e+01
      vertex   -4.234890e+01 2.249665e+01 -6.000000e+00
    endloop
  endfacet
  facet normal -8.386705e-01 5.446390e-01 -4.907174e-04
    outer loop
      vertex   -4.234890e+01 2.249665e+01 -6.000000e+00
      vertex   -4.229919e+01 2.256564e+01 -1.440000e+01
      vertex   -4.292628e+01 2.160000e+01 -1.440000e+01
    endloop
  endfacet
  facet normal -8.425088e-01 5.386825e-01 4.089315e-04
    outer loop
      vertex   -4.234890e+01 2.249665e+01 -6.000000e+00
      vertex   -4.292628e+01 2.160000e+01 -1.440000e+01
      vertex   -4.296151e+01 2.153852e+01 -6.000000e+00
    endloop
  endfacet
  facet normal -8.910064e-01 4.539905e-01 -4.143593e-04
    outer loop
      vertex   -4.296151e+01 2.153852e+01 -6.000000e+00
      vertex   -4.292628e+01 2.160000e+01 -1.440000e+01
      vertex   -4.344900e+01 2.057410e+01 -1.440000e+01
    endloop
  endfacet
  facet normal -8.936236e-01 4.488171e-01 3.314876e-04
    outer loop
      vertex   -4.296151e+01 2.153852e+01 -6.000000e+00
      vertex   -4.344900e+01 2.057410e+01 -1.440000e+01
      vertex   -4.347192e+01 2.052226e+01 -6.000000e+00
    endloop
  endfacet
  facet normal -9.335804e-01 3.583679e-01 -3.358297e-04
    outer loop
      vertex   -4.347192e+01 2.052226e+01 -6.000000e+00
      vertex   -4.344900e+01 2.057410e+01 -1.440000e+01
      vertex   -4.386162e+01 1.949919e+01 -1.440000e+01
    endloop
  endfacet
  facet normal -9.351869e-01 3.541545e-01 2.518724e-04
    outer loop
      vertex   -4.347192e+01 2.052226e+01 -6.000000e+00
      vertex   -4.386162e+01 1.949919e+01 -1.440000e+01
      vertex   -4.387468e+01 1.945873e+01 -6.000000e+00
    endloop
  endfacet
  facet normal -9.659258e-01 2.588190e-01 -2.551289e-04
    outer loop
      vertex   -4.387468e+01 1.945873e+01 -6.000000e+00
      vertex   -4.386162e+01 1.949919e+01 -1.440000e+01
      vertex   -4.415962e+01 1.838703e+01 -1.440000e+01
    endloop
  endfacet
  facet normal -9.667544e-01 2.557065e-01 1.700860e-04
    outer loop
      vertex   -4.387468e+01 1.945873e+01 -6.000000e+00
      vertex   -4.415962e+01 1.838703e+01 -1.440000e+01
      vertex   -4.416548e+01 1.835930e+01 -6.000000e+00
    endloop
  endfacet
  facet normal -9.876883e-01 1.564345e-01 -1.722569e-04
    outer loop
      vertex   -4.416548e+01 1.835930e+01 -6.000000e+00
      vertex   -4.415962e+01 1.838703e+01 -1.440000e+01
      vertex   -4.433974e+01 1.724981e+01 -1.440000e+01
    endloop
  endfacet
  facet normal -9.879888e-01 1.545254e-01 8.612847e-05
    outer loop
      vertex   -4.416548e+01 1.835930e+01 -6.000000e+00
      vertex   -4.433974e+01 1.724981e+01 -1.440000e+01
      vertex   -4.434121e+01 1.723572e+01 -6.000000e+00
    endloop
  endfacet
  facet normal -9.986295e-01 5.233596e-02 -8.721388e-05
    outer loop
      vertex   -4.434121e+01 1.723572e+01 -6.000000e+00
      vertex   -4.433974e+01 1.724981e+01 -1.440000e+01
      vertex   -4.440000e+01 1.610000e+01 -1.440000e+01
    endloop
  endfacet
  facet normal -9.986630e-01 5.169264e-02 0.000000e+00
    outer loop
      vertex   -4.434121e+01 1.723572e+01 -6.000000e+00
      vertex   -4.440000e+01 1.610000e+01 -1.440000e+01
      vertex   -4.440000e+01 1.610000e+01 -6.000000e+00
    endloop
  endfacet
  facet normal -6.133984e-02 9.981144e-01 -2.229925e-03
    outer loop
      vertex   -3.429921e+01 2.706318e+01 -1.080000e+01
      vertex   -3.384998e+01 2.709079e+01 -1.080000e+01
      vertex   -3.454981e+01 2.703974e+01 -1.440000e+01
    endloop
  endfacet
  facet normal -5.233554e-02 9.986216e-01 -3.987527e-03
    outer loop
      vertex   -3.454981e+01 2.703974e+01 -1.440000e+01
      vertex   -3.384998e+01 2.709079e+01 -1.080000e+01
      vertex   -3.340000e+01 2.710000e+01 -1.440000e+01
    endloop
  endfacet
  facet normal -2.045808e-02 9.997907e-01 9.866584e-16
    outer loop
      vertex   -3.340000e+01 2.710000e+01 -1.440000e+01
      vertex   -3.384998e+01 2.709079e+01 -1.080000e+01
      vertex   -3.340000e+01 2.710000e+01 -1.080000e+01
    endloop
  endfacet
  facet normal -1.000000e+00 0.000000e+00 0.000000e+00
    outer loop
      vertex   -4.440000e+01 1.610000e+01 -1.440000e+01
      vertex   -4.440000e+01 -1.610000e+01 -1.440000e+01
      vertex   -4.440000e+01 1.610000e+01 -6.000000e+00
    endloop
  endfacet
  facet normal -1.000000e+00 -0.000000e+00 0.000000e+00
    outer loop
      vertex   -4.440000e+01 1.610000e+01 -6.000000e+00
      vertex   -4.440000e+01 -1.610000e+01 -1.440000e+01
      vertex   -4.440000e+01 -1.610000e+01 -6.000000e+00
    endloop
  endfacet
  facet normal -9.986295e-01 -5.233596e-02 -2.213508e-17
    outer loop
      vertex   -4.440000e+01 -1.610000e+01 -6.000000e+00
      vertex   -4.440000e+01 -1.610000e+01 -1.440000e+01
      vertex   -4.433974e+01 -1.724981e+01 -6.000000e+00
    endloop
  endfacet
  facet normal -9.986295e-01 -5.233596e-02 -0.000000e+00
    outer loop
      vertex   -4.433974e+01 -1.724981e+01 -6.000000e+00
      vertex   -4.440000e+01 -1.610000e+01 -1.440000e+01
      vertex   -4.433974e+01 -1.724981e+01 -1.440000e+01
    endloop
  endfacet
  facet normal -9.876883e-01 -1.564345e-01 -0.000000e+00
    outer loop
      vertex   -4.433974e+01 -1.724981e+01 -6.000000e+00
      vertex   -4.433974e+01 -1.724981e+01 -1.440000e+01
      vertex   -4.415962e+01 -1.838703e+01 -6.000000e+00
    endloop
  endfacet
  facet normal -9.876883e-01 -1.564345e-01 -0.000000e+00
    outer loop
      vertex   -4.415962e+01 -1.838703e+01 -6.000000e+00
      vertex   -4.433974e+01 -1.724981e+01 -1.440000e+01
      vertex   -4.415962e+01 -1.838703e+01 -1.440000e+01
    endloop
  endfacet
  facet normal -9.659258e-01 -2.588190e-01 -0.000000e+00
    outer loop
      vertex   -4.415962e+01 -1.838703e+01 -6.000000e+00
      vertex   -4.415962e+01 -1.838703e+01 -1.440000e+01
      vertex   -4.386162e+01 -1.949919e+01 -6.000000e+00
    endloop
  endfacet
  facet normal -9.659258e-01 -2.588190e-01 -0.000000e+00
    outer loop
      vertex   -4.386162e+01 -1.949919e+01 -6.000000e+00
      vertex   -4.415962e+01 -1.838703e+01 -1.440000e+01
      vertex   -4.386162e+01 -1.949919e+01 -1.440000e+01
    endloop
  endfacet
  facet normal -9.335804e-01 -3.583679e-01 -0.000000e+00
    outer loop
      vertex   -4.386162e+01 -1.949919e+01 -6.000000e+00
      vertex   -4.386162e+01 -1.949919e+01 -1.440000e+01
      vertex   -4.344900e+01 -2.057410e+01 -6.000000e+00
    endloop
  endfacet
  facet normal -9.335804e-01 -3.583679e-01 -0.000000e+00
    outer loop
      vertex   -4.344900e+01 -2.057410e+01 -6.000000e+00
      vertex   -4.386162e+01 -1.949919e+01 -1.440000e+01
      vertex   -4.344900e+01 -2.057410e+01 -1.440000e+01
    endloop
  endfacet
  facet normal -8.910065e-01 -4.539905e-01 -0.000000e+00
    outer loop
      vertex   -4.344900e+01 -2.057410e+01 -6.000000e+00
      vertex   -4.344900e+01 -2.057410e+01 -1.440000e+01
      vertex   -4.292628e+01 -2.160000e+01 -6.000000e+00
    endloop
  endfacet
  facet normal -8.910065e-01 -4.539905e-01 1.920117e-16
    outer loop
      vertex   -4.292628e+01 -2.160000e+01 -6.000000e+00
      vertex   -4.344900e+01 -2.057410e+01 -1.440000e+01
      vertex   -4.292628e+01 -2.160000e+01 -1.440000e+01
    endloop
  endfacet
  facet normal -8.386706e-01 -5.446390e-01 2.303508e-16
    outer loop
      vertex   -4.292628e+01 -2.160000e+01 -6.000000e+00
      vertex   -4.292628e+01 -2.160000e+01 -1.440000e+01
      vertex   -4.229919e+01 -2.256564e+01 -6.000000e+00
    endloop
  endfacet
  facet normal -8.386706e-01 -5.446390e-01 -0.000000e+00
    outer loop
      vertex   -4.229919e+01 -2.256564e+01 -6.000000e+00
      vertex   -4.292628e+01 -2.160000e+01 -1.440000e+01
      vertex   -4.229919e+01 -2.256564e+01 -1.440000e+01
    endloop
  endfacet
  facet normal -7.771460e-01 -6.293204e-01 -0.000000e+00
    outer loop
      vertex   -4.229919e+01 -2.256564e+01 -6.000000e+00
      vertex   -4.229919e+01 -2.256564e+01 -1.440000e+01
      vertex   -4.157459e+01 -2.346044e+01 -6.000000e+00
    endloop
  endfacet
  facet normal -7.771460e-01 -6.293204e-01 2.661661e-16
    outer loop
      vertex   -4.157459e+01 -2.346044e+01 -6.000000e+00
      vertex   -4.229919e+01 -2.256564e+01 -1.440000e+01
      vertex   -4.157459e+01 -2.346044e+01 -1.440000e+01
    endloop
  endfacet
  facet normal -7.071068e-01 -7.071068e-01 2.990652e-16
    outer loop
      vertex   -4.157459e+01 -2.346044e+01 -6.000000e+00
      vertex   -4.157459e+01 -2.346044e+01 -1.440000e+01
      vertex   -4.076044e+01 -2.427459e+01 -6.000000e+00
    endloop
  endfacet
  facet normal -7.071068e-01 -7.071068e-01 -0.000000e+00
    outer loop
      vertex   -4.076044e+01 -2.427459e+01 -6.000000e+00
      vertex   -4.157459e+01 -2.346044e+01 -1.440000e+01
      vertex   -4.076044e+01 -2.427459e+01 -1.440000e+01
    endloop
  endfacet
  facet normal -6.293204e-01 -7.771460e-01 -0.000000e+00
    outer loop
      vertex   -4.076044e+01 -2.427459e+01 -6.000000e+00
      vertex   -4.076044e+01 -2.427459e+01 -1.440000e+01
      vertex   -3.986564e+01 -2.499919e+01 -6.000000e+00
    endloop
  endfacet
  facet normal -6.293204e-01 -7.771460e-01 -5.323322e-16
    outer loop
      vertex   -3.986564e+01 -2.499919e+01 -6.000000e+00
      vertex   -4.076044e+01 -2.427459e+01 -1.440000e+01
      vertex   -3.986564e+01 -2.499919e+01 -1.440000e+01
    endloop
  endfacet
  facet normal -5.446390e-01 -8.386706e-01 -4.607016e-16
    outer loop
      vertex   -3.986564e+01 -2.499919e+01 -6.000000e+00
      vertex   -3.986564e+01 -2.499919e+01 -1.440000e+01
      vertex   -3.890000e+01 -2.562628e+01 -6.000000e+00
    endloop
  endfacet
  facet normal -5.446390e-01 -8.386706e-01 -0.000000e+00
    outer loop
      vertex   -3.890000e+01 -2.562628e+01 -6.000000e+00
      vertex   -3.986564e+01 -2.499919e+01 -1.440000e+01
      vertex   -3.890000e+01 -2.562628e+01 -1.440000e+01
    endloop
  endfacet
  facet normal -4.539905e-01 -8.910065e-01 -0.000000e+00
    outer loop
      vertex   -3.890000e+01 -2.562628e+01 -6.000000e+00
      vertex   -3.890000e+01 -2.562628e+01 -1.440000e+01
      vertex   -3.787410e+01 -2.614900e+01 -6.000000e+00
    endloop
  endfacet
  facet normal -4.539905e-01 -8.910065e-01 -0.000000e+00
    outer loop
      vertex   -3.787410e+01 -2.614900e+01 -6.000000e+00
      vertex   -3.890000e+01 -2.562628e+01 -1.440000e+01
      vertex   -3.787410e+01 -2.614900e+01 -1.440000e+01
    endloop
  endfacet
  facet normal -3.583679e-01 -9.335804e-01 -0.000000e+00
    outer loop
      vertex   -3.787410e+01 -2.614900e+01 -6.000000e+00
      vertex   -3.787410e+01 -2.614900e+01 -1.440000e+01
      vertex   -3.679919e+01 -2.656162e+01 -6.000000e+00
    endloop
  endfacet
  facet normal -3.583679e-01 -9.335804e-01 -0.000000e+00
    outer loop
      vertex   -3.679919e+01 -2.656162e+01 -6.000000e+00
      vertex   -3.787410e+01 -2.614900e+01 -1.440000e+01
      vertex   -3.679919e+01 -2.656162e+01 -1.440000e+01
    endloop
  endfacet
  facet normal -2.588190e-01 -9.659258e-01 -0.000000e+00
    outer loop
      vertex   -3.679919e+01 -2.656162e+01 -6.000000e+00
      vertex   -3.679919e+01 -2.656162e+01 -1.440000e+01
      vertex   -3.568703e+01 -2.685962e+01 -6.000000e+00
    endloop
  endfacet
  facet normal -2.588190e-01 -9.659258e-01 -0.000000e+00
    outer loop
      vertex   -3.568703e+01 -2.685962e+01 -6.000000e+00
      vertex   -3.679919e+01 -2.656162e+01 -1.440000e+01
      vertex   -3.568703e+01 -2.685962e+01 -1.440000e+01
    endloop
  endfacet
  facet normal -1.564345e-01 -9.876883e-01 -0.000000e+00
    outer loop
      vertex   -3.568703e+01 -2.685962e+01 -6.000000e+00
      vertex   -3.568703e+01 -2.685962e+01 -1.440000e+01
      vertex   -3.454981e+01 -2.703974e+01 -6.000000e+00
    endloop
  endfacet
  facet normal -1.564345e-01 -9.876883e-01 -0.000000e+00
    outer loop
      vertex   -3.454981e+01 -2.703974e+01 -6.000000e+00
      vertex   -3.568703e+01 -2.685962e+01 -1.440000e+01
      vertex   -3.454981e+01 -2.703974e+01 -1.440000e+01
    endloop
  endfacet
  facet normal -5.233596e-02 -9.986295e-01 -0.000000e+00
    outer loop
      vertex   -3.454981e+01 -2.703974e+01 -6.000000e+00
      vertex   -3.454981e+01 -2.703974e+01 -1.440000e+01
      vertex   -3.340000e+01 -2.710000e+01 -6.000000e+00
    endloop
  endfacet
  facet normal -5.233596e-02 -9.986295e-01 -0.000000e+00
    outer loop
      vertex   -3.340000e+01 -2.710000e+01 -6.000000e+00
      vertex   -3.454981e+01 -2.703974e+01 -1.440000e+01
      vertex   -3.340000e+01 -2.710000e+01 -1.440000e+01
    endloop
  endfacet
  facet normal 0.000000e+00 0.000000e+00 -1.000000e+00
    outer loop
      vertex   3.340000e+01 -2.710000e+01 -1.440000e+01
      vertex   -3.340000e+01 -2.710000e+01 -1.440000e+01
      vertex   3.454981e+01 -2.703974e+01 -1.440000e+01
    endloop
  endfacet
  facet normal -0.000000e+00 0.000000e+00 -1.000000e+00
    outer loop
      vertex   3.454981e+01 -2.703974e+01 -1.440000e+01
      vertex   -3.340000e+01 -2.710000e+01 -1.440000e+01
      vertex   -3.454981e+01 -2.703974e+01 -1.440000e+01
    endloop
  endfacet
  facet normal 0.000000e+00 0.000000e+00 -1.000000e+00
    outer loop
      vertex   3.454981e+01 -2.703974e+01 -1.440000e+01
      vertex   -3.454981e+01 -2.703974e+01 -1.440000e+01
      vertex   3.568703e+01 -2.685962e+01 -1.440000e+01
    endloop
  endfacet
  facet normal 0.000000e+00 0.000000e+00 -1.000000e+00
    outer loop
      vertex   3.568703e+01 -2.685962e+01 -1.440000e+01
      vertex   -3.454981e+01 -2.703974e+01 -1.440000e+01
      vertex   -3.568703e+01 -2.685962e+01 -1.440000e+01
    endloop
  endfacet
  facet normal -0.000000e+00 0.000000e+00 -1.000000e+00
    outer loop
      vertex   3.568703e+01 -2.685962e+01 -1.440000e+01
      vertex   -3.568703e+01 -2.685962e+01 -1.440000e+01
      vertex   -4.440000e+01 -1.610000e+01 -1.440000e+01
    endloop
  endfacet
  facet normal 0.000000e+00 0.000000e+00 -1.000000e+00
    outer loop
      vertex   -4.440000e+01 -1.610000e+01 -1.440000e+01
      vertex   -3.568703e+01 -2.685962e+01 -1.440000e+01
      vertex   -4.433974e+01 -1.724981e+01 -1.440000e+01
    endloop
  endfacet
  facet normal 0.000000e+00 0.000000e+00 -1.000000e+00
    outer loop
      vertex   -4.433974e+01 -1.724981e+01 -1.440000e+01
      vertex   -3.568703e+01 -2.685962e+01 -1.440000e+01
      vertex   -4.415962e+01 -1.838703e+01 -1.440000e+01
    endloop
  endfacet
  facet normal 0.000000e+00 0.000000e+00 -1.000000e+00
    outer loop
      vertex   -4.415962e+01 -1.838703e+01 -1.440000e+01
      vertex   -3.568703e+01 -2.685962e+01 -1.440000e+01
      vertex   -4.386162e+01 -1.949919e+01 -1.440000e+01
    endloop
  endfacet
  facet normal 0.000000e+00 0.000000e+00 -1.000000e+00
    outer loop
      vertex   -4.386162e+01 -1.949919e+01 -1.440000e+01
      vertex   -3.568703e+01 -2.685962e+01 -1.440000e+01
      vertex   -4.344900e+01 -2.057410e+01 -1.440000e+01
    endloop
  endfacet
  facet normal 0.000000e+00 0.000000e+00 -1.000000e+00
    outer loop
      vertex   -4.344900e+01 -2.057410e+01 -1.440000e+01
      vertex   -3.568703e+01 -2.685962e+01 -1.440000e+01
      vertex   -4.292628e+01 -2.160000e+01 -1.440000e+01
    endloop
  endfacet
  facet normal 0.000000e+00 0.000000e+00 -1.000000e+00
    outer loop
      vertex   -4.292628e+01 -2.160000e+01 -1.440000e+01
      vertex   -3.568703e+01 -2.685962e+01 -1.440000e+01
      vertex   -4.229919e+01 -2.256564e+01 -1.440000e+01
    endloop
  endfacet
  facet normal 0.000000e+00 0.000000e+00 -1.000000e+00
    outer loop
      vertex   -4.229919e+01 -2.256564e+01 -1.440000e+01
      vertex   -3.568703e+01 -2.685962e+01 -1.440000e+01
      vertex   -4.157459e+01 -2.346044e+01 -1.440000e+01
    endloop
  endfacet
  facet normal 0.000000e+00 0.000000e+00 -1.000000e+00
    outer loop
      vertex   -4.157459e+01 -2.346044e+01 -1.440000e+01
      vertex   -3.568703e+01 -2.685962e+01 -1.440000e+01
      vertex   -4.076044e+01 -2.427459e+01 -1.440000e+01
    endloop
  endfacet
  facet normal 0.000000e+00 0.000000e+00 -1.000000e+00
    outer loop
      vertex   -4.076044e+01 -2.427459e+01 -1.440000e+01
      vertex   -3.568703e+01 -2.685962e+01 -1.440000e+01
      vertex   -3.986564e+01 -2.499919e+01 -1.440000e+01
    endloop
  endfacet
  facet normal 0.000000e+00 0.000000e+00 -1.000000e+00
    outer loop
      vertex   -3.986564e+01 -2.499919e+01 -1.440000e+01
      vertex   -3.568703e+01 -2.685962e+01 -1.440000e+01
      vertex   -3.890000e+01 -2.562628e+01 -1.440000e+01
    endloop
  endfacet
  facet normal 0.000000e+00 0.000000e+00 -1.000000e+00
    outer loop
      vertex   -3.890000e+01 -2.562628e+01 -1.440000e+01
      vertex   -3.568703e+01 -2.685962e+01 -1.440000e+01
      vertex   -3.787410e+01 -2.614900e+01 -1.440000e+01
    endloop
  endfacet
  facet normal 0.000000e+00 0.000000e+00 -1.000000e+00
    outer loop
      vertex   -3.787410e+01 -2.614900e+01 -1.440000e+01
      vertex   -3.568703e+01 -2.685962e+01 -1.440000e+01
      vertex   -3.679919e+01 -2.656162e+01 -1.440000e+01
    endloop
  endfacet
  facet normal 0.000000e+00 0.000000e+00 -1.000000e+00
    outer loop
      vertex   -4.440000e+01 1.610000e+01 -1.440000e+01
      vertex   4.440000e+01 1.610000e+01 -1.440000e+01
      vertex   -4.440000e+01 -1.610000e+01 -1.440000e+01
    endloop
  endfacet
  facet normal 0.000000e+00 0.000000e+00 -1.000000e+00
    outer loop
      vertex   -4.440000e+01 -1.610000e+01 -1.440000e+01
      vertex   4.440000e+01 1.610000e+01 -1.440000e+01
      vertex   4.440000e+01 -1.610000e+01 -1.440000e+01
    endloop
  endfacet
  facet normal 0.000000e+00 0.000000e+00 -1.000000e+00
    outer loop
      vertex   -4.440000e+01 -1.610000e+01 -1.440000e+01
      vertex   4.440000e+01 -1.610000e+01 -1.440000e+01
      vertex   3.568703e+01 -2.685962e+01 -1.440000e+01
    endloop
  endfacet
  facet normal 0.000000e+00 0.000000e+00 -1.000000e+00
    outer loop
      vertex   3.568703e+01 -2.685962e+01 -1.440000e+01
      vertex   4.440000e+01 -1.610000e+01 -1.440000e+01
      vertex   4.433974e+01 -1.724981e+01 -1.440000e+01
    endloop
  endfacet
  facet normal 0.000000e+00 0.000000e+00 -1.000000e+00
    outer loop
      vertex   3.568703e+01 -2.685962e+01 -1.440000e+01
      vertex   4.433974e+01 -1.724981e+01 -1.440000e+01
      vertex   3.679919e+01 -2.656162e+01 -1.440000e+01
    endloop
  endfacet
  facet normal 0.000000e+00 0.000000e+00 -1.000000e+00
    outer loop
      vertex   3.679919e+01 -2.656162e+01 -1.440000e+01
      vertex   4.433974e+01 -1.724981e+01 -1.440000e+01
      vertex   4.415962e+01 -1.838703e+01 -1.440000e+01
    endloop
  endfacet
  facet normal 0.000000e+00 0.000000e+00 -1.000000e+00
    outer loop
      vertex   3.679919e+01 -2.656162e+01 -1.440000e+01
      vertex   4.415962e+01 -1.838703e+01 -1.440000e+01
      vertex   4.386162e+01 -1.949919e+01 -1.440000e+01
    endloop
  endfacet
  facet normal 0.000000e+00 -0.000000e+00 -1.000000e+00
    outer loop
      vertex   -4.433974e+01 1.724981e+01 -1.440000e+01
      vertex   -3.340000e+01 2.710000e+01 -1.440000e+01
      vertex   -4.440000e+01 1.610000e+01 -1.440000e+01
    endloop
  endfacet
  facet normal 0.000000e+00 0.000000e+00 -1.000000e+00
    outer loop
      vertex   -4.440000e+01 1.610000e+01 -1.440000e+01
      vertex   -3.340000e+01 2.710000e+01 -1.440000e+01
      vertex   3.340000e+01 2.710000e+01 -1.440000e+01
    endloop
  endfacet
  facet normal 0.000000e+00 0.000000e+00 -1.000000e+00
    outer loop
      vertex   -4.440000e+01 1.610000e+01 -1.440000e+01
      vertex   3.340000e+01 2.710000e+01 -1.440000e+01
      vertex   4.440000e+01 1.610000e+01 -1.440000e+01
    endloop
  endfacet
  facet normal 0.000000e+00 0.000000e+00 -1.000000e+00
    outer loop
      vertex   4.440000e+01 1.610000e+01 -1.440000e+01
      vertex   3.340000e+01 2.710000e+01 -1.440000e+01
      vertex   4.433974e+01 1.724981e+01 -1.440000e+01
    endloop
  endfacet
  facet normal 0.000000e+00 0.000000e+00 -1.000000e+00
    outer loop
      vertex   4.433974e+01 1.724981e+01 -1.440000e+01
      vertex   3.340000e+01 2.710000e+01 -1.440000e+01
      vertex   4.415962e+01 1.838703e+01 -1.440000e+01
    endloop
  endfacet
  facet normal 0.000000e+00 0.000000e+00 -1.000000e+00
    outer loop
      vertex   4.415962e+01 1.838703e+01 -1.440000e+01
      vertex   3.340000e+01 2.710000e+01 -1.440000e+01
      vertex   4.386162e+01 1.949919e+01 -1.440000e+01
    endloop
  endfacet
  facet normal 0.000000e+00 0.000000e+00 -1.000000e+00
    outer loop
      vertex   4.386162e+01 1.949919e+01 -1.440000e+01
      vertex   3.340000e+01 2.710000e+01 -1.440000e+01
      vertex   4.344900e+01 2.057410e+01 -1.440000e+01
    endloop
  endfacet
  facet normal 0.000000e+00 0.000000e+00 -1.000000e+00
    outer loop
      vertex   4.344900e+01 2.057410e+01 -1.440000e+01
      vertex   3.340000e+01 2.710000e+01 -1.440000e+01
      vertex   4.292628e+01 2.160000e+01 -1.440000e+01
    endloop
  endfacet
  facet normal 0.000000e+00 0.000000e+00 -1.000000e+00
    outer loop
      vertex   4.292628e+01 2.160000e+01 -1.440000e+01
      vertex   3.340000e+01 2.710000e+01 -1.440000e+01
      vertex   4.229919e+01 2.256564e+01 -1.440000e+01
    endloop
  endfacet
  facet normal 0.000000e+00 0.000000e+00 -1.000000e+00
    outer loop
      vertex   4.229919e+01 2.256564e+01 -1.440000e+01
      vertex   3.340000e+01 2.710000e+01 -1.440000e+01
      vertex   4.157459e+01 2.346044e+01 -1.440000e+01
    endloop
  endfacet
  facet normal 0.000000e+00 0.000000e+00 -1.000000e+00
    outer loop
      vertex   4.157459e+01 2.346044e+01 -1.440000e+01
      vertex   3.340000e+01 2.710000e+01 -1.440000e+01
      vertex   4.076044e+01 2.427459e+01 -1.440000e+01
    endloop
  endfacet
  facet normal 0.000000e+00 0.000000e+00 -1.000000e+00
    outer loop
      vertex   4.076044e+01 2.427459e+01 -1.440000e+01
      vertex   3.340000e+01 2.710000e+01 -1.440000e+01
      vertex   3.986564e+01 2.499919e+01 -1.440000e+01
    endloop
  endfacet
  facet normal 0.000000e+00 0.000000e+00 -1.000000e+00
    outer loop
      vertex   3.986564e+01 2.499919e+01 -1.440000e+01
      vertex   3.340000e+01 2.710000e+01 -1.440000e+01
      vertex   3.890000e+01 2.562628e+01 -1.440000e+01
    endloop
  endfacet
  facet normal 0.000000e+00 0.000000e+00 -1.000000e+00
    outer loop
      vertex   3.890000e+01 2.562628e+01 -1.440000e+01
      vertex   3.340000e+01 2.710000e+01 -1.440000e+01
      vertex   3.787410e+01 2.614900e+01 -1.440000e+01
    endloop
  endfacet
  facet normal 0.000000e+00 0.000000e+00 -1.000000e+00
    outer loop
      vertex   3.787410e+01 2.614900e+01 -1.440000e+01
      vertex   3.340000e+01 2.710000e+01 -1.440000e+01
      vertex   3.679919e+01 2.656162e+01 -1.440000e+01
    endloop
  endfacet
  facet normal 0.000000e+00 0.000000e+00 -1.000000e+00
    outer loop
      vertex   3.679919e+01 2.656162e+01 -1.440000e+01
      vertex   3.340000e+01 2.710000e+01 -1.440000e+01
      vertex   3.568703e+01 2.685962e+01 -1.440000e+01
    endloop
  endfacet
  facet normal 0.000000e+00 0.000000e+00 -1.000000e+00
    outer loop
      vertex   3.568703e+01 2.685962e+01 -1.440000e+01
      vertex   3.340000e+01 2.710000e+01 -1.440000e+01
      vertex   3.454981e+01 2.703974e+01 -1.440000e+01
    endloop
  endfacet
  facet normal 0.000000e+00 0.000000e+00 -1.000000e+00
    outer loop
      vertex   -4.433974e+01 1.724981e+01 -1.440000e+01
      vertex   -4.415962e+01 1.838703e+01 -1.440000e+01
      vertex   -3.340000e+01 2.710000e+01 -1.440000e+01
    endloop
  endfacet
  facet normal 0.000000e+00 0.000000e+00 -1.000000e+00
    outer loop
      vertex   -3.340000e+01 2.710000e+01 -1.440000e+01
      vertex   -4.415962e+01 1.838703e+01 -1.440000e+01
      vertex   -4.386162e+01 1.949919e+01 -1.440000e+01
    endloop
  endfacet
  facet normal 0.000000e+00 0.000000e+00 -1.000000e+00
    outer loop
      vertex   -3.340000e+01 2.710000e+01 -1.440000e+01
      vertex   -4.386162e+01 1.949919e+01 -1.440000e+01
      vertex   -4.344900e+01 2.057410e+01 -1.440000e+01
    endloop
  endfacet
  facet normal 0.000000e+00 0.000000e+00 -1.000000e+00
    outer loop
      vertex   -4.344900e+01 2.057410e+01 -1.440000e+01
      vertex   -4.292628e+01 2.160000e+01 -1.440000e+01
      vertex   -3.340000e+01 2.710000e+01 -1.440000e+01
    endloop
  endfacet
  facet normal 0.000000e+00 0.000000e+00 -1.000000e+00
    outer loop
      vertex   -3.340000e+01 2.710000e+01 -1.440000e+01
      vertex   -4.292628e+01 2.160000e+01 -1.440000e+01
      vertex   -4.229919e+01 2.256564e+01 -1.440000e+01
    endloop
  endfacet
  facet normal 0.000000e+00 0.000000e+00 -1.000000e+00
    outer loop
      vertex   -3.340000e+01 2.710000e+01 -1.440000e+01
      vertex   -4.229919e+01 2.256564e+01 -1.440000e+01
      vertex   -4.157459e+01 2.346044e+01 -1.440000e+01
    endloop
  endfacet
  facet normal 0.000000e+00 0.000000e+00 -1.000000e+00
    outer loop
      vertex   -4.157459e+01 2.346044e+01 -1.440000e+01
      vertex   -4.076044e+01 2.427459e+01 -1.440000e+01
      vertex   -3.340000e+01 2.710000e+01 -1.440000e+01
    endloop
  endfacet
  facet normal 0.000000e+00 0.000000e+00 -1.000000e+00
    outer loop
      vertex   -3.340000e+01 2.710000e+01 -1.440000e+01
      vertex   -4.076044e+01 2.427459e+01 -1.440000e+01
      vertex   -3.986564e+01 2.499919e+01 -1.440000e+01
    endloop
  endfacet
  facet normal 0.000000e+00 0.000000e+00 -1.000000e+00
    outer loop
      vertex   -3.340000e+01 2.710000e+01 -1.440000e+01
      vertex   -3.986564e+01 2.499919e+01 -1.440000e+01
      vertex   -3.890000e+01 2.562628e+01 -1.440000e+01
    endloop
  endfacet
  facet normal 0.000000e+00 0.000000e+00 -1.000000e+00
    outer loop
      vertex   -3.890000e+01 2.562628e+01 -1.440000e+01
      vertex   -3.787410e+01 2.614900e+01 -1.440000e+01
      vertex   -3.340000e+01 2.710000e+01 -1.440000e+01
    endloop
  endfacet
  facet normal 0.000000e+00 0.000000e+00 -1.000000e+00
    outer loop
      vertex   -3.340000e+01 2.710000e+01 -1.440000e+01
      vertex   -3.787410e+01 2.614900e+01 -1.440000e+01
      vertex   -3.679919e+01 2.656162e+01 -1.440000e+01
    endloop
  endfacet
  facet normal 0.000000e+00 0.000000e+00 -1.000000e+00
    outer loop
      vertex   -3.340000e+01 2.710000e+01 -1.440000e+01
      vertex   -3.679919e+01 2.656162e+01 -1.440000e+01
      vertex   -3.568703e+01 2.685962e+01 -1.440000e+01
    endloop
  endfacet
  facet normal 0.000000e+00 0.000000e+00 -1.000000e+00
    outer loop
      vertex   -3.568703e+01 2.685962e+01 -1.440000e+01
      vertex   -3.454981e+01 2.703974e+01 -1.440000e+01
      vertex   -3.340000e+01 2.710000e+01 -1.440000e+01
    endloop
  endfacet
  facet normal 0.000000e+00 0.000000e+00 -1.000000e+00
    outer loop
      vertex   4.386162e+01 -1.949919e+01 -1.440000e+01
      vertex   4.344900e+01 -2.057410e+01 -1.440000e+01
      vertex   3.679919e+01 -2.656162e+01 -1.440000e+01
    endloop
  endfacet
  facet normal 0.000000e+00 0.000000e+00 -1.000000e+00
    outer loop
      vertex   3.679919e+01 -2.656162e+01 -1.440000e+01
      vertex   4.344900e+01 -2.057410e+01 -1.440000e+01
      vertex   4.292628e+01 -2.160000e+01 -1.440000e+01
    endloop
  endfacet
  facet normal 0.000000e+00 0.000000e+00 -1.000000e+00
    outer loop
      vertex   3.679919e+01 -2.656162e+01 -1.440000e+01
      vertex   4.292628e+01 -2.160000e+01 -1.440000e+01
      vertex   4.229919e+01 -2.256564e+01 -1.440000e+01
    endloop
  endfacet
  facet normal 0.000000e+00 0.000000e+00 -1.000000e+00
    outer loop
      vertex   4.229919e+01 -2.256564e+01 -1.440000e+01
      vertex   4.157459e+01 -2.346044e+01 -1.440000e+01
      vertex   3.679919e+01 -2.656162e+01 -1.440000e+01
    endloop
  endfacet
  facet normal 0.000000e+00 0.000000e+00 -1.000000e+00
    outer loop
      vertex   3.679919e+01 -2.656162e+01 -1.440000e+01
      vertex   4.157459e+01 -2.346044e+01 -1.440000e+01
      vertex   4.076044e+01 -2.427459e+01 -1.440000e+01
    endloop
  endfacet
  facet normal 0.000000e+00 0.000000e+00 -1.000000e+00
    outer loop
      vertex   3.679919e+01 -2.656162e+01 -1.440000e+01
      vertex   4.076044e+01 -2.427459e+01 -1.440000e+01
      vertex   3.986564e+01 -2.499919e+01 -1.440000e+01
    endloop
  endfacet
  facet normal 0.000000e+00 0.000000e+00 -1.000000e+00
    outer loop
      vertex   3.986564e+01 -2.499919e+01 -1.440000e+01
      vertex   3.890000e+01 -2.562628e+01 -1.440000e+01
      vertex   3.679919e+01 -2.656162e+01 -1.440000e+01
    endloop
  endfacet
  facet normal 0.000000e+00 0.000000e+00 -1.000000e+00
    outer loop
      vertex   3.679919e+01 -2.656162e+01 -1.440000e+01
      vertex   3.890000e+01 -2.562628e+01 -1.440000e+01
      vertex   3.787410e+01 -2.614900e+01 -1.440000e+01
    endloop
  endfacet
endsolid
